asset_id,display_name_pt,display_name_en,asset_class,category,subcategory,faction_or_system,gameplay_role,production_phase,priority,tier,rarity_strategy,profession,biome,meshy_eligible,meshy_method,source_art_required,modularity,rig_type,animation_set,lod_required,lod0_tri_min,lod0_tri_max,lod1_ratio,lod2_ratio,texture_resolution,texture_maps,material_slots_max,scale_m,pivot,collider,export_format,unity_import_path,prefab_path,reuse_group,dependencies,expected_variants,status,approval_criteria,notes,source_reference,design_brief,grid_standard,snap_rule,biome_material_kit,approved_palette,required_sockets,unity_effects,concept_prompt_path,meshy_prompt_path,texture_prompt_path,approval_gate
env_goblin_mine_camp_gate_001,Portão do Acampamento,Camp Gate,3D Model,Environment,large prop,Goblin Mine,Modular environment kit,Vertical Slice,P0,N/A,None,None,Goblin Mine,Yes,Image to 3D,Yes,Modular kit piece,None,None,Yes,2500,6000,0.5,0.2,1024x1024,BaseColor; Normal; Metallic; Roughness; AO; Emission optional,2,5.0,Base center; grid-aligned where modular,Simple mesh/box collider,FBX,Assets/_Game/Art/Environments/goblin_mine/Models,Assets/_Game/Prefabs/Environments/goblin_mine/PF_camp_gate.prefab,goblin_mine_large prop,Goblin Mine modular grid; material library,1,Planned,Grid alignment; readable silhouette; no hidden internal geometry; collision-safe; battle center remains clear,,ART_REF_001 + Visual Bible v1.0,"improvised goblin camp gate made from uneven timber posts, scavenged iron plates, rope lashings and one broad readable opening",4m grid,Exact boundary dimensions; origin at base center; no protrusion across snap plane,mat_goblin_wood; mat_goblin_earth; mat_goblin_stone; mat_goblin_scrap_iron; mat_goblin_rope_hide,#5B3B27 #536A3B #58636A #7A4C2D #D47A2A,SNAP_GRID_BASE; SNAP_N; SNAP_E; SNAP_S; SNAP_W; CAMERA_FOCUS; INTERACT_PRIMARY,"Torch flame, ember, smoke and subtle moss variation are Unity VFX/material work; do not bake them into geometry.",Prompts/ConceptArt/env_goblin_mine_camp_gate_001_concept_sheet.txt,Prompts/Meshy/env_goblin_mine_camp_gate_001_geometry.txt,Prompts/Texture/env_goblin_mine_camp_gate_001_texture.txt,Silhouette readable; correct scale; grid/pivot compliance; material separation; no baked VFX; LOD budget met; mobile camera test passed
env_goblin_mine_goblin_barrel_001,Barril Goblin,Goblin Barrel,3D Model,Environment,prop,Goblin Mine,Modular environment kit,Vertical Slice,P0,N/A,None,None,Goblin Mine,Yes,Text to 3D,Optional,Modular kit piece,None,None,Yes,400,900,0.5,0.2,1024x1024,BaseColor; Normal; Metallic; Roughness; AO; Emission optional,2,1.0,Base center; grid-aligned where modular,Simple mesh/box collider,FBX,Assets/_Game/Art/Environments/goblin_mine/Models,Assets/_Game/Prefabs/Environments/goblin_mine/PF_goblin_barrel.prefab,goblin_mine_prop,Goblin Mine modular grid; material library,1,Planned,Grid alignment; readable silhouette; no hidden internal geometry; collision-safe; battle center remains clear,,ART_REF_001 + Visual Bible v1.0,"squat reinforced goblin barrel with uneven staves, thick iron bands and a chunky asymmetrical lid",free placement on 0.25m increments,Base centered; stable footprint; no accidental overhang below ground,mat_goblin_wood; mat_goblin_earth; mat_goblin_stone; mat_goblin_scrap_iron; mat_goblin_rope_hide,#5B3B27 #536A3B #58636A #7A4C2D #D47A2A,CAMERA_FOCUS optional,"Torch flame, ember, smoke and subtle moss variation are Unity VFX/material work; do not bake them into geometry.",Prompts/ConceptArt/env_goblin_mine_goblin_barrel_001_concept_sheet.txt,Prompts/Meshy/env_goblin_mine_goblin_barrel_001_geometry.txt,Prompts/Texture/env_goblin_mine_goblin_barrel_001_texture.txt,Silhouette readable; correct scale; grid/pivot compliance; material separation; no baked VFX; LOD budget met; mobile camera test passed
env_goblin_mine_goblin_crate_001,Caixote Goblin,Goblin Crate,3D Model,Environment,prop,Goblin Mine,Modular environment kit,Vertical Slice,P0,N/A,None,None,Goblin Mine,Yes,Text to 3D,Optional,Modular kit piece,None,None,Yes,350,800,0.5,0.2,1024x1024,BaseColor; Normal; Metallic; Roughness; AO; Emission optional,2,1.0,Base center; grid-aligned where modular,Simple mesh/box collider,FBX,Assets/_Game/Art/Environments/goblin_mine/Models,Assets/_Game/Prefabs/Environments/goblin_mine/PF_goblin_crate.prefab,goblin_mine_prop,Goblin Mine modular grid; material library,1,Planned,Grid alignment; readable silhouette; no hidden internal geometry; collision-safe; battle center remains clear,,ART_REF_001 + Visual Bible v1.0,"rough goblin storage crate with oversized corner braces, rope handles and a simple stackable box silhouette",free placement on 0.25m increments,Base centered; stable footprint; no accidental overhang below ground,mat_goblin_wood; mat_goblin_earth; mat_goblin_stone; mat_goblin_scrap_iron; mat_goblin_rope_hide,#5B3B27 #536A3B #58636A #7A4C2D #D47A2A,CAMERA_FOCUS optional,"Torch flame, ember, smoke and subtle moss variation are Unity VFX/material work; do not bake them into geometry.",Prompts/ConceptArt/env_goblin_mine_goblin_crate_001_concept_sheet.txt,Prompts/Meshy/env_goblin_mine_goblin_crate_001_geometry.txt,Prompts/Texture/env_goblin_mine_goblin_crate_001_texture.txt,Silhouette readable; correct scale; grid/pivot compliance; material separation; no baked VFX; LOD budget met; mobile camera test passed
env_goblin_mine_goblin_king_throne_001,Trono do Rei Goblin,Goblin King Throne,3D Model,Environment,hero prop,Goblin Mine,Modular environment kit,Vertical Slice,P0,N/A,None,None,Goblin Mine,Yes,Image to 3D,Yes,Modular kit piece,None,None,Yes,2500,6000,0.5,0.2,1024x1024,BaseColor; Normal; Metallic; Roughness; AO; Emission optional,2,3.0,Base center; grid-aligned where modular,Simple mesh/box collider,FBX,Assets/_Game/Art/Environments/goblin_mine/Models,Assets/_Game/Prefabs/Environments/goblin_mine/PF_goblin_king_throne.prefab,goblin_mine_hero prop,Goblin Mine modular grid; material library,1,Planned,Grid alignment; readable silhouette; no hidden internal geometry; collision-safe; battle center remains clear,,ART_REF_001 + Visual Bible v1.0,"oversized goblin royal throne assembled from stolen shields, rough timber, scrap metal and a raised relic socket behind the seat",free placement on 0.25m increments,Base centered; stable footprint; no accidental overhang below ground,mat_goblin_wood; mat_goblin_earth; mat_goblin_stone; mat_goblin_scrap_iron; mat_goblin_rope_hide,#5B3B27 #536A3B #58636A #7A4C2D #D47A2A,CAMERA_FOCUS; INTERACT_PRIMARY,"Torch flame, ember, smoke and subtle moss variation are Unity VFX/material work; do not bake them into geometry.",Prompts/ConceptArt/env_goblin_mine_goblin_king_throne_001_concept_sheet.txt,Prompts/Meshy/env_goblin_mine_goblin_king_throne_001_geometry.txt,Prompts/Texture/env_goblin_mine_goblin_king_throne_001_texture.txt,Silhouette readable; correct scale; grid/pivot compliance; material separation; no baked VFX; LOD budget met; mobile camera test passed
env_goblin_mine_goblin_tent_001,Tenda Goblin,Goblin Tent,3D Model,Environment,large prop,Goblin Mine,Modular environment kit,Vertical Slice,P0,N/A,None,None,Goblin Mine,Yes,Image to 3D,Yes,Modular kit piece,None,None,Yes,1500,4000,0.5,0.2,1024x1024,BaseColor; Normal; Metallic; Roughness; AO; Emission optional,2,3.5,Base center; grid-aligned where modular,Simple mesh/box collider,FBX,Assets/_Game/Art/Environments/goblin_mine/Models,Assets/_Game/Prefabs/Environments/goblin_mine/PF_goblin_tent.prefab,goblin_mine_large prop,Goblin Mine modular grid; material library,1,Planned,Grid alignment; readable silhouette; no hidden internal geometry; collision-safe; battle center remains clear,,ART_REF_001 + Visual Bible v1.0,"low asymmetrical goblin command tent with patched hide canopy, bent poles, weighted ropes and a broad entrance flap",free placement on 0.25m increments,Base centered; stable footprint; no accidental overhang below ground,mat_goblin_wood; mat_goblin_earth; mat_goblin_stone; mat_goblin_scrap_iron; mat_goblin_rope_hide,#5B3B27 #536A3B #58636A #7A4C2D #D47A2A,CAMERA_FOCUS,"Torch flame, ember, smoke and subtle moss variation are Unity VFX/material work; do not bake them into geometry.",Prompts/ConceptArt/env_goblin_mine_goblin_tent_001_concept_sheet.txt,Prompts/Meshy/env_goblin_mine_goblin_tent_001_geometry.txt,Prompts/Texture/env_goblin_mine_goblin_tent_001_texture.txt,Silhouette readable; correct scale; grid/pivot compliance; material separation; no baked VFX; LOD budget met; mobile camera test passed
env_goblin_mine_ground_dirt_tile_001,Piso de Terra,Dirt Ground Tile,3D Model,Environment,tile,Goblin Mine,Modular environment kit,Vertical Slice,P0,N/A,None,None,Goblin Mine,Yes,Text to 3D,Optional,Modular kit piece,None,None,Yes,500,1200,0.5,0.2,1024x1024,BaseColor; Normal; Metallic; Roughness; AO; Emission optional,2,4.0,Base center; grid-aligned where modular,Simple mesh/box collider,FBX,Assets/_Game/Art/Environments/goblin_mine/Models,Assets/_Game/Prefabs/Environments/goblin_mine/PF_ground_dirt_tile.prefab,goblin_mine_tile,Goblin Mine modular grid; material library,1,Planned,Grid alignment; readable silhouette; no hidden internal geometry; collision-safe; battle center remains clear,,ART_REF_001 + Visual Bible v1.0,"seamless-looking 4 by 4 meter packed dirt gameplay tile with shallow ruts, compact stones and restrained surface relief",4m grid,Exact boundary dimensions; origin at base center; no protrusion across snap plane,mat_goblin_wood; mat_goblin_earth; mat_goblin_stone; mat_goblin_scrap_iron; mat_goblin_rope_hide,#5B3B27 #536A3B #58636A #7A4C2D #D47A2A,SNAP_GRID_BASE; SNAP_N; SNAP_E; SNAP_S; SNAP_W,"Torch flame, ember, smoke and subtle moss variation are Unity VFX/material work; do not bake them into geometry.",Prompts/ConceptArt/env_goblin_mine_ground_dirt_tile_001_concept_sheet.txt,Prompts/Meshy/env_goblin_mine_ground_dirt_tile_001_geometry.txt,Prompts/Texture/env_goblin_mine_ground_dirt_tile_001_texture.txt,Silhouette readable; correct scale; grid/pivot compliance; material separation; no baked VFX; LOD budget met; mobile camera test passed
env_goblin_mine_ground_stone_tile_001,Piso de Pedra,Stone Ground Tile,3D Model,Environment,tile,Goblin Mine,Modular environment kit,Vertical Slice,P0,N/A,None,None,Goblin Mine,Yes,Text to 3D,Optional,Modular kit piece,None,None,Yes,600,1500,0.5,0.2,1024x1024,BaseColor; Normal; Metallic; Roughness; AO; Emission optional,2,4.0,Base center; grid-aligned where modular,Simple mesh/box collider,FBX,Assets/_Game/Art/Environments/goblin_mine/Models,Assets/_Game/Prefabs/Environments/goblin_mine/PF_ground_stone_tile.prefab,goblin_mine_tile,Goblin Mine modular grid; material library,1,Planned,Grid alignment; readable silhouette; no hidden internal geometry; collision-safe; battle center remains clear,,ART_REF_001 + Visual Bible v1.0,"4 by 4 meter rough mine stone floor tile with broad slabs, chipped edges and shallow dirt-filled seams",4m grid,Exact boundary dimensions; origin at base center; no protrusion across snap plane,mat_goblin_wood; mat_goblin_earth; mat_goblin_stone; mat_goblin_scrap_iron; mat_goblin_rope_hide,#5B3B27 #536A3B #58636A #7A4C2D #D47A2A,SNAP_GRID_BASE; SNAP_N; SNAP_E; SNAP_S; SNAP_W,"Torch flame, ember, smoke and subtle moss variation are Unity VFX/material work; do not bake them into geometry.",Prompts/ConceptArt/env_goblin_mine_ground_stone_tile_001_concept_sheet.txt,Prompts/Meshy/env_goblin_mine_ground_stone_tile_001_geometry.txt,Prompts/Texture/env_goblin_mine_ground_stone_tile_001_texture.txt,Silhouette readable; correct scale; grid/pivot compliance; material separation; no baked VFX; LOD budget met; mobile camera test passed
env_goblin_mine_mine_arch_001,Arco de Mina,Mine Arch,3D Model,Environment,structure,Goblin Mine,Modular environment kit,Vertical Slice,P0,N/A,None,None,Goblin Mine,Yes,Image to 3D,Yes,Modular kit piece,None,None,Yes,1000,2800,0.5,0.2,1024x1024,BaseColor; Normal; Metallic; Roughness; AO; Emission optional,2,3.0,Base center; grid-aligned where modular,Simple mesh/box collider,FBX,Assets/_Game/Art/Environments/goblin_mine/Models,Assets/_Game/Prefabs/Environments/goblin_mine/PF_mine_arch.prefab,goblin_mine_structure,Goblin Mine modular grid; material library,1,Planned,Grid alignment; readable silhouette; no hidden internal geometry; collision-safe; battle center remains clear,,ART_REF_001 + Visual Bible v1.0,"chunky timber-and-stone mine entrance arch with thick supports, crossbeam and simple reinforcement plates",4m grid,Exact boundary dimensions; origin at base center; no protrusion across snap plane,mat_goblin_wood; mat_goblin_earth; mat_goblin_stone; mat_goblin_scrap_iron; mat_goblin_rope_hide,#5B3B27 #536A3B #58636A #7A4C2D #D47A2A,SNAP_GRID_BASE; SNAP_N; SNAP_E; SNAP_S; SNAP_W,"Torch flame, ember, smoke and subtle moss variation are Unity VFX/material work; do not bake them into geometry.",Prompts/ConceptArt/env_goblin_mine_mine_arch_001_concept_sheet.txt,Prompts/Meshy/env_goblin_mine_mine_arch_001_geometry.txt,Prompts/Texture/env_goblin_mine_mine_arch_001_texture.txt,Silhouette readable; correct scale; grid/pivot compliance; material separation; no baked VFX; LOD budget met; mobile camera test passed
env_goblin_mine_mine_cart_001,Carrinho de Minério,Mine Cart,3D Model,Environment,prop,Goblin Mine,Modular environment kit,Vertical Slice,P0,N/A,None,None,Goblin Mine,Yes,Text to 3D,Optional,Modular kit piece,None,None,Yes,1000,2500,0.5,0.2,1024x1024,BaseColor; Normal; Metallic; Roughness; AO; Emission optional,2,1.8,Base center; grid-aligned where modular,Simple mesh/box collider,FBX,Assets/_Game/Art/Environments/goblin_mine/Models,Assets/_Game/Prefabs/Environments/goblin_mine/PF_mine_cart.prefab,goblin_mine_prop,Goblin Mine modular grid; material library,1,Planned,Grid alignment; readable silhouette; no hidden internal geometry; collision-safe; battle center remains clear,,ART_REF_001 + Visual Bible v1.0,"small heavy mine cart with thick wheels, raw iron body and readable ore-carrying cavity",free placement on 0.25m increments,Base centered; stable footprint; no accidental overhang below ground,mat_goblin_wood; mat_goblin_earth; mat_goblin_stone; mat_goblin_scrap_iron; mat_goblin_rope_hide,#5B3B27 #536A3B #58636A #7A4C2D #D47A2A,INTERACT_PRIMARY,"Torch flame, ember, smoke and subtle moss variation are Unity VFX/material work; do not bake them into geometry.",Prompts/ConceptArt/env_goblin_mine_mine_cart_001_concept_sheet.txt,Prompts/Meshy/env_goblin_mine_mine_cart_001_geometry.txt,Prompts/Texture/env_goblin_mine_mine_cart_001_texture.txt,Silhouette readable; correct scale; grid/pivot compliance; material separation; no baked VFX; LOD budget met; mobile camera test passed
env_goblin_mine_mine_track_curve_001,Trilho Curvo,Curved Mine Track,3D Model,Environment,modular prop,Goblin Mine,Modular environment kit,Vertical Slice,P0,N/A,None,None,Goblin Mine,Yes,Text to 3D,Optional,Modular kit piece,None,None,Yes,500,1200,0.5,0.2,1024x1024,BaseColor; Normal; Metallic; Roughness; AO; Emission optional,2,4.0,Base center; grid-aligned where modular,Simple mesh/box collider,FBX,Assets/_Game/Art/Environments/goblin_mine/Models,Assets/_Game/Prefabs/Environments/goblin_mine/PF_mine_track_curve.prefab,goblin_mine_modular prop,Goblin Mine modular grid; material library,1,Planned,Grid alignment; readable silhouette; no hidden internal geometry; collision-safe; battle center remains clear,,ART_REF_001 + Visual Bible v1.0,"90-degree curved modular mine track on rough timber sleepers, exactly fitting a 4 meter grid",4m grid,Exact boundary dimensions; origin at base center; no protrusion across snap plane,mat_goblin_wood; mat_goblin_earth; mat_goblin_stone; mat_goblin_scrap_iron; mat_goblin_rope_hide,#5B3B27 #536A3B #58636A #7A4C2D #D47A2A,SNAP_GRID_BASE; SNAP_N; SNAP_E; SNAP_S; SNAP_W,"Torch flame, ember, smoke and subtle moss variation are Unity VFX/material work; do not bake them into geometry.",Prompts/ConceptArt/env_goblin_mine_mine_track_curve_001_concept_sheet.txt,Prompts/Meshy/env_goblin_mine_mine_track_curve_001_geometry.txt,Prompts/Texture/env_goblin_mine_mine_track_curve_001_texture.txt,Silhouette readable; correct scale; grid/pivot compliance; material separation; no baked VFX; LOD budget met; mobile camera test passed
env_goblin_mine_mine_track_straight_001,Trilho Reto,Straight Mine Track,3D Model,Environment,modular prop,Goblin Mine,Modular environment kit,Vertical Slice,P0,N/A,None,None,Goblin Mine,Yes,Text to 3D,Optional,Modular kit piece,None,None,Yes,400,1000,0.5,0.2,1024x1024,BaseColor; Normal; Metallic; Roughness; AO; Emission optional,2,4.0,Base center; grid-aligned where modular,Simple mesh/box collider,FBX,Assets/_Game/Art/Environments/goblin_mine/Models,Assets/_Game/Prefabs/Environments/goblin_mine/PF_mine_track_straight.prefab,goblin_mine_modular prop,Goblin Mine modular grid; material library,1,Planned,Grid alignment; readable silhouette; no hidden internal geometry; collision-safe; battle center remains clear,,ART_REF_001 + Visual Bible v1.0,"straight modular mine track on rough timber sleepers, exactly 4 meters long and grid aligned",4m grid,Exact boundary dimensions; origin at base center; no protrusion across snap plane,mat_goblin_wood; mat_goblin_earth; mat_goblin_stone; mat_goblin_scrap_iron; mat_goblin_rope_hide,#5B3B27 #536A3B #58636A #7A4C2D #D47A2A,SNAP_GRID_BASE; SNAP_N; SNAP_E; SNAP_S; SNAP_W,"Torch flame, ember, smoke and subtle moss variation are Unity VFX/material work; do not bake them into geometry.",Prompts/ConceptArt/env_goblin_mine_mine_track_straight_001_concept_sheet.txt,Prompts/Meshy/env_goblin_mine_mine_track_straight_001_geometry.txt,Prompts/Texture/env_goblin_mine_mine_track_straight_001_texture.txt,Silhouette readable; correct scale; grid/pivot compliance; material separation; no baked VFX; LOD budget met; mobile camera test passed
env_goblin_mine_mine_wall_corner_001,Canto de Mina,Mine Wall Corner,3D Model,Environment,wall,Goblin Mine,Modular environment kit,Vertical Slice,P0,N/A,None,None,Goblin Mine,Yes,Image to 3D,Yes,Modular kit piece,None,None,Yes,1400,4000,0.5,0.2,1024x1024,BaseColor; Normal; Metallic; Roughness; AO; Emission optional,2,4.0,Base center; grid-aligned where modular,Simple mesh/box collider,FBX,Assets/_Game/Art/Environments/goblin_mine/Models,Assets/_Game/Prefabs/Environments/goblin_mine/PF_mine_wall_corner.prefab,goblin_mine_wall,Goblin Mine modular grid; material library,1,Planned,Grid alignment; readable silhouette; no hidden internal geometry; collision-safe; battle center remains clear,,ART_REF_001 + Visual Bible v1.0,90-degree modular excavated mine wall corner with embedded timber reinforcement and clean snap edges,4m grid,Exact boundary dimensions; origin at base center; no protrusion across snap plane,mat_goblin_wood; mat_goblin_earth; mat_goblin_stone; mat_goblin_scrap_iron; mat_goblin_rope_hide,#5B3B27 #536A3B #58636A #7A4C2D #D47A2A,SNAP_GRID_BASE; SNAP_N; SNAP_E; SNAP_S; SNAP_W,"Torch flame, ember, smoke and subtle moss variation are Unity VFX/material work; do not bake them into geometry.",Prompts/ConceptArt/env_goblin_mine_mine_wall_corner_001_concept_sheet.txt,Prompts/Meshy/env_goblin_mine_mine_wall_corner_001_geometry.txt,Prompts/Texture/env_goblin_mine_mine_wall_corner_001_texture.txt,Silhouette readable; correct scale; grid/pivot compliance; material separation; no baked VFX; LOD budget met; mobile camera test passed
env_goblin_mine_mine_wall_straight_001,Parede de Mina Reta,Straight Mine Wall,3D Model,Environment,wall,Goblin Mine,Modular environment kit,Vertical Slice,P0,N/A,None,None,Goblin Mine,Yes,Image to 3D,Yes,Modular kit piece,None,None,Yes,1200,3500,0.5,0.2,1024x1024,BaseColor; Normal; Metallic; Roughness; AO; Emission optional,2,4.0,Base center; grid-aligned where modular,Simple mesh/box collider,FBX,Assets/_Game/Art/Environments/goblin_mine/Models,Assets/_Game/Prefabs/Environments/goblin_mine/PF_mine_wall_straight.prefab,goblin_mine_wall,Goblin Mine modular grid; material library,1,Planned,Grid alignment; readable silhouette; no hidden internal geometry; collision-safe; battle center remains clear,,ART_REF_001 + Visual Bible v1.0,straight 4 meter excavated mine wall module with restrained rock relief and embedded timber braces,4m grid,Exact boundary dimensions; origin at base center; no protrusion across snap plane,mat_goblin_wood; mat_goblin_earth; mat_goblin_stone; mat_goblin_scrap_iron; mat_goblin_rope_hide,#5B3B27 #536A3B #58636A #7A4C2D #D47A2A,SNAP_GRID_BASE; SNAP_N; SNAP_E; SNAP_S; SNAP_W,"Torch flame, ember, smoke and subtle moss variation are Unity VFX/material work; do not bake them into geometry.",Prompts/ConceptArt/env_goblin_mine_mine_wall_straight_001_concept_sheet.txt,Prompts/Meshy/env_goblin_mine_mine_wall_straight_001_geometry.txt,Prompts/Texture/env_goblin_mine_mine_wall_straight_001_texture.txt,Silhouette readable; correct scale; grid/pivot compliance; material separation; no baked VFX; LOD budget met; mobile camera test passed
env_goblin_mine_ore_pile_001,Pilha de Minério,Ore Pile,3D Model,Environment,prop,Goblin Mine,Modular environment kit,Vertical Slice,P0,N/A,None,None,Goblin Mine,Yes,Text to 3D,Optional,Modular kit piece,None,None,Yes,500,1400,0.5,0.2,1024x1024,BaseColor; Normal; Metallic; Roughness; AO; Emission optional,2,1.2,Base center; grid-aligned where modular,Simple mesh/box collider,FBX,Assets/_Game/Art/Environments/goblin_mine/Models,Assets/_Game/Prefabs/Environments/goblin_mine/PF_ore_pile.prefab,goblin_mine_prop,Goblin Mine modular grid; material library,1,Planned,Grid alignment; readable silhouette; no hidden internal geometry; collision-safe; battle center remains clear,,ART_REF_001 + Visual Bible v1.0,compact pile of chunky ore rocks with a few readable metallic veins and a stable footprint,free placement on 0.25m increments,Base centered; stable footprint; no accidental overhang below ground,mat_goblin_wood; mat_goblin_earth; mat_goblin_stone; mat_goblin_scrap_iron; mat_goblin_rope_hide,#5B3B27 #536A3B #58636A #7A4C2D #D47A2A,CAMERA_FOCUS optional,"Torch flame, ember, smoke and subtle moss variation are Unity VFX/material work; do not bake them into geometry.",Prompts/ConceptArt/env_goblin_mine_ore_pile_001_concept_sheet.txt,Prompts/Meshy/env_goblin_mine_ore_pile_001_geometry.txt,Prompts/Texture/env_goblin_mine_ore_pile_001_texture.txt,Silhouette readable; correct scale; grid/pivot compliance; material separation; no baked VFX; LOD budget met; mobile camera test passed
env_goblin_mine_rope_bridge_001,Ponte de Corda,Rope Bridge,3D Model,Environment,large prop,Goblin Mine,Modular environment kit,Vertical Slice,P0,N/A,None,None,Goblin Mine,Yes,Image to 3D,Yes,Modular kit piece,None,None,Yes,1800,4500,0.5,0.2,1024x1024,BaseColor; Normal; Metallic; Roughness; AO; Emission optional,2,6.0,Base center; grid-aligned where modular,Simple mesh/box collider,FBX,Assets/_Game/Art/Environments/goblin_mine/Models,Assets/_Game/Prefabs/Environments/goblin_mine/PF_rope_bridge.prefab,goblin_mine_large prop,Goblin Mine modular grid; material library,1,Planned,Grid alignment; readable silhouette; no hidden internal geometry; collision-safe; battle center remains clear,,ART_REF_001 + Visual Bible v1.0,"six-meter modular rope bridge with thick planks, heavy rope rails and slightly irregular but safe game-readable construction",4m grid,Exact boundary dimensions; origin at base center; no protrusion across snap plane,mat_goblin_wood; mat_goblin_earth; mat_goblin_stone; mat_goblin_scrap_iron; mat_goblin_rope_hide,#5B3B27 #536A3B #58636A #7A4C2D #D47A2A,SNAP_GRID_BASE; SNAP_N; SNAP_E; SNAP_S; SNAP_W; CAMERA_FOCUS,"Torch flame, ember, smoke and subtle moss variation are Unity VFX/material work; do not bake them into geometry.",Prompts/ConceptArt/env_goblin_mine_rope_bridge_001_concept_sheet.txt,Prompts/Meshy/env_goblin_mine_rope_bridge_001_geometry.txt,Prompts/Texture/env_goblin_mine_rope_bridge_001_texture.txt,Silhouette readable; correct scale; grid/pivot compliance; material separation; no baked VFX; LOD budget met; mobile camera test passed
env_goblin_mine_scrap_barricade_001,Barricada de Sucata,Scrap Barricade,3D Model,Environment,prop,Goblin Mine,Modular environment kit,Vertical Slice,P0,N/A,None,None,Goblin Mine,Yes,Text to 3D,Optional,Modular kit piece,None,None,Yes,900,2200,0.5,0.2,1024x1024,BaseColor; Normal; Metallic; Roughness; AO; Emission optional,2,2.5,Base center; grid-aligned where modular,Simple mesh/box collider,FBX,Assets/_Game/Art/Environments/goblin_mine/Models,Assets/_Game/Prefabs/Environments/goblin_mine/PF_scrap_barricade.prefab,goblin_mine_prop,Goblin Mine modular grid; material library,1,Planned,Grid alignment; readable silhouette; no hidden internal geometry; collision-safe; battle center remains clear,,ART_REF_001 + Visual Bible v1.0,"broad goblin barricade of timber, shields and scrap iron with thick mobile-safe spikes and a low stable footprint",free placement on 0.25m increments,Base centered; stable footprint; no accidental overhang below ground,mat_goblin_wood; mat_goblin_earth; mat_goblin_stone; mat_goblin_scrap_iron; mat_goblin_rope_hide,#5B3B27 #536A3B #58636A #7A4C2D #D47A2A,CAMERA_FOCUS optional,"Torch flame, ember, smoke and subtle moss variation are Unity VFX/material work; do not bake them into geometry.",Prompts/ConceptArt/env_goblin_mine_scrap_barricade_001_concept_sheet.txt,Prompts/Meshy/env_goblin_mine_scrap_barricade_001_geometry.txt,Prompts/Texture/env_goblin_mine_scrap_barricade_001_texture.txt,Silhouette readable; correct scale; grid/pivot compliance; material separation; no baked VFX; LOD budget met; mobile camera test passed
env_goblin_mine_wall_torch_001,Tocha de Parede,Wall Torch,3D Model,Environment,prop,Goblin Mine,Modular environment kit,Vertical Slice,P0,N/A,None,None,Goblin Mine,Yes,Text to 3D,Optional,Modular kit piece,None,None,Yes,300,800,0.5,0.2,1024x1024,BaseColor; Normal; Metallic; Roughness; AO; Emission optional,2,0.8,Base center; grid-aligned where modular,Simple mesh/box collider,FBX,Assets/_Game/Art/Environments/goblin_mine/Models,Assets/_Game/Prefabs/Environments/goblin_mine/PF_wall_torch.prefab,goblin_mine_prop,Goblin Mine modular grid; material library,1,Planned,Grid alignment; readable silhouette; no hidden internal geometry; collision-safe; battle center remains clear,,ART_REF_001 + Visual Bible v1.0,"short wall-mounted goblin torch bracket with thick iron cup, timber handle and flame socket",free placement on 0.25m increments,Base centered; stable footprint; no accidental overhang below ground,mat_goblin_wood; mat_goblin_earth; mat_goblin_stone; mat_goblin_scrap_iron; mat_goblin_rope_hide,#5B3B27 #536A3B #58636A #7A4C2D #D47A2A,VFX_FLAME,"Torch flame, ember, smoke and subtle moss variation are Unity VFX/material work; do not bake them into geometry.",Prompts/ConceptArt/env_goblin_mine_wall_torch_001_concept_sheet.txt,Prompts/Meshy/env_goblin_mine_wall_torch_001_geometry.txt,Prompts/Texture/env_goblin_mine_wall_torch_001_texture.txt,Silhouette readable; correct scale; grid/pivot compliance; material separation; no baked VFX; LOD budget met; mobile camera test passed
env_goblin_mine_watchtower_001,Torre de Vigia Goblin,Goblin Watchtower,3D Model,Environment,large prop,Goblin Mine,Modular environment kit,Vertical Slice,P0,N/A,None,None,Goblin Mine,Yes,Image to 3D,Yes,Modular kit piece,None,None,Yes,3000,7000,0.5,0.2,1024x1024,BaseColor; Normal; Metallic; Roughness; AO; Emission optional,2,7.0,Base center; grid-aligned where modular,Simple mesh/box collider,FBX,Assets/_Game/Art/Environments/goblin_mine/Models,Assets/_Game/Prefabs/Environments/goblin_mine/PF_watchtower.prefab,goblin_mine_large prop,Goblin Mine modular grid; material library,1,Planned,Grid alignment; readable silhouette; no hidden internal geometry; collision-safe; battle center remains clear,,ART_REF_001 + Visual Bible v1.0,"tall improvised goblin watchtower with broad platform, ladder, chunky supports and simple hide roof",free placement on 0.25m increments,Base centered; stable footprint; no accidental overhang below ground,mat_goblin_wood; mat_goblin_earth; mat_goblin_stone; mat_goblin_scrap_iron; mat_goblin_rope_hide,#5B3B27 #536A3B #58636A #7A4C2D #D47A2A,CAMERA_FOCUS,"Torch flame, ember, smoke and subtle moss variation are Unity VFX/material work; do not bake them into geometry.",Prompts/ConceptArt/env_goblin_mine_watchtower_001_concept_sheet.txt,Prompts/Meshy/env_goblin_mine_watchtower_001_geometry.txt,Prompts/Texture/env_goblin_mine_watchtower_001_texture.txt,Silhouette readable; correct scale; grid/pivot compliance; material separation; no baked VFX; LOD budget met; mobile camera test passed
env_goblin_mine_wood_cage_001,Jaula de Madeira,Wooden Cage,3D Model,Environment,prop,Goblin Mine,Modular environment kit,Vertical Slice,P0,N/A,None,None,Goblin Mine,Yes,Text to 3D,Optional,Modular kit piece,None,None,Yes,800,2200,0.5,0.2,1024x1024,BaseColor; Normal; Metallic; Roughness; AO; Emission optional,2,2.0,Base center; grid-aligned where modular,Simple mesh/box collider,FBX,Assets/_Game/Art/Environments/goblin_mine/Models,Assets/_Game/Prefabs/Environments/goblin_mine/PF_wood_cage.prefab,goblin_mine_prop,Goblin Mine modular grid; material library,1,Planned,Grid alignment; readable silhouette; no hidden internal geometry; collision-safe; battle center remains clear,,ART_REF_001 + Visual Bible v1.0,"small prison cage with thick timber bars, iron bands, simple door and stable rectangular silhouette",free placement on 0.25m increments,Base centered; stable footprint; no accidental overhang below ground,mat_goblin_wood; mat_goblin_earth; mat_goblin_stone; mat_goblin_scrap_iron; mat_goblin_rope_hide,#5B3B27 #536A3B #58636A #7A4C2D #D47A2A,INTERACT_PRIMARY,"Torch flame, ember, smoke and subtle moss variation are Unity VFX/material work; do not bake them into geometry.",Prompts/ConceptArt/env_goblin_mine_wood_cage_001_concept_sheet.txt,Prompts/Meshy/env_goblin_mine_wood_cage_001_geometry.txt,Prompts/Texture/env_goblin_mine_wood_cage_001_texture.txt,Silhouette readable; correct scale; grid/pivot compliance; material separation; no baked VFX; LOD budget met; mobile camera test passed
env_goblin_mine_wood_support_beam_001,Viga de Suporte,Wood Support Beam,3D Model,Environment,structure,Goblin Mine,Modular environment kit,Vertical Slice,P0,N/A,None,None,Goblin Mine,Yes,Image to 3D,Yes,Modular kit piece,None,None,Yes,500,1400,0.5,0.2,1024x1024,BaseColor; Normal; Metallic; Roughness; AO; Emission optional,2,3.0,Base center; grid-aligned where modular,Simple mesh/box collider,FBX,Assets/_Game/Art/Environments/goblin_mine/Models,Assets/_Game/Prefabs/Environments/goblin_mine/PF_wood_support_beam.prefab,goblin_mine_structure,Goblin Mine modular grid; material library,1,Planned,Grid alignment; readable silhouette; no hidden internal geometry; collision-safe; battle center remains clear,,ART_REF_001 + Visual Bible v1.0,modular timber mine support frame with two posts and one crossbeam sized for a 4 meter corridor,4m grid,Exact boundary dimensions; origin at base center; no protrusion across snap plane,mat_goblin_wood; mat_goblin_earth; mat_goblin_stone; mat_goblin_scrap_iron; mat_goblin_rope_hide,#5B3B27 #536A3B #58636A #7A4C2D #D47A2A,SNAP_GRID_BASE; SNAP_N; SNAP_E; SNAP_S; SNAP_W,"Torch flame, ember, smoke and subtle moss variation are Unity VFX/material work; do not bake them into geometry.",Prompts/ConceptArt/env_goblin_mine_wood_support_beam_001_concept_sheet.txt,Prompts/Meshy/env_goblin_mine_wood_support_beam_001_geometry.txt,Prompts/Texture/env_goblin_mine_wood_support_beam_001_texture.txt,Silhouette readable; correct scale; grid/pivot compliance; material separation; no baked VFX; LOD budget met; mobile camera test passed
env_undead_crypt_bone_pile_001,Pilha de Ossos,Bone Pile,3D Model,Environment,prop,Undead Crypt,Modular environment kit,Season 1 - Arc 2,P1,N/A,None,None,Undead Crypt,Yes,Text to 3D,Optional,Modular kit piece,None,None,Yes,400,1100,0.5,0.2,1024x1024,BaseColor; Normal; Metallic; Roughness; AO; Emission optional,2,1.2,Base center; grid-aligned where modular,Simple mesh/box collider,FBX,Assets/_Game/Art/Environments/undead_crypt/Models,Assets/_Game/Prefabs/Environments/undead_crypt/PF_bone_pile.prefab,undead_crypt_prop,Undead Crypt modular grid; material library,1,Planned,Grid alignment; readable silhouette; no hidden internal geometry; collision-safe; battle center remains clear,,ART_REF_001 + Visual Bible v1.0,"organized low pile of stylized old bones and a few skull shapes, readable and non-graphic, with restrained repetition",free placement on 0.25m increments,Base centered; stable footprint; no accidental overhang below ground,mat_crypt_stone; mat_aged_bone; mat_crypt_iron; mat_funeral_cloth; mat_necromantic_crystal,#4C5963 #C9C1A8 #26313A #5A4B78 #6ECBE5,CAMERA_FOCUS optional,"Spectral flame, fog, portal energy and crystal pulse are Unity VFX/shader work; geometry must remain readable with effects disabled.",Prompts/ConceptArt/env_undead_crypt_bone_pile_001_concept_sheet.txt,Prompts/Meshy/env_undead_crypt_bone_pile_001_geometry.txt,Prompts/Texture/env_undead_crypt_bone_pile_001_texture.txt,Silhouette readable; correct scale; grid/pivot compliance; material separation; no baked VFX; LOD budget met; mobile camera test passed
env_undead_crypt_broken_statue_001,Estátua Quebrada,Broken Statue,3D Model,Environment,prop,Undead Crypt,Modular environment kit,Season 1 - Arc 2,P1,N/A,None,None,Undead Crypt,Yes,Text to 3D,Optional,Modular kit piece,None,None,Yes,1200,3200,0.5,0.2,1024x1024,BaseColor; Normal; Metallic; Roughness; AO; Emission optional,2,2.5,Base center; grid-aligned where modular,Simple mesh/box collider,FBX,Assets/_Game/Art/Environments/undead_crypt/Models,Assets/_Game/Prefabs/Environments/undead_crypt/PF_broken_statue.prefab,undead_crypt_prop,Undead Crypt modular grid; material library,1,Planned,Grid alignment; readable silhouette; no hidden internal geometry; collision-safe; battle center remains clear,,ART_REF_001 + Visual Bible v1.0,"weathered funerary knight statue fragment with broad broken planes, eroded face and stable stone base",free placement on 0.25m increments,Base centered; stable footprint; no accidental overhang below ground,mat_crypt_stone; mat_aged_bone; mat_crypt_iron; mat_funeral_cloth; mat_necromantic_crystal,#4C5963 #C9C1A8 #26313A #5A4B78 #6ECBE5,CAMERA_FOCUS optional,"Spectral flame, fog, portal energy and crystal pulse are Unity VFX/shader work; geometry must remain readable with effects disabled.",Prompts/ConceptArt/env_undead_crypt_broken_statue_001_concept_sheet.txt,Prompts/Meshy/env_undead_crypt_broken_statue_001_geometry.txt,Prompts/Texture/env_undead_crypt_broken_statue_001_texture.txt,Silhouette readable; correct scale; grid/pivot compliance; material separation; no baked VFX; LOD budget met; mobile camera test passed
env_undead_crypt_coffin_001,Caixão,Coffin,3D Model,Environment,prop,Undead Crypt,Modular environment kit,Season 1 - Arc 2,P1,N/A,None,None,Undead Crypt,Yes,Text to 3D,Optional,Modular kit piece,None,None,Yes,900,2200,0.5,0.2,1024x1024,BaseColor; Normal; Metallic; Roughness; AO; Emission optional,2,2.2,Base center; grid-aligned where modular,Simple mesh/box collider,FBX,Assets/_Game/Art/Environments/undead_crypt/Models,Assets/_Game/Prefabs/Environments/undead_crypt/PF_coffin.prefab,undead_crypt_prop,Undead Crypt modular grid; material library,1,Planned,Grid alignment; readable silhouette; no hidden internal geometry; collision-safe; battle center remains clear,,ART_REF_001 + Visual Bible v1.0,"simple old wooden funerary coffin with iron fittings, beveled lid and restrained carved motif",free placement on 0.25m increments,Base centered; stable footprint; no accidental overhang below ground,mat_crypt_stone; mat_aged_bone; mat_crypt_iron; mat_funeral_cloth; mat_necromantic_crystal,#4C5963 #C9C1A8 #26313A #5A4B78 #6ECBE5,INTERACT_PRIMARY,"Spectral flame, fog, portal energy and crystal pulse are Unity VFX/shader work; geometry must remain readable with effects disabled.",Prompts/ConceptArt/env_undead_crypt_coffin_001_concept_sheet.txt,Prompts/Meshy/env_undead_crypt_coffin_001_geometry.txt,Prompts/Texture/env_undead_crypt_coffin_001_texture.txt,Silhouette readable; correct scale; grid/pivot compliance; material separation; no baked VFX; LOD budget met; mobile camera test passed
env_undead_crypt_crypt_arch_001,Arco Funerário,Funerary Arch,3D Model,Environment,structure,Undead Crypt,Modular environment kit,Season 1 - Arc 2,P1,N/A,None,None,Undead Crypt,Yes,Image to 3D,Yes,Modular kit piece,None,None,Yes,1200,3200,0.5,0.2,1024x1024,BaseColor; Normal; Metallic; Roughness; AO; Emission optional,2,3.5,Base center; grid-aligned where modular,Simple mesh/box collider,FBX,Assets/_Game/Art/Environments/undead_crypt/Models,Assets/_Game/Prefabs/Environments/undead_crypt/PF_crypt_arch.prefab,undead_crypt_structure,Undead Crypt modular grid; material library,1,Planned,Grid alignment; readable silhouette; no hidden internal geometry; collision-safe; battle center remains clear,,ART_REF_001 + Visual Bible v1.0,modular funerary stone arch with eroded geometric carvings and a clear 2.2 meter passage,4m grid,Exact boundary dimensions; origin at base center; no protrusion across snap plane,mat_crypt_stone; mat_aged_bone; mat_crypt_iron; mat_funeral_cloth; mat_necromantic_crystal,#4C5963 #C9C1A8 #26313A #5A4B78 #6ECBE5,SNAP_GRID_BASE; SNAP_N; SNAP_E; SNAP_S; SNAP_W,"Spectral flame, fog, portal energy and crystal pulse are Unity VFX/shader work; geometry must remain readable with effects disabled.",Prompts/ConceptArt/env_undead_crypt_crypt_arch_001_concept_sheet.txt,Prompts/Meshy/env_undead_crypt_crypt_arch_001_geometry.txt,Prompts/Texture/env_undead_crypt_crypt_arch_001_texture.txt,Silhouette readable; correct scale; grid/pivot compliance; material separation; no baked VFX; LOD budget met; mobile camera test passed
env_undead_crypt_crypt_column_001,Coluna de Cripta,Crypt Column,3D Model,Environment,structure,Undead Crypt,Modular environment kit,Season 1 - Arc 2,P1,N/A,None,None,Undead Crypt,Yes,Image to 3D,Yes,Modular kit piece,None,None,Yes,800,2200,0.5,0.2,1024x1024,BaseColor; Normal; Metallic; Roughness; AO; Emission optional,2,3.0,Base center; grid-aligned where modular,Simple mesh/box collider,FBX,Assets/_Game/Art/Environments/undead_crypt/Models,Assets/_Game/Prefabs/Environments/undead_crypt/PF_crypt_column.prefab,undead_crypt_structure,Undead Crypt modular grid; material library,1,Planned,Grid alignment; readable silhouette; no hidden internal geometry; collision-safe; battle center remains clear,,ART_REF_001 + Visual Bible v1.0,"three-meter crypt column with squared base, worn shaft and simple funerary capital",4m grid,Exact boundary dimensions; origin at base center; no protrusion across snap plane,mat_crypt_stone; mat_aged_bone; mat_crypt_iron; mat_funeral_cloth; mat_necromantic_crystal,#4C5963 #C9C1A8 #26313A #5A4B78 #6ECBE5,SNAP_GRID_BASE; SNAP_N; SNAP_E; SNAP_S; SNAP_W,"Spectral flame, fog, portal energy and crystal pulse are Unity VFX/shader work; geometry must remain readable with effects disabled.",Prompts/ConceptArt/env_undead_crypt_crypt_column_001_concept_sheet.txt,Prompts/Meshy/env_undead_crypt_crypt_column_001_geometry.txt,Prompts/Texture/env_undead_crypt_crypt_column_001_texture.txt,Silhouette readable; correct scale; grid/pivot compliance; material separation; no baked VFX; LOD budget met; mobile camera test passed
env_undead_crypt_crypt_door_001,Porta da Cripta,Crypt Door,3D Model,Environment,structure,Undead Crypt,Modular environment kit,Season 1 - Arc 2,P1,N/A,None,None,Undead Crypt,Yes,Image to 3D,Yes,Modular kit piece,None,None,Yes,1200,3000,0.5,0.2,1024x1024,BaseColor; Normal; Metallic; Roughness; AO; Emission optional,2,3.5,Base center; grid-aligned where modular,Simple mesh/box collider,FBX,Assets/_Game/Art/Environments/undead_crypt/Models,Assets/_Game/Prefabs/Environments/undead_crypt/PF_crypt_door.prefab,undead_crypt_structure,Undead Crypt modular grid; material library,1,Planned,Grid alignment; readable silhouette; no hidden internal geometry; collision-safe; battle center remains clear,,ART_REF_001 + Visual Bible v1.0,"heavy stone-and-iron crypt door with broad panels, ring handle and no readable inscriptions",4m grid,Exact boundary dimensions; origin at base center; no protrusion across snap plane,mat_crypt_stone; mat_aged_bone; mat_crypt_iron; mat_funeral_cloth; mat_necromantic_crystal,#4C5963 #C9C1A8 #26313A #5A4B78 #6ECBE5,SNAP_GRID_BASE; SNAP_N; SNAP_E; SNAP_S; SNAP_W; INTERACT_PRIMARY,"Spectral flame, fog, portal energy and crystal pulse are Unity VFX/shader work; geometry must remain readable with effects disabled.",Prompts/ConceptArt/env_undead_crypt_crypt_door_001_concept_sheet.txt,Prompts/Meshy/env_undead_crypt_crypt_door_001_geometry.txt,Prompts/Texture/env_undead_crypt_crypt_door_001_texture.txt,Silhouette readable; correct scale; grid/pivot compliance; material separation; no baked VFX; LOD budget met; mobile camera test passed
env_undead_crypt_crypt_floor_tile_001,Piso de Cripta,Crypt Floor Tile,3D Model,Environment,tile,Undead Crypt,Modular environment kit,Season 1 - Arc 2,P1,N/A,None,None,Undead Crypt,Yes,Text to 3D,Optional,Modular kit piece,None,None,Yes,600,1500,0.5,0.2,1024x1024,BaseColor; Normal; Metallic; Roughness; AO; Emission optional,2,4.0,Base center; grid-aligned where modular,Simple mesh/box collider,FBX,Assets/_Game/Art/Environments/undead_crypt/Models,Assets/_Game/Prefabs/Environments/undead_crypt/PF_crypt_floor_tile.prefab,undead_crypt_tile,Undead Crypt modular grid; material library,1,Planned,Grid alignment; readable silhouette; no hidden internal geometry; collision-safe; battle center remains clear,,ART_REF_001 + Visual Bible v1.0,"4 by 4 meter funerary stone floor tile with broad slabs, shallow cracks and subtle ritual border shapes",4m grid,Exact boundary dimensions; origin at base center; no protrusion across snap plane,mat_crypt_stone; mat_aged_bone; mat_crypt_iron; mat_funeral_cloth; mat_necromantic_crystal,#4C5963 #C9C1A8 #26313A #5A4B78 #6ECBE5,SNAP_GRID_BASE; SNAP_N; SNAP_E; SNAP_S; SNAP_W,"Spectral flame, fog, portal energy and crystal pulse are Unity VFX/shader work; geometry must remain readable with effects disabled.",Prompts/ConceptArt/env_undead_crypt_crypt_floor_tile_001_concept_sheet.txt,Prompts/Meshy/env_undead_crypt_crypt_floor_tile_001_geometry.txt,Prompts/Texture/env_undead_crypt_crypt_floor_tile_001_texture.txt,Silhouette readable; correct scale; grid/pivot compliance; material separation; no baked VFX; LOD budget met; mobile camera test passed
env_undead_crypt_crypt_iron_gate_001,Grade de Cripta,Crypt Iron Gate,3D Model,Environment,prop,Undead Crypt,Modular environment kit,Season 1 - Arc 2,P1,N/A,None,None,Undead Crypt,Yes,Text to 3D,Optional,Modular kit piece,None,None,Yes,900,2400,0.5,0.2,1024x1024,BaseColor; Normal; Metallic; Roughness; AO; Emission optional,2,3.0,Base center; grid-aligned where modular,Simple mesh/box collider,FBX,Assets/_Game/Art/Environments/undead_crypt/Models,Assets/_Game/Prefabs/Environments/undead_crypt/PF_crypt_iron_gate.prefab,undead_crypt_prop,Undead Crypt modular grid; material library,1,Planned,Grid alignment; readable silhouette; no hidden internal geometry; collision-safe; battle center remains clear,,ART_REF_001 + Visual Bible v1.0,"heavy aged iron gate with thick vertical bars, broad hinges and mobile-safe spacing",4m grid,Exact boundary dimensions; origin at base center; no protrusion across snap plane,mat_crypt_stone; mat_aged_bone; mat_crypt_iron; mat_funeral_cloth; mat_necromantic_crystal,#4C5963 #C9C1A8 #26313A #5A4B78 #6ECBE5,SNAP_GRID_BASE; SNAP_N; SNAP_E; SNAP_S; SNAP_W; INTERACT_PRIMARY,"Spectral flame, fog, portal energy and crystal pulse are Unity VFX/shader work; geometry must remain readable with effects disabled.",Prompts/ConceptArt/env_undead_crypt_crypt_iron_gate_001_concept_sheet.txt,Prompts/Meshy/env_undead_crypt_crypt_iron_gate_001_geometry.txt,Prompts/Texture/env_undead_crypt_crypt_iron_gate_001_texture.txt,Silhouette readable; correct scale; grid/pivot compliance; material separation; no baked VFX; LOD budget met; mobile camera test passed
env_undead_crypt_crypt_wall_corner_001,Canto de Cripta,Crypt Wall Corner,3D Model,Environment,wall,Undead Crypt,Modular environment kit,Season 1 - Arc 2,P1,N/A,None,None,Undead Crypt,Yes,Image to 3D,Yes,Modular kit piece,None,None,Yes,1400,4000,0.5,0.2,1024x1024,BaseColor; Normal; Metallic; Roughness; AO; Emission optional,2,4.0,Base center; grid-aligned where modular,Simple mesh/box collider,FBX,Assets/_Game/Art/Environments/undead_crypt/Models,Assets/_Game/Prefabs/Environments/undead_crypt/PF_crypt_wall_corner.prefab,undead_crypt_wall,Undead Crypt modular grid; material library,1,Planned,Grid alignment; readable silhouette; no hidden internal geometry; collision-safe; battle center remains clear,,ART_REF_001 + Visual Bible v1.0,90-degree 4 meter modular crypt wall corner with eroded masonry and clean snap boundaries,4m grid,Exact boundary dimensions; origin at base center; no protrusion across snap plane,mat_crypt_stone; mat_aged_bone; mat_crypt_iron; mat_funeral_cloth; mat_necromantic_crystal,#4C5963 #C9C1A8 #26313A #5A4B78 #6ECBE5,SNAP_GRID_BASE; SNAP_N; SNAP_E; SNAP_S; SNAP_W,"Spectral flame, fog, portal energy and crystal pulse are Unity VFX/shader work; geometry must remain readable with effects disabled.",Prompts/ConceptArt/env_undead_crypt_crypt_wall_corner_001_concept_sheet.txt,Prompts/Meshy/env_undead_crypt_crypt_wall_corner_001_geometry.txt,Prompts/Texture/env_undead_crypt_crypt_wall_corner_001_texture.txt,Silhouette readable; correct scale; grid/pivot compliance; material separation; no baked VFX; LOD budget met; mobile camera test passed
env_undead_crypt_crypt_wall_straight_001,Parede de Cripta,Crypt Wall,3D Model,Environment,wall,Undead Crypt,Modular environment kit,Season 1 - Arc 2,P1,N/A,None,None,Undead Crypt,Yes,Image to 3D,Yes,Modular kit piece,None,None,Yes,1200,3500,0.5,0.2,1024x1024,BaseColor; Normal; Metallic; Roughness; AO; Emission optional,2,4.0,Base center; grid-aligned where modular,Simple mesh/box collider,FBX,Assets/_Game/Art/Environments/undead_crypt/Models,Assets/_Game/Prefabs/Environments/undead_crypt/PF_crypt_wall_straight.prefab,undead_crypt_wall,Undead Crypt modular grid; material library,1,Planned,Grid alignment; readable silhouette; no hidden internal geometry; collision-safe; battle center remains clear,,ART_REF_001 + Visual Bible v1.0,straight 4 meter modular crypt wall with funerary recesses concentrated near the edges,4m grid,Exact boundary dimensions; origin at base center; no protrusion across snap plane,mat_crypt_stone; mat_aged_bone; mat_crypt_iron; mat_funeral_cloth; mat_necromantic_crystal,#4C5963 #C9C1A8 #26313A #5A4B78 #6ECBE5,SNAP_GRID_BASE; SNAP_N; SNAP_E; SNAP_S; SNAP_W,"Spectral flame, fog, portal energy and crystal pulse are Unity VFX/shader work; geometry must remain readable with effects disabled.",Prompts/ConceptArt/env_undead_crypt_crypt_wall_straight_001_concept_sheet.txt,Prompts/Meshy/env_undead_crypt_crypt_wall_straight_001_geometry.txt,Prompts/Texture/env_undead_crypt_crypt_wall_straight_001_texture.txt,Silhouette readable; correct scale; grid/pivot compliance; material separation; no baked VFX; LOD budget met; mobile camera test passed
env_undead_crypt_grave_marker_001,Lápide,Grave Marker,3D Model,Environment,prop,Undead Crypt,Modular environment kit,Season 1 - Arc 2,P1,N/A,None,None,Undead Crypt,Yes,Text to 3D,Optional,Modular kit piece,None,None,Yes,400,1000,0.5,0.2,1024x1024,BaseColor; Normal; Metallic; Roughness; AO; Emission optional,2,1.5,Base center; grid-aligned where modular,Simple mesh/box collider,FBX,Assets/_Game/Art/Environments/undead_crypt/Models,Assets/_Game/Prefabs/Environments/undead_crypt/PF_grave_marker.prefab,undead_crypt_prop,Undead Crypt modular grid; material library,1,Planned,Grid alignment; readable silhouette; no hidden internal geometry; collision-safe; battle center remains clear,,ART_REF_001 + Visual Bible v1.0,"stylized eroded grave marker with a broad silhouette and abstract symbol shapes, no readable text",free placement on 0.25m increments,Base centered; stable footprint; no accidental overhang below ground,mat_crypt_stone; mat_aged_bone; mat_crypt_iron; mat_funeral_cloth; mat_necromantic_crystal,#4C5963 #C9C1A8 #26313A #5A4B78 #6ECBE5,CAMERA_FOCUS optional,"Spectral flame, fog, portal energy and crystal pulse are Unity VFX/shader work; geometry must remain readable with effects disabled.",Prompts/ConceptArt/env_undead_crypt_grave_marker_001_concept_sheet.txt,Prompts/Meshy/env_undead_crypt_grave_marker_001_geometry.txt,Prompts/Texture/env_undead_crypt_grave_marker_001_texture.txt,Silhouette readable; correct scale; grid/pivot compliance; material separation; no baked VFX; LOD budget met; mobile camera test passed
env_undead_crypt_hanging_chain_001,Corrente Suspensa,Hanging Chain,3D Model,Environment,prop,Undead Crypt,Modular environment kit,Season 1 - Arc 2,P1,N/A,None,None,Undead Crypt,Yes,Text to 3D,Optional,Modular kit piece,None,None,Yes,300,800,0.5,0.2,1024x1024,BaseColor; Normal; Metallic; Roughness; AO; Emission optional,2,2.5,Base center; grid-aligned where modular,Simple mesh/box collider,FBX,Assets/_Game/Art/Environments/undead_crypt/Models,Assets/_Game/Prefabs/Environments/undead_crypt/PF_hanging_chain.prefab,undead_crypt_prop,Undead Crypt modular grid; material library,1,Planned,Grid alignment; readable silhouette; no hidden internal geometry; collision-safe; battle center remains clear,,ART_REF_001 + Visual Bible v1.0,"short segment of oversized aged iron chain designed as a rigid or lightly animated prop, with thick links",free placement on 0.25m increments,Base centered; stable footprint; no accidental overhang below ground,mat_crypt_stone; mat_aged_bone; mat_crypt_iron; mat_funeral_cloth; mat_necromantic_crystal,#4C5963 #C9C1A8 #26313A #5A4B78 #6ECBE5,CAMERA_FOCUS optional,"Spectral flame, fog, portal energy and crystal pulse are Unity VFX/shader work; geometry must remain readable with effects disabled.",Prompts/ConceptArt/env_undead_crypt_hanging_chain_001_concept_sheet.txt,Prompts/Meshy/env_undead_crypt_hanging_chain_001_geometry.txt,Prompts/Texture/env_undead_crypt_hanging_chain_001_texture.txt,Silhouette readable; correct scale; grid/pivot compliance; material separation; no baked VFX; LOD budget met; mobile camera test passed
env_undead_crypt_lich_throne_001,Trono do Lich,Lich Throne,3D Model,Environment,hero prop,Undead Crypt,Modular environment kit,Season 1 - Arc 2,P1,N/A,None,None,Undead Crypt,Yes,Image to 3D,Yes,Modular kit piece,None,None,Yes,3000,7500,0.5,0.2,1024x1024,BaseColor; Normal; Metallic; Roughness; AO; Emission optional,2,4.0,Base center; grid-aligned where modular,Simple mesh/box collider,FBX,Assets/_Game/Art/Environments/undead_crypt/Models,Assets/_Game/Prefabs/Environments/undead_crypt/PF_lich_throne.prefab,undead_crypt_hero prop,Undead Crypt modular grid; material library,1,Planned,Grid alignment; readable silhouette; no hidden internal geometry; collision-safe; battle center remains clear,,ART_REF_001 + Visual Bible v1.0,"monumental lich throne of black funerary stone, bone inlays and a vertical necromantic crystal focus behind the seat",free placement on 0.25m increments,Base centered; stable footprint; no accidental overhang below ground,mat_crypt_stone; mat_aged_bone; mat_crypt_iron; mat_funeral_cloth; mat_necromantic_crystal,#4C5963 #C9C1A8 #26313A #5A4B78 #6ECBE5,CAMERA_FOCUS; INTERACT_PRIMARY,"Spectral flame, fog, portal energy and crystal pulse are Unity VFX/shader work; geometry must remain readable with effects disabled.",Prompts/ConceptArt/env_undead_crypt_lich_throne_001_concept_sheet.txt,Prompts/Meshy/env_undead_crypt_lich_throne_001_geometry.txt,Prompts/Texture/env_undead_crypt_lich_throne_001_texture.txt,Silhouette readable; correct scale; grid/pivot compliance; material separation; no baked VFX; LOD budget met; mobile camera test passed
env_undead_crypt_necromantic_crystal_001,Cristal Necromântico,Necromantic Crystal,3D Model,Environment,prop,Undead Crypt,Modular environment kit,Season 1 - Arc 2,P1,N/A,None,None,Undead Crypt,Yes,Text to 3D,Optional,Modular kit piece,None,None,Yes,500,1400,0.5,0.2,1024x1024,BaseColor; Normal; Metallic; Roughness; AO; Emission optional,2,1.5,Base center; grid-aligned where modular,Simple mesh/box collider,FBX,Assets/_Game/Art/Environments/undead_crypt/Models,Assets/_Game/Prefabs/Environments/undead_crypt/PF_necromantic_crystal.prefab,undead_crypt_prop,Undead Crypt modular grid; material library,1,Planned,Grid alignment; readable silhouette; no hidden internal geometry; collision-safe; battle center remains clear,,ART_REF_001 + Visual Bible v1.0,faceted pale-violet necromantic crystal cluster with thick connected shards and a stable stone base,free placement on 0.25m increments,Base centered; stable footprint; no accidental overhang below ground,mat_crypt_stone; mat_aged_bone; mat_crypt_iron; mat_funeral_cloth; mat_necromantic_crystal,#4C5963 #C9C1A8 #26313A #5A4B78 #6ECBE5,VFX_CRYSTAL_CORE,"Spectral flame, fog, portal energy and crystal pulse are Unity VFX/shader work; geometry must remain readable with effects disabled.",Prompts/ConceptArt/env_undead_crypt_necromantic_crystal_001_concept_sheet.txt,Prompts/Meshy/env_undead_crypt_necromantic_crystal_001_geometry.txt,Prompts/Texture/env_undead_crypt_necromantic_crystal_001_texture.txt,Silhouette readable; correct scale; grid/pivot compliance; material separation; no baked VFX; LOD budget met; mobile camera test passed
env_undead_crypt_necromantic_portal_001,Portal Necromântico,Necromantic Portal,3D Model,Environment,hero prop,Undead Crypt,Modular environment kit,Season 1 - Arc 2,P1,N/A,None,None,Undead Crypt,Yes,Image to 3D,Yes,Modular kit piece,None,None,Yes,2500,6500,0.5,0.2,1024x1024,BaseColor; Normal; Metallic; Roughness; AO; Emission optional,2,4.0,Base center; grid-aligned where modular,Simple mesh/box collider,FBX,Assets/_Game/Art/Environments/undead_crypt/Models,Assets/_Game/Prefabs/Environments/undead_crypt/PF_necromantic_portal.prefab,undead_crypt_hero prop,Undead Crypt modular grid; material library,1,Planned,Grid alignment; readable silhouette; no hidden internal geometry; collision-safe; battle center remains clear,,ART_REF_001 + Visual Bible v1.0,"large ritual portal frame of cold stone, bone accents and an empty inner opening reserved for Unity VFX",free placement on 0.25m increments,Base centered; stable footprint; no accidental overhang below ground,mat_crypt_stone; mat_aged_bone; mat_crypt_iron; mat_funeral_cloth; mat_necromantic_crystal,#4C5963 #C9C1A8 #26313A #5A4B78 #6ECBE5,VFX_PORTAL_CORE; CAMERA_FOCUS; INTERACT_PRIMARY,"Spectral flame, fog, portal energy and crystal pulse are Unity VFX/shader work; geometry must remain readable with effects disabled.",Prompts/ConceptArt/env_undead_crypt_necromantic_portal_001_concept_sheet.txt,Prompts/Meshy/env_undead_crypt_necromantic_portal_001_geometry.txt,Prompts/Texture/env_undead_crypt_necromantic_portal_001_texture.txt,Silhouette readable; correct scale; grid/pivot compliance; material separation; no baked VFX; LOD budget met; mobile camera test passed
env_undead_crypt_ossuary_001,Ossário,Ossuary,3D Model,Environment,prop,Undead Crypt,Modular environment kit,Season 1 - Arc 2,P1,N/A,None,None,Undead Crypt,Yes,Text to 3D,Optional,Modular kit piece,None,None,Yes,1000,2600,0.5,0.2,1024x1024,BaseColor; Normal; Metallic; Roughness; AO; Emission optional,2,2.0,Base center; grid-aligned where modular,Simple mesh/box collider,FBX,Assets/_Game/Art/Environments/undead_crypt/Models,Assets/_Game/Prefabs/Environments/undead_crypt/PF_ossuary.prefab,undead_crypt_prop,Undead Crypt modular grid; material library,1,Planned,Grid alignment; readable silhouette; no hidden internal geometry; collision-safe; battle center remains clear,,ART_REF_001 + Visual Bible v1.0,"wall-adjacent ossuary container with ordered bone compartments, broad masonry frame and non-graphic presentation",free placement on 0.25m increments,Base centered; stable footprint; no accidental overhang below ground,mat_crypt_stone; mat_aged_bone; mat_crypt_iron; mat_funeral_cloth; mat_necromantic_crystal,#4C5963 #C9C1A8 #26313A #5A4B78 #6ECBE5,CAMERA_FOCUS optional,"Spectral flame, fog, portal energy and crystal pulse are Unity VFX/shader work; geometry must remain readable with effects disabled.",Prompts/ConceptArt/env_undead_crypt_ossuary_001_concept_sheet.txt,Prompts/Meshy/env_undead_crypt_ossuary_001_geometry.txt,Prompts/Texture/env_undead_crypt_ossuary_001_texture.txt,Silhouette readable; correct scale; grid/pivot compliance; material separation; no baked VFX; LOD budget met; mobile camera test passed
env_undead_crypt_ritual_altar_001,Altar Ritual,Ritual Altar,3D Model,Environment,hero prop,Undead Crypt,Modular environment kit,Season 1 - Arc 2,P1,N/A,None,None,Undead Crypt,Yes,Image to 3D,Yes,Modular kit piece,None,None,Yes,1800,4500,0.5,0.2,1024x1024,BaseColor; Normal; Metallic; Roughness; AO; Emission optional,2,2.0,Base center; grid-aligned where modular,Simple mesh/box collider,FBX,Assets/_Game/Art/Environments/undead_crypt/Models,Assets/_Game/Prefabs/Environments/undead_crypt/PF_ritual_altar.prefab,undead_crypt_hero prop,Undead Crypt modular grid; material library,1,Planned,Grid alignment; readable silhouette; no hidden internal geometry; collision-safe; battle center remains clear,,ART_REF_001 + Visual Bible v1.0,"waist-high necromantic ritual altar with broad stone top, shallow rune channels and crystal or candle sockets",free placement on 0.25m increments,Base centered; stable footprint; no accidental overhang below ground,mat_crypt_stone; mat_aged_bone; mat_crypt_iron; mat_funeral_cloth; mat_necromantic_crystal,#4C5963 #C9C1A8 #26313A #5A4B78 #6ECBE5,CAMERA_FOCUS; INTERACT_PRIMARY,"Spectral flame, fog, portal energy and crystal pulse are Unity VFX/shader work; geometry must remain readable with effects disabled.",Prompts/ConceptArt/env_undead_crypt_ritual_altar_001_concept_sheet.txt,Prompts/Meshy/env_undead_crypt_ritual_altar_001_geometry.txt,Prompts/Texture/env_undead_crypt_ritual_altar_001_texture.txt,Silhouette readable; correct scale; grid/pivot compliance; material separation; no baked VFX; LOD budget met; mobile camera test passed
env_undead_crypt_sarcophagus_001,Sarcófago,Sarcophagus,3D Model,Environment,prop,Undead Crypt,Modular environment kit,Season 1 - Arc 2,P1,N/A,None,None,Undead Crypt,Yes,Text to 3D,Optional,Modular kit piece,None,None,Yes,1200,3000,0.5,0.2,1024x1024,BaseColor; Normal; Metallic; Roughness; AO; Emission optional,2,2.2,Base center; grid-aligned where modular,Simple mesh/box collider,FBX,Assets/_Game/Art/Environments/undead_crypt/Models,Assets/_Game/Prefabs/Environments/undead_crypt/PF_sarcophagus.prefab,undead_crypt_prop,Undead Crypt modular grid; material library,1,Planned,Grid alignment; readable silhouette; no hidden internal geometry; collision-safe; battle center remains clear,,ART_REF_001 + Visual Bible v1.0,"heavy carved stone sarcophagus with a readable lid seam, eroded funerary figure and stable rectangular base",free placement on 0.25m increments,Base centered; stable footprint; no accidental overhang below ground,mat_crypt_stone; mat_aged_bone; mat_crypt_iron; mat_funeral_cloth; mat_necromantic_crystal,#4C5963 #C9C1A8 #26313A #5A4B78 #6ECBE5,INTERACT_PRIMARY,"Spectral flame, fog, portal energy and crystal pulse are Unity VFX/shader work; geometry must remain readable with effects disabled.",Prompts/ConceptArt/env_undead_crypt_sarcophagus_001_concept_sheet.txt,Prompts/Meshy/env_undead_crypt_sarcophagus_001_geometry.txt,Prompts/Texture/env_undead_crypt_sarcophagus_001_texture.txt,Silhouette readable; correct scale; grid/pivot compliance; material separation; no baked VFX; LOD budget met; mobile camera test passed
env_undead_crypt_spectral_brazier_001,Braseiro Espectral,Spectral Brazier,3D Model,Environment,prop,Undead Crypt,Modular environment kit,Season 1 - Arc 2,P1,N/A,None,None,Undead Crypt,Yes,Text to 3D,Optional,Modular kit piece,None,None,Yes,700,1800,0.5,0.2,1024x1024,BaseColor; Normal; Metallic; Roughness; AO; Emission optional,2,1.5,Base center; grid-aligned where modular,Simple mesh/box collider,FBX,Assets/_Game/Art/Environments/undead_crypt/Models,Assets/_Game/Prefabs/Environments/undead_crypt/PF_spectral_brazier.prefab,undead_crypt_prop,Undead Crypt modular grid; material library,1,Planned,Grid alignment; readable silhouette; no hidden internal geometry; collision-safe; battle center remains clear,,ART_REF_001 + Visual Bible v1.0,"stone-and-iron brazier with broad bowl, thick legs and an empty flame volume reserved for spectral Unity VFX",free placement on 0.25m increments,Base centered; stable footprint; no accidental overhang below ground,mat_crypt_stone; mat_aged_bone; mat_crypt_iron; mat_funeral_cloth; mat_necromantic_crystal,#4C5963 #C9C1A8 #26313A #5A4B78 #6ECBE5,VFX_FLAME,"Spectral flame, fog, portal energy and crystal pulse are Unity VFX/shader work; geometry must remain readable with effects disabled.",Prompts/ConceptArt/env_undead_crypt_spectral_brazier_001_concept_sheet.txt,Prompts/Meshy/env_undead_crypt_spectral_brazier_001_geometry.txt,Prompts/Texture/env_undead_crypt_spectral_brazier_001_texture.txt,Silhouette readable; correct scale; grid/pivot compliance; material separation; no baked VFX; LOD budget met; mobile camera test passed
env_undead_crypt_spectral_candle_001,Vela Espectral,Spectral Candle,3D Model,Environment,prop,Undead Crypt,Modular environment kit,Season 1 - Arc 2,P1,N/A,None,None,Undead Crypt,Yes,Text to 3D,Optional,Modular kit piece,None,None,Yes,250,600,0.5,0.2,1024x1024,BaseColor; Normal; Metallic; Roughness; AO; Emission optional,2,0.5,Base center; grid-aligned where modular,Simple mesh/box collider,FBX,Assets/_Game/Art/Environments/undead_crypt/Models,Assets/_Game/Prefabs/Environments/undead_crypt/PF_spectral_candle.prefab,undead_crypt_prop,Undead Crypt modular grid; material library,1,Planned,Grid alignment; readable silhouette; no hidden internal geometry; collision-safe; battle center remains clear,,ART_REF_001 + Visual Bible v1.0,"chunky short funerary candle with broad wax body, simple holder and a small spectral flame socket",free placement on 0.25m increments,Base centered; stable footprint; no accidental overhang below ground,mat_crypt_stone; mat_aged_bone; mat_crypt_iron; mat_funeral_cloth; mat_necromantic_crystal,#4C5963 #C9C1A8 #26313A #5A4B78 #6ECBE5,VFX_FLAME,"Spectral flame, fog, portal energy and crystal pulse are Unity VFX/shader work; geometry must remain readable with effects disabled.",Prompts/ConceptArt/env_undead_crypt_spectral_candle_001_concept_sheet.txt,Prompts/Meshy/env_undead_crypt_spectral_candle_001_geometry.txt,Prompts/Texture/env_undead_crypt_spectral_candle_001_texture.txt,Silhouette readable; correct scale; grid/pivot compliance; material separation; no baked VFX; LOD budget met; mobile camera test passed
env_infernal_fortress_basalt_floor_tile_001,Piso de Basalto,Basalt Floor Tile,3D Model,Environment,tile,Infernal Fortress,Modular environment kit,Season 1 - Arc 3,P1,N/A,None,None,Infernal Fortress,Yes,Text to 3D,Optional,Modular kit piece,None,None,Yes,700,1800,0.5,0.2,1024x1024,BaseColor; Normal; Metallic; Roughness; AO; Emission optional,2,4.0,Base center; grid-aligned where modular,Simple mesh/box collider,FBX,Assets/_Game/Art/Environments/infernal_fortress/Models,Assets/_Game/Prefabs/Environments/infernal_fortress/PF_basalt_floor_tile.prefab,infernal_fortress_tile,Infernal Fortress modular grid; material library,1,Planned,Grid alignment; readable silhouette; no hidden internal geometry; collision-safe; battle center remains clear,,ART_REF_001 + Visual Bible v1.0,"4 by 4 meter black basalt floor tile with broad plates, restrained cracks and channels reserved for emissive material",4m grid,Exact boundary dimensions; origin at base center; no protrusion across snap plane,mat_infernal_basalt; mat_burned_iron; mat_dark_brass; mat_obsidian; mat_infernal_crystal,#17191C #4B2725 #8E2F2B #E2602D #C63A78,SNAP_GRID_BASE; SNAP_N; SNAP_E; SNAP_S; SNAP_W,"Lava flow, heat distortion, flame, portal energy and animated emissive channels are Unity shaders/VFX, not baked texture lighting.",Prompts/ConceptArt/env_infernal_fortress_basalt_floor_tile_001_concept_sheet.txt,Prompts/Meshy/env_infernal_fortress_basalt_floor_tile_001_geometry.txt,Prompts/Texture/env_infernal_fortress_basalt_floor_tile_001_texture.txt,Silhouette readable; correct scale; grid/pivot compliance; material separation; no baked VFX; LOD budget met; mobile camera test passed
env_infernal_fortress_demon_lord_throne_001,Trono do Lorde Demônio,Demon Lord Throne,3D Model,Environment,hero prop,Infernal Fortress,Modular environment kit,Season 1 - Arc 3,P1,N/A,None,None,Infernal Fortress,Yes,Image to 3D,Yes,Modular kit piece,None,None,Yes,3500,9000,0.5,0.2,1024x1024,BaseColor; Normal; Metallic; Roughness; AO; Emission optional,2,5.0,Base center; grid-aligned where modular,Simple mesh/box collider,FBX,Assets/_Game/Art/Environments/infernal_fortress/Models,Assets/_Game/Prefabs/Environments/infernal_fortress/PF_demon_lord_throne.prefab,infernal_fortress_hero prop,Infernal Fortress modular grid; material library,1,Planned,Grid alignment; readable silhouette; no hidden internal geometry; collision-safe; battle center remains clear,,ART_REF_001 + Visual Bible v1.0,massive demon lord throne of basalt and burned iron with a broad horn-like back silhouette and central infernal core socket,free placement on 0.25m increments,Base centered; stable footprint; no accidental overhang below ground,mat_infernal_basalt; mat_burned_iron; mat_dark_brass; mat_obsidian; mat_infernal_crystal,#17191C #4B2725 #8E2F2B #E2602D #C63A78,CAMERA_FOCUS; INTERACT_PRIMARY,"Lava flow, heat distortion, flame, portal energy and animated emissive channels are Unity shaders/VFX, not baked texture lighting.",Prompts/ConceptArt/env_infernal_fortress_demon_lord_throne_001_concept_sheet.txt,Prompts/Meshy/env_infernal_fortress_demon_lord_throne_001_geometry.txt,Prompts/Texture/env_infernal_fortress_demon_lord_throne_001_texture.txt,Silhouette readable; correct scale; grid/pivot compliance; material separation; no baked VFX; LOD budget met; mobile camera test passed
env_infernal_fortress_demon_weapon_rack_001,Arsenal Demoníaco,Demon Weapon Rack,3D Model,Environment,prop,Infernal Fortress,Modular environment kit,Season 1 - Arc 3,P1,N/A,None,None,Infernal Fortress,Yes,Text to 3D,Optional,Modular kit piece,None,None,Yes,1200,3000,0.5,0.2,1024x1024,BaseColor; Normal; Metallic; Roughness; AO; Emission optional,2,2.2,Base center; grid-aligned where modular,Simple mesh/box collider,FBX,Assets/_Game/Art/Environments/infernal_fortress/Models,Assets/_Game/Prefabs/Environments/infernal_fortress/PF_demon_weapon_rack.prefab,infernal_fortress_prop,Infernal Fortress modular grid; material library,1,Planned,Grid alignment; readable silhouette; no hidden internal geometry; collision-safe; battle center remains clear,,ART_REF_001 + Visual Bible v1.0,heavy infernal weapon rack with broad supports and empty readable slots for separate demon weapons,free placement on 0.25m increments,Base centered; stable footprint; no accidental overhang below ground,mat_infernal_basalt; mat_burned_iron; mat_dark_brass; mat_obsidian; mat_infernal_crystal,#17191C #4B2725 #8E2F2B #E2602D #C63A78,CAMERA_FOCUS optional,"Lava flow, heat distortion, flame, portal energy and animated emissive channels are Unity shaders/VFX, not baked texture lighting.",Prompts/ConceptArt/env_infernal_fortress_demon_weapon_rack_001_concept_sheet.txt,Prompts/Meshy/env_infernal_fortress_demon_weapon_rack_001_geometry.txt,Prompts/Texture/env_infernal_fortress_demon_weapon_rack_001_texture.txt,Silhouette readable; correct scale; grid/pivot compliance; material separation; no baked VFX; LOD budget met; mobile camera test passed
env_infernal_fortress_demonic_pillar_001,Pilar Demoníaco,Demonic Pillar,3D Model,Environment,structure,Infernal Fortress,Modular environment kit,Season 1 - Arc 3,P1,N/A,None,None,Infernal Fortress,Yes,Image to 3D,Yes,Modular kit piece,None,None,Yes,1300,3500,0.5,0.2,1024x1024,BaseColor; Normal; Metallic; Roughness; AO; Emission optional,2,3.5,Base center; grid-aligned where modular,Simple mesh/box collider,FBX,Assets/_Game/Art/Environments/infernal_fortress/Models,Assets/_Game/Prefabs/Environments/infernal_fortress/PF_demonic_pillar.prefab,infernal_fortress_structure,Infernal Fortress modular grid; material library,1,Planned,Grid alignment; readable silhouette; no hidden internal geometry; collision-safe; battle center remains clear,,ART_REF_001 + Visual Bible v1.0,three-and-a-half meter basalt pillar with burned iron braces and controlled downward wedge motifs,4m grid,Exact boundary dimensions; origin at base center; no protrusion across snap plane,mat_infernal_basalt; mat_burned_iron; mat_dark_brass; mat_obsidian; mat_infernal_crystal,#17191C #4B2725 #8E2F2B #E2602D #C63A78,SNAP_GRID_BASE; SNAP_N; SNAP_E; SNAP_S; SNAP_W,"Lava flow, heat distortion, flame, portal energy and animated emissive channels are Unity shaders/VFX, not baked texture lighting.",Prompts/ConceptArt/env_infernal_fortress_demonic_pillar_001_concept_sheet.txt,Prompts/Meshy/env_infernal_fortress_demonic_pillar_001_geometry.txt,Prompts/Texture/env_infernal_fortress_demonic_pillar_001_texture.txt,Silhouette readable; correct scale; grid/pivot compliance; material separation; no baked VFX; LOD budget met; mobile camera test passed
env_infernal_fortress_infernal_arch_001,Arco Infernal,Infernal Arch,3D Model,Environment,structure,Infernal Fortress,Modular environment kit,Season 1 - Arc 3,P1,N/A,None,None,Infernal Fortress,Yes,Image to 3D,Yes,Modular kit piece,None,None,Yes,1500,4000,0.5,0.2,1024x1024,BaseColor; Normal; Metallic; Roughness; AO; Emission optional,2,4.0,Base center; grid-aligned where modular,Simple mesh/box collider,FBX,Assets/_Game/Art/Environments/infernal_fortress/Models,Assets/_Game/Prefabs/Environments/infernal_fortress/PF_infernal_arch.prefab,infernal_fortress_structure,Infernal Fortress modular grid; material library,1,Planned,Grid alignment; readable silhouette; no hidden internal geometry; collision-safe; battle center remains clear,,ART_REF_001 + Visual Bible v1.0,four-meter monumental infernal arch of basalt and burned iron with broad readable wedge forms,4m grid,Exact boundary dimensions; origin at base center; no protrusion across snap plane,mat_infernal_basalt; mat_burned_iron; mat_dark_brass; mat_obsidian; mat_infernal_crystal,#17191C #4B2725 #8E2F2B #E2602D #C63A78,SNAP_GRID_BASE; SNAP_N; SNAP_E; SNAP_S; SNAP_W,"Lava flow, heat distortion, flame, portal energy and animated emissive channels are Unity shaders/VFX, not baked texture lighting.",Prompts/ConceptArt/env_infernal_fortress_infernal_arch_001_concept_sheet.txt,Prompts/Meshy/env_infernal_fortress_infernal_arch_001_geometry.txt,Prompts/Texture/env_infernal_fortress_infernal_arch_001_texture.txt,Silhouette readable; correct scale; grid/pivot compliance; material separation; no baked VFX; LOD budget met; mobile camera test passed
env_infernal_fortress_infernal_arena_ring_001,Anel da Arena Infernal,Infernal Arena Ring,3D Model,Environment,large prop,Infernal Fortress,Modular environment kit,Season 1 - Arc 3,P1,N/A,None,None,Infernal Fortress,Yes,Image to 3D,Yes,Modular kit piece,None,None,Yes,2500,7000,0.5,0.2,1024x1024,BaseColor; Normal; Metallic; Roughness; AO; Emission optional,2,8.0,Base center; grid-aligned where modular,Simple mesh/box collider,FBX,Assets/_Game/Art/Environments/infernal_fortress/Models,Assets/_Game/Prefabs/Environments/infernal_fortress/PF_infernal_arena_ring.prefab,infernal_fortress_large prop,Infernal Fortress modular grid; material library,1,Planned,Grid alignment; readable silhouette; no hidden internal geometry; collision-safe; battle center remains clear,,ART_REF_001 + Visual Bible v1.0,"eight-meter modular circular arena rim section with basalt steps, iron braces and VFX sockets around the perimeter",4m grid,Exact boundary dimensions; origin at base center; no protrusion across snap plane,mat_infernal_basalt; mat_burned_iron; mat_dark_brass; mat_obsidian; mat_infernal_crystal,#17191C #4B2725 #8E2F2B #E2602D #C63A78,SNAP_GRID_BASE; SNAP_N; SNAP_E; SNAP_S; SNAP_W; CAMERA_FOCUS,"Lava flow, heat distortion, flame, portal energy and animated emissive channels are Unity shaders/VFX, not baked texture lighting.",Prompts/ConceptArt/env_infernal_fortress_infernal_arena_ring_001_concept_sheet.txt,Prompts/Meshy/env_infernal_fortress_infernal_arena_ring_001_geometry.txt,Prompts/Texture/env_infernal_fortress_infernal_arena_ring_001_texture.txt,Silhouette readable; correct scale; grid/pivot compliance; material separation; no baked VFX; LOD budget met; mobile camera test passed
env_infernal_fortress_infernal_brazier_001,Braseiro Infernal,Infernal Brazier,3D Model,Environment,prop,Infernal Fortress,Modular environment kit,Season 1 - Arc 3,P1,N/A,None,None,Infernal Fortress,Yes,Text to 3D,Optional,Modular kit piece,None,None,Yes,800,2000,0.5,0.2,1024x1024,BaseColor; Normal; Metallic; Roughness; AO; Emission optional,2,1.6,Base center; grid-aligned where modular,Simple mesh/box collider,FBX,Assets/_Game/Art/Environments/infernal_fortress/Models,Assets/_Game/Prefabs/Environments/infernal_fortress/PF_infernal_brazier.prefab,infernal_fortress_prop,Infernal Fortress modular grid; material library,1,Planned,Grid alignment; readable silhouette; no hidden internal geometry; collision-safe; battle center remains clear,,ART_REF_001 + Visual Bible v1.0,"heavy basalt-and-iron brazier with wide bowl, thick supports and flame socket",free placement on 0.25m increments,Base centered; stable footprint; no accidental overhang below ground,mat_infernal_basalt; mat_burned_iron; mat_dark_brass; mat_obsidian; mat_infernal_crystal,#17191C #4B2725 #8E2F2B #E2602D #C63A78,VFX_FLAME,"Lava flow, heat distortion, flame, portal energy and animated emissive channels are Unity shaders/VFX, not baked texture lighting.",Prompts/ConceptArt/env_infernal_fortress_infernal_brazier_001_concept_sheet.txt,Prompts/Meshy/env_infernal_fortress_infernal_brazier_001_geometry.txt,Prompts/Texture/env_infernal_fortress_infernal_brazier_001_texture.txt,Silhouette readable; correct scale; grid/pivot compliance; material separation; no baked VFX; LOD budget met; mobile camera test passed
env_infernal_fortress_infernal_bridge_001,Ponte Infernal,Infernal Bridge,3D Model,Environment,large prop,Infernal Fortress,Modular environment kit,Season 1 - Arc 3,P1,N/A,None,None,Infernal Fortress,Yes,Image to 3D,Yes,Modular kit piece,None,None,Yes,2500,6500,0.5,0.2,1024x1024,BaseColor; Normal; Metallic; Roughness; AO; Emission optional,2,7.0,Base center; grid-aligned where modular,Simple mesh/box collider,FBX,Assets/_Game/Art/Environments/infernal_fortress/Models,Assets/_Game/Prefabs/Environments/infernal_fortress/PF_infernal_bridge.prefab,infernal_fortress_large prop,Infernal Fortress modular grid; material library,1,Planned,Grid alignment; readable silhouette; no hidden internal geometry; collision-safe; battle center remains clear,,ART_REF_001 + Visual Bible v1.0,seven-meter heavy basalt bridge with burned iron rails and restrained lava-channel recesses,4m grid,Exact boundary dimensions; origin at base center; no protrusion across snap plane,mat_infernal_basalt; mat_burned_iron; mat_dark_brass; mat_obsidian; mat_infernal_crystal,#17191C #4B2725 #8E2F2B #E2602D #C63A78,SNAP_GRID_BASE; SNAP_N; SNAP_E; SNAP_S; SNAP_W; CAMERA_FOCUS,"Lava flow, heat distortion, flame, portal energy and animated emissive channels are Unity shaders/VFX, not baked texture lighting.",Prompts/ConceptArt/env_infernal_fortress_infernal_bridge_001_concept_sheet.txt,Prompts/Meshy/env_infernal_fortress_infernal_bridge_001_geometry.txt,Prompts/Texture/env_infernal_fortress_infernal_bridge_001_texture.txt,Silhouette readable; correct scale; grid/pivot compliance; material separation; no baked VFX; LOD budget met; mobile camera test passed
env_infernal_fortress_infernal_cage_001,Jaula Infernal,Infernal Cage,3D Model,Environment,prop,Infernal Fortress,Modular environment kit,Season 1 - Arc 3,P1,N/A,None,None,Infernal Fortress,Yes,Text to 3D,Optional,Modular kit piece,None,None,Yes,1000,2800,0.5,0.2,1024x1024,BaseColor; Normal; Metallic; Roughness; AO; Emission optional,2,2.5,Base center; grid-aligned where modular,Simple mesh/box collider,FBX,Assets/_Game/Art/Environments/infernal_fortress/Models,Assets/_Game/Prefabs/Environments/infernal_fortress/PF_infernal_cage.prefab,infernal_fortress_prop,Infernal Fortress modular grid; material library,1,Planned,Grid alignment; readable silhouette; no hidden internal geometry; collision-safe; battle center remains clear,,ART_REF_001 + Visual Bible v1.0,"large burned-iron prison cage with thick bars, broad locking frame and stable footprint",free placement on 0.25m increments,Base centered; stable footprint; no accidental overhang below ground,mat_infernal_basalt; mat_burned_iron; mat_dark_brass; mat_obsidian; mat_infernal_crystal,#17191C #4B2725 #8E2F2B #E2602D #C63A78,INTERACT_PRIMARY,"Lava flow, heat distortion, flame, portal energy and animated emissive channels are Unity shaders/VFX, not baked texture lighting.",Prompts/ConceptArt/env_infernal_fortress_infernal_cage_001_concept_sheet.txt,Prompts/Meshy/env_infernal_fortress_infernal_cage_001_geometry.txt,Prompts/Texture/env_infernal_fortress_infernal_cage_001_texture.txt,Silhouette readable; correct scale; grid/pivot compliance; material separation; no baked VFX; LOD budget met; mobile camera test passed
env_infernal_fortress_infernal_chain_001,Corrente Infernal,Infernal Chain,3D Model,Environment,prop,Infernal Fortress,Modular environment kit,Season 1 - Arc 3,P1,N/A,None,None,Infernal Fortress,Yes,Text to 3D,Optional,Modular kit piece,None,None,Yes,400,1000,0.5,0.2,1024x1024,BaseColor; Normal; Metallic; Roughness; AO; Emission optional,2,3.0,Base center; grid-aligned where modular,Simple mesh/box collider,FBX,Assets/_Game/Art/Environments/infernal_fortress/Models,Assets/_Game/Prefabs/Environments/infernal_fortress/PF_infernal_chain.prefab,infernal_fortress_prop,Infernal Fortress modular grid; material library,1,Planned,Grid alignment; readable silhouette; no hidden internal geometry; collision-safe; battle center remains clear,,ART_REF_001 + Visual Bible v1.0,oversized burned-iron chain segment with thick links suitable for static or lightly animated use,free placement on 0.25m increments,Base centered; stable footprint; no accidental overhang below ground,mat_infernal_basalt; mat_burned_iron; mat_dark_brass; mat_obsidian; mat_infernal_crystal,#17191C #4B2725 #8E2F2B #E2602D #C63A78,CAMERA_FOCUS optional,"Lava flow, heat distortion, flame, portal energy and animated emissive channels are Unity shaders/VFX, not baked texture lighting.",Prompts/ConceptArt/env_infernal_fortress_infernal_chain_001_concept_sheet.txt,Prompts/Meshy/env_infernal_fortress_infernal_chain_001_geometry.txt,Prompts/Texture/env_infernal_fortress_infernal_chain_001_texture.txt,Silhouette readable; correct scale; grid/pivot compliance; material separation; no baked VFX; LOD budget met; mobile camera test passed
env_infernal_fortress_infernal_crystal_001,Cristal Infernal,Infernal Crystal,3D Model,Environment,prop,Infernal Fortress,Modular environment kit,Season 1 - Arc 3,P1,N/A,None,None,Infernal Fortress,Yes,Text to 3D,Optional,Modular kit piece,None,None,Yes,600,1600,0.5,0.2,1024x1024,BaseColor; Normal; Metallic; Roughness; AO; Emission optional,2,1.6,Base center; grid-aligned where modular,Simple mesh/box collider,FBX,Assets/_Game/Art/Environments/infernal_fortress/Models,Assets/_Game/Prefabs/Environments/infernal_fortress/PF_infernal_crystal.prefab,infernal_fortress_prop,Infernal Fortress modular grid; material library,1,Planned,Grid alignment; readable silhouette; no hidden internal geometry; collision-safe; battle center remains clear,,ART_REF_001 + Visual Bible v1.0,"connected infernal crystal cluster with dark red core, broad facets and stable basalt base",free placement on 0.25m increments,Base centered; stable footprint; no accidental overhang below ground,mat_infernal_basalt; mat_burned_iron; mat_dark_brass; mat_obsidian; mat_infernal_crystal,#17191C #4B2725 #8E2F2B #E2602D #C63A78,VFX_CRYSTAL_CORE,"Lava flow, heat distortion, flame, portal energy and animated emissive channels are Unity shaders/VFX, not baked texture lighting.",Prompts/ConceptArt/env_infernal_fortress_infernal_crystal_001_concept_sheet.txt,Prompts/Meshy/env_infernal_fortress_infernal_crystal_001_geometry.txt,Prompts/Texture/env_infernal_fortress_infernal_crystal_001_texture.txt,Silhouette readable; correct scale; grid/pivot compliance; material separation; no baked VFX; LOD budget met; mobile camera test passed
env_infernal_fortress_infernal_gate_001,Portão Infernal,Infernal Gate,3D Model,Environment,large prop,Infernal Fortress,Modular environment kit,Season 1 - Arc 3,P1,N/A,None,None,Infernal Fortress,Yes,Image to 3D,Yes,Modular kit piece,None,None,Yes,3000,7500,0.5,0.2,1024x1024,BaseColor; Normal; Metallic; Roughness; AO; Emission optional,2,5.5,Base center; grid-aligned where modular,Simple mesh/box collider,FBX,Assets/_Game/Art/Environments/infernal_fortress/Models,Assets/_Game/Prefabs/Environments/infernal_fortress/PF_infernal_gate.prefab,infernal_fortress_large prop,Infernal Fortress modular grid; material library,1,Planned,Grid alignment; readable silhouette; no hidden internal geometry; collision-safe; battle center remains clear,,ART_REF_001 + Visual Bible v1.0,massive infernal fortress gate of burned iron and basalt with broad segmented panels and a clear central seam,4m grid,Exact boundary dimensions; origin at base center; no protrusion across snap plane,mat_infernal_basalt; mat_burned_iron; mat_dark_brass; mat_obsidian; mat_infernal_crystal,#17191C #4B2725 #8E2F2B #E2602D #C63A78,SNAP_GRID_BASE; SNAP_N; SNAP_E; SNAP_S; SNAP_W; CAMERA_FOCUS; INTERACT_PRIMARY,"Lava flow, heat distortion, flame, portal energy and animated emissive channels are Unity shaders/VFX, not baked texture lighting.",Prompts/ConceptArt/env_infernal_fortress_infernal_gate_001_concept_sheet.txt,Prompts/Meshy/env_infernal_fortress_infernal_gate_001_geometry.txt,Prompts/Texture/env_infernal_fortress_infernal_gate_001_texture.txt,Silhouette readable; correct scale; grid/pivot compliance; material separation; no baked VFX; LOD budget met; mobile camera test passed
env_infernal_fortress_infernal_platform_001,Plataforma Infernal,Infernal Platform,3D Model,Environment,large prop,Infernal Fortress,Modular environment kit,Season 1 - Arc 3,P1,N/A,None,None,Infernal Fortress,Yes,Image to 3D,Yes,Modular kit piece,None,None,Yes,2200,5500,0.5,0.2,1024x1024,BaseColor; Normal; Metallic; Roughness; AO; Emission optional,2,5.0,Base center; grid-aligned where modular,Simple mesh/box collider,FBX,Assets/_Game/Art/Environments/infernal_fortress/Models,Assets/_Game/Prefabs/Environments/infernal_fortress/PF_infernal_platform.prefab,infernal_fortress_large prop,Infernal Fortress modular grid; material library,1,Planned,Grid alignment; readable silhouette; no hidden internal geometry; collision-safe; battle center remains clear,,ART_REF_001 + Visual Bible v1.0,"five-meter raised basalt platform with heavy steps, iron edging and controlled rune-channel recesses",4m grid,Exact boundary dimensions; origin at base center; no protrusion across snap plane,mat_infernal_basalt; mat_burned_iron; mat_dark_brass; mat_obsidian; mat_infernal_crystal,#17191C #4B2725 #8E2F2B #E2602D #C63A78,SNAP_GRID_BASE; SNAP_N; SNAP_E; SNAP_S; SNAP_W; CAMERA_FOCUS,"Lava flow, heat distortion, flame, portal energy and animated emissive channels are Unity shaders/VFX, not baked texture lighting.",Prompts/ConceptArt/env_infernal_fortress_infernal_platform_001_concept_sheet.txt,Prompts/Meshy/env_infernal_fortress_infernal_platform_001_geometry.txt,Prompts/Texture/env_infernal_fortress_infernal_platform_001_texture.txt,Silhouette readable; correct scale; grid/pivot compliance; material separation; no baked VFX; LOD budget met; mobile camera test passed
env_infernal_fortress_infernal_portal_001,Portal Infernal,Infernal Portal,3D Model,Environment,hero prop,Infernal Fortress,Modular environment kit,Season 1 - Arc 3,P1,N/A,None,None,Infernal Fortress,Yes,Image to 3D,Yes,Modular kit piece,None,None,Yes,3000,8000,0.5,0.2,1024x1024,BaseColor; Normal; Metallic; Roughness; AO; Emission optional,2,4.5,Base center; grid-aligned where modular,Simple mesh/box collider,FBX,Assets/_Game/Art/Environments/infernal_fortress/Models,Assets/_Game/Prefabs/Environments/infernal_fortress/PF_infernal_portal.prefab,infernal_fortress_hero prop,Infernal Fortress modular grid; material library,1,Planned,Grid alignment; readable silhouette; no hidden internal geometry; collision-safe; battle center remains clear,,ART_REF_001 + Visual Bible v1.0,monumental basalt-and-iron portal frame with an empty central opening and sockets for Unity energy effects,free placement on 0.25m increments,Base centered; stable footprint; no accidental overhang below ground,mat_infernal_basalt; mat_burned_iron; mat_dark_brass; mat_obsidian; mat_infernal_crystal,#17191C #4B2725 #8E2F2B #E2602D #C63A78,VFX_PORTAL_CORE; CAMERA_FOCUS; INTERACT_PRIMARY,"Lava flow, heat distortion, flame, portal energy and animated emissive channels are Unity shaders/VFX, not baked texture lighting.",Prompts/ConceptArt/env_infernal_fortress_infernal_portal_001_concept_sheet.txt,Prompts/Meshy/env_infernal_fortress_infernal_portal_001_geometry.txt,Prompts/Texture/env_infernal_fortress_infernal_portal_001_texture.txt,Silhouette readable; correct scale; grid/pivot compliance; material separation; no baked VFX; LOD budget met; mobile camera test passed
env_infernal_fortress_infernal_wall_corner_001,Canto Infernal,Infernal Wall Corner,3D Model,Environment,wall,Infernal Fortress,Modular environment kit,Season 1 - Arc 3,P1,N/A,None,None,Infernal Fortress,Yes,Image to 3D,Yes,Modular kit piece,None,None,Yes,1700,4800,0.5,0.2,1024x1024,BaseColor; Normal; Metallic; Roughness; AO; Emission optional,2,4.0,Base center; grid-aligned where modular,Simple mesh/box collider,FBX,Assets/_Game/Art/Environments/infernal_fortress/Models,Assets/_Game/Prefabs/Environments/infernal_fortress/PF_infernal_wall_corner.prefab,infernal_fortress_wall,Infernal Fortress modular grid; material library,1,Planned,Grid alignment; readable silhouette; no hidden internal geometry; collision-safe; battle center remains clear,,ART_REF_001 + Visual Bible v1.0,"90-degree 4 meter modular infernal wall corner with basalt blocks, iron braces and clean snap edges",4m grid,Exact boundary dimensions; origin at base center; no protrusion across snap plane,mat_infernal_basalt; mat_burned_iron; mat_dark_brass; mat_obsidian; mat_infernal_crystal,#17191C #4B2725 #8E2F2B #E2602D #C63A78,SNAP_GRID_BASE; SNAP_N; SNAP_E; SNAP_S; SNAP_W,"Lava flow, heat distortion, flame, portal energy and animated emissive channels are Unity shaders/VFX, not baked texture lighting.",Prompts/ConceptArt/env_infernal_fortress_infernal_wall_corner_001_concept_sheet.txt,Prompts/Meshy/env_infernal_fortress_infernal_wall_corner_001_geometry.txt,Prompts/Texture/env_infernal_fortress_infernal_wall_corner_001_texture.txt,Silhouette readable; correct scale; grid/pivot compliance; material separation; no baked VFX; LOD budget met; mobile camera test passed
env_infernal_fortress_infernal_wall_straight_001,Muralha Infernal,Infernal Wall,3D Model,Environment,wall,Infernal Fortress,Modular environment kit,Season 1 - Arc 3,P1,N/A,None,None,Infernal Fortress,Yes,Image to 3D,Yes,Modular kit piece,None,None,Yes,1500,4200,0.5,0.2,1024x1024,BaseColor; Normal; Metallic; Roughness; AO; Emission optional,2,4.0,Base center; grid-aligned where modular,Simple mesh/box collider,FBX,Assets/_Game/Art/Environments/infernal_fortress/Models,Assets/_Game/Prefabs/Environments/infernal_fortress/PF_infernal_wall_straight.prefab,infernal_fortress_wall,Infernal Fortress modular grid; material library,1,Planned,Grid alignment; readable silhouette; no hidden internal geometry; collision-safe; battle center remains clear,,ART_REF_001 + Visual Bible v1.0,straight 4 meter modular infernal wall with broad basalt construction and restrained wedge ornament,4m grid,Exact boundary dimensions; origin at base center; no protrusion across snap plane,mat_infernal_basalt; mat_burned_iron; mat_dark_brass; mat_obsidian; mat_infernal_crystal,#17191C #4B2725 #8E2F2B #E2602D #C63A78,SNAP_GRID_BASE; SNAP_N; SNAP_E; SNAP_S; SNAP_W,"Lava flow, heat distortion, flame, portal energy and animated emissive channels are Unity shaders/VFX, not baked texture lighting.",Prompts/ConceptArt/env_infernal_fortress_infernal_wall_straight_001_concept_sheet.txt,Prompts/Meshy/env_infernal_fortress_infernal_wall_straight_001_geometry.txt,Prompts/Texture/env_infernal_fortress_infernal_wall_straight_001_texture.txt,Silhouette readable; correct scale; grid/pivot compliance; material separation; no baked VFX; LOD budget met; mobile camera test passed
env_infernal_fortress_lava_channel_bend_001,Curva de Canal de Lava,Lava Channel Bend,3D Model,Environment,tile,Infernal Fortress,Modular environment kit,Season 1 - Arc 3,P1,N/A,None,None,Infernal Fortress,Yes,Text to 3D,Optional,Modular kit piece,None,None,Yes,800,2000,0.5,0.2,1024x1024,BaseColor; Normal; Metallic; Roughness; AO; Emission optional,2,4.0,Base center; grid-aligned where modular,Simple mesh/box collider,FBX,Assets/_Game/Art/Environments/infernal_fortress/Models,Assets/_Game/Prefabs/Environments/infernal_fortress/PF_lava_channel_bend.prefab,infernal_fortress_tile,Infernal Fortress modular grid; material library,1,Planned,Grid alignment; readable silhouette; no hidden internal geometry; collision-safe; battle center remains clear,,ART_REF_001 + Visual Bible v1.0,90-degree 4 meter floor channel module with basalt banks and empty recessed bed for animated Unity lava shader,4m grid,Exact boundary dimensions; origin at base center; no protrusion across snap plane,mat_infernal_basalt; mat_burned_iron; mat_dark_brass; mat_obsidian; mat_infernal_crystal,#17191C #4B2725 #8E2F2B #E2602D #C63A78,SNAP_GRID_BASE; SNAP_N; SNAP_E; SNAP_S; SNAP_W; VFX_LAVA,"Lava flow, heat distortion, flame, portal energy and animated emissive channels are Unity shaders/VFX, not baked texture lighting.",Prompts/ConceptArt/env_infernal_fortress_lava_channel_bend_001_concept_sheet.txt,Prompts/Meshy/env_infernal_fortress_lava_channel_bend_001_geometry.txt,Prompts/Texture/env_infernal_fortress_lava_channel_bend_001_texture.txt,Silhouette readable; correct scale; grid/pivot compliance; material separation; no baked VFX; LOD budget met; mobile camera test passed
env_infernal_fortress_lava_channel_straight_001,Canal de Lava Reto,Straight Lava Channel,3D Model,Environment,tile,Infernal Fortress,Modular environment kit,Season 1 - Arc 3,P1,N/A,None,None,Infernal Fortress,Yes,Text to 3D,Optional,Modular kit piece,None,None,Yes,700,1800,0.5,0.2,1024x1024,BaseColor; Normal; Metallic; Roughness; AO; Emission optional,2,4.0,Base center; grid-aligned where modular,Simple mesh/box collider,FBX,Assets/_Game/Art/Environments/infernal_fortress/Models,Assets/_Game/Prefabs/Environments/infernal_fortress/PF_lava_channel_straight.prefab,infernal_fortress_tile,Infernal Fortress modular grid; material library,1,Planned,Grid alignment; readable silhouette; no hidden internal geometry; collision-safe; battle center remains clear,,ART_REF_001 + Visual Bible v1.0,straight 4 meter floor channel module with basalt banks and empty recessed bed for animated Unity lava shader,4m grid,Exact boundary dimensions; origin at base center; no protrusion across snap plane,mat_infernal_basalt; mat_burned_iron; mat_dark_brass; mat_obsidian; mat_infernal_crystal,#17191C #4B2725 #8E2F2B #E2602D #C63A78,SNAP_GRID_BASE; SNAP_N; SNAP_E; SNAP_S; SNAP_W; VFX_LAVA,"Lava flow, heat distortion, flame, portal energy and animated emissive channels are Unity shaders/VFX, not baked texture lighting.",Prompts/ConceptArt/env_infernal_fortress_lava_channel_straight_001_concept_sheet.txt,Prompts/Meshy/env_infernal_fortress_lava_channel_straight_001_geometry.txt,Prompts/Texture/env_infernal_fortress_lava_channel_straight_001_texture.txt,Silhouette readable; correct scale; grid/pivot compliance; material separation; no baked VFX; LOD budget met; mobile camera test passed
env_infernal_fortress_lava_fall_001,Cascata de Lava,Lava Fall,3D Model,Environment,environment effect mesh,Infernal Fortress,Modular environment kit,Season 1 - Arc 3,P1,N/A,None,None,Infernal Fortress,Yes,Image to 3D,Yes,Modular kit piece,None,None,Yes,1000,3000,0.5,0.2,1024x1024,BaseColor; Normal; Metallic; Roughness; AO; Emission optional,2,5.0,Base center; grid-aligned where modular,Simple mesh/box collider,FBX,Assets/_Game/Art/Environments/infernal_fortress/Models,Assets/_Game/Prefabs/Environments/infernal_fortress/PF_lava_fall.prefab,infernal_fortress_environment effect mesh,Infernal Fortress modular grid; material library,1,Planned,Grid alignment; readable silhouette; no hidden internal geometry; collision-safe; battle center remains clear,,ART_REF_001 + Visual Bible v1.0,"solid rock frame and ledge for a five-meter lava fall, with an empty waterfall volume reserved for Unity VFX mesh or shader",free placement on 0.25m increments,Base centered; stable footprint; no accidental overhang below ground,mat_infernal_basalt; mat_burned_iron; mat_dark_brass; mat_obsidian; mat_infernal_crystal,#17191C #4B2725 #8E2F2B #E2602D #C63A78,VFX_LAVA,"Lava flow, heat distortion, flame, portal energy and animated emissive channels are Unity shaders/VFX, not baked texture lighting.",Prompts/ConceptArt/env_infernal_fortress_lava_fall_001_concept_sheet.txt,Prompts/Meshy/env_infernal_fortress_lava_fall_001_geometry.txt,Prompts/Texture/env_infernal_fortress_lava_fall_001_texture.txt,Silhouette readable; correct scale; grid/pivot compliance; material separation; no baked VFX; LOD budget met; mobile camera test passed
env_infernal_fortress_spike_barricade_001,Barricada de Espinhos,Spike Barricade,3D Model,Environment,prop,Infernal Fortress,Modular environment kit,Season 1 - Arc 3,P1,N/A,None,None,Infernal Fortress,Yes,Text to 3D,Optional,Modular kit piece,None,None,Yes,1100,2800,0.5,0.2,1024x1024,BaseColor; Normal; Metallic; Roughness; AO; Emission optional,2,2.5,Base center; grid-aligned where modular,Simple mesh/box collider,FBX,Assets/_Game/Art/Environments/infernal_fortress/Models,Assets/_Game/Prefabs/Environments/infernal_fortress/PF_spike_barricade.prefab,infernal_fortress_prop,Infernal Fortress modular grid; material library,1,Planned,Grid alignment; readable silhouette; no hidden internal geometry; collision-safe; battle center remains clear,,ART_REF_001 + Visual Bible v1.0,"broad infernal barricade with thick burned-iron stakes, basalt base and mobile-safe wedge shapes",free placement on 0.25m increments,Base centered; stable footprint; no accidental overhang below ground,mat_infernal_basalt; mat_burned_iron; mat_dark_brass; mat_obsidian; mat_infernal_crystal,#17191C #4B2725 #8E2F2B #E2602D #C63A78,CAMERA_FOCUS optional,"Lava flow, heat distortion, flame, portal energy and animated emissive channels are Unity shaders/VFX, not baked texture lighting.",Prompts/ConceptArt/env_infernal_fortress_spike_barricade_001_concept_sheet.txt,Prompts/Meshy/env_infernal_fortress_spike_barricade_001_geometry.txt,Prompts/Texture/env_infernal_fortress_spike_barricade_001_texture.txt,Silhouette readable; correct scale; grid/pivot compliance; material separation; no baked VFX; LOD budget met; mobile camera test passed
station_alchemist_t01_001,Laboratório T1,Laboratory T1,3D Model,Crafting Station,Alchemist,Crafting,Alquimista production station milestone,Vertical Slice,P0,T1,None,Alquimista,Global,Yes,Text to 3D,Optional,Station base + milestone upgrade variant,Generic optional,anim_station_alchemist,Yes,4000,6500,0.5,0.2,1024x1024,BaseColor; Normal; Metallic; Roughness; AO; Emission optional,3,3.5,Base center; work interaction point marked,Compound box colliders,FBX,Assets/_Game/Art/Crafting/Stations/Alchemist/T1,Assets/_Game/Prefabs/Crafting/Stations/PF_alchemist_t01.prefab,station_alchemist_milestones,Station interaction socket; profession material kit,1,Planned,Immediate Alquimista readability; irregular e orgânica silhouette; clear work area; milestone visibly stronger than prior tier,,ART_REF_001 + Visual Bible v1.0,"Laboratory milestone station for Alquimista, Aprendiz / Fronteira; irregular, organic and clustered; includes cauldron, bottles, tubes, herb rack, burner, mortar and a clear mixing position",4m x 4m station footprint; may extend visually upward but not block adjacent interaction cell,Origin at base center; front faces +Z; work interaction point at front-right or front-center; clear 1.2m NPC work zone,"weathered timber, copper, iron, ceramic, thick glass, dried herbs and localized liquid color",#5B3B27 #A66A32 #536A3B #72C94A #F06432,WORK_CAULDRON; INTERACT_WORK; OUTPUT_SPAWN; CAMERA_FOCUS; AUDIO_WORK; VFX_PRIMARY; VFX_SECONDARY,"none except real flame or liquid handled later in Unity. Fire, liquids, levitation, particles and output reveal are Unity VFX/animation layers.",Prompts/ConceptArt/station_alchemist_t01_001_concept_sheet.txt,Prompts/Meshy/station_alchemist_t01_001_geometry.txt,Prompts/Texture/station_alchemist_t01_001_texture.txt,Profession readable without UI; Tier milestone visible; work zone clear; sockets valid; no baked animation/VFX; LOD budget met; 3/4 camera test passed
station_blacksmith_t01_001,Forja T1,Forge T1,3D Model,Crafting Station,Blacksmith,Crafting,Ferreiro production station milestone,Vertical Slice,P0,T1,None,Ferreiro,Global,Yes,Text to 3D,Optional,Station base + milestone upgrade variant,Generic optional,anim_station_blacksmith,Yes,4000,6500,0.5,0.2,1024x1024,BaseColor; Normal; Metallic; Roughness; AO; Emission optional,3,3.5,Base center; work interaction point marked,Compound box colliders,FBX,Assets/_Game/Art/Crafting/Stations/Blacksmith/T1,Assets/_Game/Prefabs/Crafting/Stations/PF_blacksmith_t01.prefab,station_blacksmith_milestones,Station interaction socket; profession material kit,1,Planned,Immediate Ferreiro readability; quadrada e pesada silhouette; clear work area; milestone visibly stronger than prior tier,,ART_REF_001 + Visual Bible v1.0,"Forge milestone station for Ferreiro, Aprendiz / Fronteira; square, heavy and grounded; includes furnace, anvil, bellows, tool rack, coal or ember bed and a clear hammering work area",4m x 4m station footprint; may extend visually upward but not block adjacent interaction cell,Origin at base center; front faces +Z; work interaction point at front-right or front-center; clear 1.2m NPC work zone,"stone, dark timber, worked iron, bronze fittings and controlled ember channels",#34383B #58636A #5B3B27 #A66A32 #E46F2A,WORK_ANVIL; INTERACT_WORK; OUTPUT_SPAWN; CAMERA_FOCUS; AUDIO_WORK; VFX_PRIMARY; VFX_SECONDARY,"none except real flame or liquid handled later in Unity. Fire, liquids, levitation, particles and output reveal are Unity VFX/animation layers.",Prompts/ConceptArt/station_blacksmith_t01_001_concept_sheet.txt,Prompts/Meshy/station_blacksmith_t01_001_geometry.txt,Prompts/Texture/station_blacksmith_t01_001_texture.txt,Profession readable without UI; Tier milestone visible; work zone clear; sockets valid; no baked animation/VFX; LOD budget met; 3/4 camera test passed
station_enchanter_t01_001,Mesa Arcana T1,Arcane Table T1,3D Model,Crafting Station,Enchanter,Crafting,Encantador production station milestone,Vertical Slice,P0,T1,None,Encantador,Global,Yes,Text to 3D,Optional,Station base + milestone upgrade variant,Generic optional,anim_station_enchanter,Yes,4000,6500,0.5,0.2,1024x1024,BaseColor; Normal; Metallic; Roughness; AO; Emission optional,3,3.5,Base center; work interaction point marked,Compound box colliders,FBX,Assets/_Game/Art/Crafting/Stations/Enchanter/T1,Assets/_Game/Prefabs/Crafting/Stations/PF_enchanter_t01.prefab,station_enchanter_milestones,Station interaction socket; profession material kit,1,Planned,Immediate Encantador readability; circular e vertical silhouette; clear work area; milestone visibly stronger than prior tier,,ART_REF_001 + Visual Bible v1.0,"Arcane Table milestone station for Encantador, Aprendiz / Fronteira; circular, vertical and centered; includes runic table, crystals, books, inscription tools, one controlled floating focus and a clear channeling position",4m x 4m station footprint; may extend visually upward but not block adjacent interaction cell,Origin at base center; front faces +Z; work interaction point at front-right or front-center; clear 1.2m NPC work zone,"dark carved wood, rune-inlaid stone, brass, parchment, crystal and localized arcane emission",#2D3540 #315A7D #25A7FF #7547C7 #D7C49A,WORK_RUNE_TABLE; INTERACT_WORK; OUTPUT_SPAWN; CAMERA_FOCUS; AUDIO_WORK; VFX_PRIMARY; VFX_SECONDARY,"none except real flame or liquid handled later in Unity. Fire, liquids, levitation, particles and output reveal are Unity VFX/animation layers.",Prompts/ConceptArt/station_enchanter_t01_001_concept_sheet.txt,Prompts/Meshy/station_enchanter_t01_001_geometry.txt,Prompts/Texture/station_enchanter_t01_001_texture.txt,Profession readable without UI; Tier milestone visible; work zone clear; sockets valid; no baked animation/VFX; LOD budget met; 3/4 camera test passed
station_gatherer_t01_001,Acampamento de Expedição T1,Expedition Camp T1,3D Model,Crafting Station,Gatherer,Crafting,Coletador production station milestone,Vertical Slice,P0,T1,None,Coletador,Global,Yes,Text to 3D,Optional,Station base + milestone upgrade variant,Generic optional,anim_station_gatherer,Yes,4000,6500,0.5,0.2,1024x1024,BaseColor; Normal; Metallic; Roughness; AO; Emission optional,3,3.5,Base center; work interaction point marked,Compound box colliders,FBX,Assets/_Game/Art/Crafting/Stations/Gatherer/T1,Assets/_Game/Prefabs/Crafting/Stations/PF_gatherer_t01.prefab,station_gatherer_milestones,Station interaction socket; profession material kit,1,Planned,Immediate Coletador readability; triangular e robusta silhouette; clear work area; milestone visibly stronger than prior tier,,ART_REF_001 + Visual Bible v1.0,"Expedition Camp milestone station for Coletador, Aprendiz / Fronteira; triangular, robust and portable; includes small shelter, backpack, maps, crates, rope, mining or gathering tools and a clear planning position",4m x 4m station footprint; may extend visually upward but not block adjacent interaction cell,Origin at base center; front faces +Z; work interaction point at front-right or front-center; clear 1.2m NPC work zone,"canvas, leather, rope, timber, iron tools, maps and specimen containers",#536A3B #7A4C2D #C8BFA9 #58636A #315A7D,WORK_MAP_TABLE; INTERACT_WORK; OUTPUT_SPAWN; CAMERA_FOCUS; AUDIO_WORK; VFX_PRIMARY; VFX_SECONDARY,"none except real flame or liquid handled later in Unity. Fire, liquids, levitation, particles and output reveal are Unity VFX/animation layers.",Prompts/ConceptArt/station_gatherer_t01_001_concept_sheet.txt,Prompts/Meshy/station_gatherer_t01_001_geometry.txt,Prompts/Texture/station_gatherer_t01_001_texture.txt,Profession readable without UI; Tier milestone visible; work zone clear; sockets valid; no baked animation/VFX; LOD budget met; 3/4 camera test passed
station_tailor_t01_001,Ateliê T1,Atelier T1,3D Model,Crafting Station,Tailor,Crafting,Costureiro production station milestone,Vertical Slice,P0,T1,None,Costureiro,Global,Yes,Text to 3D,Optional,Station base + milestone upgrade variant,Generic optional,anim_station_tailor,Yes,4000,6500,0.5,0.2,1024x1024,BaseColor; Normal; Metallic; Roughness; AO; Emission optional,3,3.5,Base center; work interaction point marked,Compound box colliders,FBX,Assets/_Game/Art/Crafting/Stations/Tailor/T1,Assets/_Game/Prefabs/Crafting/Stations/PF_tailor_t01.prefab,station_tailor_milestones,Station interaction socket; profession material kit,1,Planned,Immediate Costureiro readability; horizontal e organizada silhouette; clear work area; milestone visibly stronger than prior tier,,ART_REF_001 + Visual Bible v1.0,"Atelier milestone station for Costureiro, Aprendiz / Fronteira; horizontal, organized and layered; includes workbench, mannequin, fabric rolls, leather sheets, thread spools, cutting tools and a clear sewing work area",4m x 4m station footprint; may extend visually upward but not block adjacent interaction cell,Origin at base center; front faces +Z; work interaction point at front-right or front-center; clear 1.2m NPC work zone,"warm timber, linen, wool, treated leather, brass tools and restrained rune-thread accents",#6B4A32 #C8BFA9 #7A4C2D #315A7D #D8A84E,WORK_BENCH; INTERACT_WORK; OUTPUT_SPAWN; CAMERA_FOCUS; AUDIO_WORK; VFX_PRIMARY; VFX_SECONDARY,"none except real flame or liquid handled later in Unity. Fire, liquids, levitation, particles and output reveal are Unity VFX/animation layers.",Prompts/ConceptArt/station_tailor_t01_001_concept_sheet.txt,Prompts/Meshy/station_tailor_t01_001_geometry.txt,Prompts/Texture/station_tailor_t01_001_texture.txt,Profession readable without UI; Tier milestone visible; work zone clear; sockets valid; no baked animation/VFX; LOD budget met; 3/4 camera test passed
station_alchemist_t03_001,Laboratório T3,Laboratory T3,3D Model,Crafting Station,Alchemist,Crafting,Alquimista production station milestone,MVP,P1,T3,None,Alquimista,Global,Yes,Text to 3D,Optional,Station base + milestone upgrade variant,Generic optional,anim_station_alchemist,Yes,5000,7500,0.5,0.2,1024x1024,BaseColor; Normal; Metallic; Roughness; AO; Emission optional,3,3.5,Base center; work interaction point marked,Compound box colliders,FBX,Assets/_Game/Art/Crafting/Stations/Alchemist/T3,Assets/_Game/Prefabs/Crafting/Stations/PF_alchemist_t03.prefab,station_alchemist_milestones,Station interaction socket; profession material kit,1,Planned,Immediate Alquimista readability; irregular e orgânica silhouette; clear work area; milestone visibly stronger than prior tier,,ART_REF_001 + Visual Bible v1.0,"Laboratory milestone station for Alquimista, Proficiente / Rúnico; irregular, organic and clustered; includes cauldron, bottles, tubes, herb rack, burner, mortar and a clear mixing position",4m x 4m station footprint; may extend visually upward but not block adjacent interaction cell,Origin at base center; front faces +Z; work interaction point at front-right or front-center; clear 1.2m NPC work zone,"weathered timber, copper, iron, ceramic, thick glass, dried herbs and localized liquid color",#5B3B27 #A66A32 #536A3B #72C94A #F06432,WORK_CAULDRON; INTERACT_WORK; OUTPUT_SPAWN; CAMERA_FOCUS; AUDIO_WORK; VFX_PRIMARY; VFX_SECONDARY,"one small localized magical or heated focus. Fire, liquids, levitation, particles and output reveal are Unity VFX/animation layers.",Prompts/ConceptArt/station_alchemist_t03_001_concept_sheet.txt,Prompts/Meshy/station_alchemist_t03_001_geometry.txt,Prompts/Texture/station_alchemist_t03_001_texture.txt,Profession readable without UI; Tier milestone visible; work zone clear; sockets valid; no baked animation/VFX; LOD budget met; 3/4 camera test passed
station_blacksmith_t03_001,Forja T3,Forge T3,3D Model,Crafting Station,Blacksmith,Crafting,Ferreiro production station milestone,MVP,P1,T3,None,Ferreiro,Global,Yes,Text to 3D,Optional,Station base + milestone upgrade variant,Generic optional,anim_station_blacksmith,Yes,5000,7500,0.5,0.2,1024x1024,BaseColor; Normal; Metallic; Roughness; AO; Emission optional,3,3.5,Base center; work interaction point marked,Compound box colliders,FBX,Assets/_Game/Art/Crafting/Stations/Blacksmith/T3,Assets/_Game/Prefabs/Crafting/Stations/PF_blacksmith_t03.prefab,station_blacksmith_milestones,Station interaction socket; profession material kit,1,Planned,Immediate Ferreiro readability; quadrada e pesada silhouette; clear work area; milestone visibly stronger than prior tier,,ART_REF_001 + Visual Bible v1.0,"Forge milestone station for Ferreiro, Proficiente / Rúnico; square, heavy and grounded; includes furnace, anvil, bellows, tool rack, coal or ember bed and a clear hammering work area",4m x 4m station footprint; may extend visually upward but not block adjacent interaction cell,Origin at base center; front faces +Z; work interaction point at front-right or front-center; clear 1.2m NPC work zone,"stone, dark timber, worked iron, bronze fittings and controlled ember channels",#34383B #58636A #5B3B27 #A66A32 #E46F2A,WORK_ANVIL; INTERACT_WORK; OUTPUT_SPAWN; CAMERA_FOCUS; AUDIO_WORK; VFX_PRIMARY; VFX_SECONDARY,"one small localized magical or heated focus. Fire, liquids, levitation, particles and output reveal are Unity VFX/animation layers.",Prompts/ConceptArt/station_blacksmith_t03_001_concept_sheet.txt,Prompts/Meshy/station_blacksmith_t03_001_geometry.txt,Prompts/Texture/station_blacksmith_t03_001_texture.txt,Profession readable without UI; Tier milestone visible; work zone clear; sockets valid; no baked animation/VFX; LOD budget met; 3/4 camera test passed
station_enchanter_t03_001,Mesa Arcana T3,Arcane Table T3,3D Model,Crafting Station,Enchanter,Crafting,Encantador production station milestone,MVP,P1,T3,None,Encantador,Global,Yes,Text to 3D,Optional,Station base + milestone upgrade variant,Generic optional,anim_station_enchanter,Yes,5000,7500,0.5,0.2,1024x1024,BaseColor; Normal; Metallic; Roughness; AO; Emission optional,3,3.5,Base center; work interaction point marked,Compound box colliders,FBX,Assets/_Game/Art/Crafting/Stations/Enchanter/T3,Assets/_Game/Prefabs/Crafting/Stations/PF_enchanter_t03.prefab,station_enchanter_milestones,Station interaction socket; profession material kit,1,Planned,Immediate Encantador readability; circular e vertical silhouette; clear work area; milestone visibly stronger than prior tier,,ART_REF_001 + Visual Bible v1.0,"Arcane Table milestone station for Encantador, Proficiente / Rúnico; circular, vertical and centered; includes runic table, crystals, books, inscription tools, one controlled floating focus and a clear channeling position",4m x 4m station footprint; may extend visually upward but not block adjacent interaction cell,Origin at base center; front faces +Z; work interaction point at front-right or front-center; clear 1.2m NPC work zone,"dark carved wood, rune-inlaid stone, brass, parchment, crystal and localized arcane emission",#2D3540 #315A7D #25A7FF #7547C7 #D7C49A,WORK_RUNE_TABLE; INTERACT_WORK; OUTPUT_SPAWN; CAMERA_FOCUS; AUDIO_WORK; VFX_PRIMARY; VFX_SECONDARY,"one small localized magical or heated focus. Fire, liquids, levitation, particles and output reveal are Unity VFX/animation layers.",Prompts/ConceptArt/station_enchanter_t03_001_concept_sheet.txt,Prompts/Meshy/station_enchanter_t03_001_geometry.txt,Prompts/Texture/station_enchanter_t03_001_texture.txt,Profession readable without UI; Tier milestone visible; work zone clear; sockets valid; no baked animation/VFX; LOD budget met; 3/4 camera test passed
station_gatherer_t03_001,Acampamento de Expedição T3,Expedition Camp T3,3D Model,Crafting Station,Gatherer,Crafting,Coletador production station milestone,MVP,P1,T3,None,Coletador,Global,Yes,Text to 3D,Optional,Station base + milestone upgrade variant,Generic optional,anim_station_gatherer,Yes,5000,7500,0.5,0.2,1024x1024,BaseColor; Normal; Metallic; Roughness; AO; Emission optional,3,3.5,Base center; work interaction point marked,Compound box colliders,FBX,Assets/_Game/Art/Crafting/Stations/Gatherer/T3,Assets/_Game/Prefabs/Crafting/Stations/PF_gatherer_t03.prefab,station_gatherer_milestones,Station interaction socket; profession material kit,1,Planned,Immediate Coletador readability; triangular e robusta silhouette; clear work area; milestone visibly stronger than prior tier,,ART_REF_001 + Visual Bible v1.0,"Expedition Camp milestone station for Coletador, Proficiente / Rúnico; triangular, robust and portable; includes small shelter, backpack, maps, crates, rope, mining or gathering tools and a clear planning position",4m x 4m station footprint; may extend visually upward but not block adjacent interaction cell,Origin at base center; front faces +Z; work interaction point at front-right or front-center; clear 1.2m NPC work zone,"canvas, leather, rope, timber, iron tools, maps and specimen containers",#536A3B #7A4C2D #C8BFA9 #58636A #315A7D,WORK_MAP_TABLE; INTERACT_WORK; OUTPUT_SPAWN; CAMERA_FOCUS; AUDIO_WORK; VFX_PRIMARY; VFX_SECONDARY,"one small localized magical or heated focus. Fire, liquids, levitation, particles and output reveal are Unity VFX/animation layers.",Prompts/ConceptArt/station_gatherer_t03_001_concept_sheet.txt,Prompts/Meshy/station_gatherer_t03_001_geometry.txt,Prompts/Texture/station_gatherer_t03_001_texture.txt,Profession readable without UI; Tier milestone visible; work zone clear; sockets valid; no baked animation/VFX; LOD budget met; 3/4 camera test passed
station_tailor_t03_001,Ateliê T3,Atelier T3,3D Model,Crafting Station,Tailor,Crafting,Costureiro production station milestone,MVP,P1,T3,None,Costureiro,Global,Yes,Text to 3D,Optional,Station base + milestone upgrade variant,Generic optional,anim_station_tailor,Yes,5000,7500,0.5,0.2,1024x1024,BaseColor; Normal; Metallic; Roughness; AO; Emission optional,3,3.5,Base center; work interaction point marked,Compound box colliders,FBX,Assets/_Game/Art/Crafting/Stations/Tailor/T3,Assets/_Game/Prefabs/Crafting/Stations/PF_tailor_t03.prefab,station_tailor_milestones,Station interaction socket; profession material kit,1,Planned,Immediate Costureiro readability; horizontal e organizada silhouette; clear work area; milestone visibly stronger than prior tier,,ART_REF_001 + Visual Bible v1.0,"Atelier milestone station for Costureiro, Proficiente / Rúnico; horizontal, organized and layered; includes workbench, mannequin, fabric rolls, leather sheets, thread spools, cutting tools and a clear sewing work area",4m x 4m station footprint; may extend visually upward but not block adjacent interaction cell,Origin at base center; front faces +Z; work interaction point at front-right or front-center; clear 1.2m NPC work zone,"warm timber, linen, wool, treated leather, brass tools and restrained rune-thread accents",#6B4A32 #C8BFA9 #7A4C2D #315A7D #D8A84E,WORK_BENCH; INTERACT_WORK; OUTPUT_SPAWN; CAMERA_FOCUS; AUDIO_WORK; VFX_PRIMARY; VFX_SECONDARY,"one small localized magical or heated focus. Fire, liquids, levitation, particles and output reveal are Unity VFX/animation layers.",Prompts/ConceptArt/station_tailor_t03_001_concept_sheet.txt,Prompts/Meshy/station_tailor_t03_001_geometry.txt,Prompts/Texture/station_tailor_t03_001_texture.txt,Profession readable without UI; Tier milestone visible; work zone clear; sockets valid; no baked animation/VFX; LOD budget met; 3/4 camera test passed
station_alchemist_t05_001,Laboratório T5,Laboratory T5,3D Model,Crafting Station,Alchemist,Crafting,Alquimista production station milestone,Season 1,P2,T5,None,Alquimista,Global,Yes,Image to 3D,Yes,Station base + milestone upgrade variant,Generic optional,anim_station_alchemist,Yes,6000,8500,0.5,0.2,1024x1024,BaseColor; Normal; Metallic; Roughness; AO; Emission optional,3,3.5,Base center; work interaction point marked,Compound box colliders,FBX,Assets/_Game/Art/Crafting/Stations/Alchemist/T5,Assets/_Game/Prefabs/Crafting/Stations/PF_alchemist_t05.prefab,station_alchemist_milestones,Station interaction socket; profession material kit,1,Planned,Immediate Alquimista readability; irregular e orgânica silhouette; clear work area; milestone visibly stronger than prior tier,,ART_REF_001 + Visual Bible v1.0,"Laboratory milestone station for Alquimista, Mestre / Ancestral; irregular, organic and clustered; includes cauldron, bottles, tubes, herb rack, burner, mortar and a clear mixing position",4m x 4m station footprint; may extend visually upward but not block adjacent interaction cell,Origin at base center; front faces +Z; work interaction point at front-right or front-center; clear 1.2m NPC work zone,"weathered timber, copper, iron, ceramic, thick glass, dried herbs and localized liquid color",#5B3B27 #A66A32 #536A3B #72C94A #F06432,WORK_CAULDRON; INTERACT_WORK; OUTPUT_SPAWN; CAMERA_FOCUS; AUDIO_WORK; VFX_PRIMARY; VFX_SECONDARY,"up to two localized focal points. Fire, liquids, levitation, particles and output reveal are Unity VFX/animation layers.",Prompts/ConceptArt/station_alchemist_t05_001_concept_sheet.txt,Prompts/Meshy/station_alchemist_t05_001_geometry.txt,Prompts/Texture/station_alchemist_t05_001_texture.txt,Profession readable without UI; Tier milestone visible; work zone clear; sockets valid; no baked animation/VFX; LOD budget met; 3/4 camera test passed
station_alchemist_t07_001,Laboratório T7,Laboratory T7,3D Model,Crafting Station,Alchemist,Crafting,Alquimista production station milestone,Season 1,P2,T7,None,Alquimista,Global,Yes,Image to 3D,Yes,Station base + milestone upgrade variant,Generic optional,anim_station_alchemist,Yes,7000,9500,0.5,0.2,2048x2048,BaseColor; Normal; Metallic; Roughness; AO; Emission optional,3,3.5,Base center; work interaction point marked,Compound box colliders,FBX,Assets/_Game/Art/Crafting/Stations/Alchemist/T7,Assets/_Game/Prefabs/Crafting/Stations/PF_alchemist_t07.prefab,station_alchemist_milestones,Station interaction socket; profession material kit,1,Planned,Immediate Alquimista readability; irregular e orgânica silhouette; clear work area; milestone visibly stronger than prior tier,,ART_REF_001 + Visual Bible v1.0,"Laboratory milestone station for Alquimista, Grão-Mestre / Astral; irregular, organic and clustered; includes cauldron, bottles, tubes, herb rack, burner, mortar and a clear mixing position",4m x 4m station footprint; may extend visually upward but not block adjacent interaction cell,Origin at base center; front faces +Z; work interaction point at front-right or front-center; clear 1.2m NPC work zone,"weathered timber, copper, iron, ceramic, thick glass, dried herbs and localized liquid color",#5B3B27 #A66A32 #536A3B #72C94A #F06432,WORK_CAULDRON; INTERACT_WORK; OUTPUT_SPAWN; CAMERA_FOCUS; AUDIO_WORK; VFX_PRIMARY; VFX_SECONDARY,"localized animated rune channels, never full-surface. Fire, liquids, levitation, particles and output reveal are Unity VFX/animation layers.",Prompts/ConceptArt/station_alchemist_t07_001_concept_sheet.txt,Prompts/Meshy/station_alchemist_t07_001_geometry.txt,Prompts/Texture/station_alchemist_t07_001_texture.txt,Profession readable without UI; Tier milestone visible; work zone clear; sockets valid; no baked animation/VFX; LOD budget met; 3/4 camera test passed
station_blacksmith_t05_001,Forja T5,Forge T5,3D Model,Crafting Station,Blacksmith,Crafting,Ferreiro production station milestone,Season 1,P2,T5,None,Ferreiro,Global,Yes,Image to 3D,Yes,Station base + milestone upgrade variant,Generic optional,anim_station_blacksmith,Yes,6000,8500,0.5,0.2,1024x1024,BaseColor; Normal; Metallic; Roughness; AO; Emission optional,3,3.5,Base center; work interaction point marked,Compound box colliders,FBX,Assets/_Game/Art/Crafting/Stations/Blacksmith/T5,Assets/_Game/Prefabs/Crafting/Stations/PF_blacksmith_t05.prefab,station_blacksmith_milestones,Station interaction socket; profession material kit,1,Planned,Immediate Ferreiro readability; quadrada e pesada silhouette; clear work area; milestone visibly stronger than prior tier,,ART_REF_001 + Visual Bible v1.0,"Forge milestone station for Ferreiro, Mestre / Ancestral; square, heavy and grounded; includes furnace, anvil, bellows, tool rack, coal or ember bed and a clear hammering work area",4m x 4m station footprint; may extend visually upward but not block adjacent interaction cell,Origin at base center; front faces +Z; work interaction point at front-right or front-center; clear 1.2m NPC work zone,"stone, dark timber, worked iron, bronze fittings and controlled ember channels",#34383B #58636A #5B3B27 #A66A32 #E46F2A,WORK_ANVIL; INTERACT_WORK; OUTPUT_SPAWN; CAMERA_FOCUS; AUDIO_WORK; VFX_PRIMARY; VFX_SECONDARY,"up to two localized focal points. Fire, liquids, levitation, particles and output reveal are Unity VFX/animation layers.",Prompts/ConceptArt/station_blacksmith_t05_001_concept_sheet.txt,Prompts/Meshy/station_blacksmith_t05_001_geometry.txt,Prompts/Texture/station_blacksmith_t05_001_texture.txt,Profession readable without UI; Tier milestone visible; work zone clear; sockets valid; no baked animation/VFX; LOD budget met; 3/4 camera test passed
station_blacksmith_t07_001,Forja T7,Forge T7,3D Model,Crafting Station,Blacksmith,Crafting,Ferreiro production station milestone,Season 1,P2,T7,None,Ferreiro,Global,Yes,Image to 3D,Yes,Station base + milestone upgrade variant,Generic optional,anim_station_blacksmith,Yes,7000,9500,0.5,0.2,2048x2048,BaseColor; Normal; Metallic; Roughness; AO; Emission optional,3,3.5,Base center; work interaction point marked,Compound box colliders,FBX,Assets/_Game/Art/Crafting/Stations/Blacksmith/T7,Assets/_Game/Prefabs/Crafting/Stations/PF_blacksmith_t07.prefab,station_blacksmith_milestones,Station interaction socket; profession material kit,1,Planned,Immediate Ferreiro readability; quadrada e pesada silhouette; clear work area; milestone visibly stronger than prior tier,,ART_REF_001 + Visual Bible v1.0,"Forge milestone station for Ferreiro, Grão-Mestre / Astral; square, heavy and grounded; includes furnace, anvil, bellows, tool rack, coal or ember bed and a clear hammering work area",4m x 4m station footprint; may extend visually upward but not block adjacent interaction cell,Origin at base center; front faces +Z; work interaction point at front-right or front-center; clear 1.2m NPC work zone,"stone, dark timber, worked iron, bronze fittings and controlled ember channels",#34383B #58636A #5B3B27 #A66A32 #E46F2A,WORK_ANVIL; INTERACT_WORK; OUTPUT_SPAWN; CAMERA_FOCUS; AUDIO_WORK; VFX_PRIMARY; VFX_SECONDARY,"localized animated rune channels, never full-surface. Fire, liquids, levitation, particles and output reveal are Unity VFX/animation layers.",Prompts/ConceptArt/station_blacksmith_t07_001_concept_sheet.txt,Prompts/Meshy/station_blacksmith_t07_001_geometry.txt,Prompts/Texture/station_blacksmith_t07_001_texture.txt,Profession readable without UI; Tier milestone visible; work zone clear; sockets valid; no baked animation/VFX; LOD budget met; 3/4 camera test passed
station_enchanter_t05_001,Mesa Arcana T5,Arcane Table T5,3D Model,Crafting Station,Enchanter,Crafting,Encantador production station milestone,Season 1,P2,T5,None,Encantador,Global,Yes,Image to 3D,Yes,Station base + milestone upgrade variant,Generic optional,anim_station_enchanter,Yes,6000,8500,0.5,0.2,1024x1024,BaseColor; Normal; Metallic; Roughness; AO; Emission optional,3,3.5,Base center; work interaction point marked,Compound box colliders,FBX,Assets/_Game/Art/Crafting/Stations/Enchanter/T5,Assets/_Game/Prefabs/Crafting/Stations/PF_enchanter_t05.prefab,station_enchanter_milestones,Station interaction socket; profession material kit,1,Planned,Immediate Encantador readability; circular e vertical silhouette; clear work area; milestone visibly stronger than prior tier,,ART_REF_001 + Visual Bible v1.0,"Arcane Table milestone station for Encantador, Mestre / Ancestral; circular, vertical and centered; includes runic table, crystals, books, inscription tools, one controlled floating focus and a clear channeling position",4m x 4m station footprint; may extend visually upward but not block adjacent interaction cell,Origin at base center; front faces +Z; work interaction point at front-right or front-center; clear 1.2m NPC work zone,"dark carved wood, rune-inlaid stone, brass, parchment, crystal and localized arcane emission",#2D3540 #315A7D #25A7FF #7547C7 #D7C49A,WORK_RUNE_TABLE; INTERACT_WORK; OUTPUT_SPAWN; CAMERA_FOCUS; AUDIO_WORK; VFX_PRIMARY; VFX_SECONDARY,"up to two localized focal points. Fire, liquids, levitation, particles and output reveal are Unity VFX/animation layers.",Prompts/ConceptArt/station_enchanter_t05_001_concept_sheet.txt,Prompts/Meshy/station_enchanter_t05_001_geometry.txt,Prompts/Texture/station_enchanter_t05_001_texture.txt,Profession readable without UI; Tier milestone visible; work zone clear; sockets valid; no baked animation/VFX; LOD budget met; 3/4 camera test passed
station_enchanter_t07_001,Mesa Arcana T7,Arcane Table T7,3D Model,Crafting Station,Enchanter,Crafting,Encantador production station milestone,Season 1,P2,T7,None,Encantador,Global,Yes,Image to 3D,Yes,Station base + milestone upgrade variant,Generic optional,anim_station_enchanter,Yes,7000,9500,0.5,0.2,2048x2048,BaseColor; Normal; Metallic; Roughness; AO; Emission optional,3,3.5,Base center; work interaction point marked,Compound box colliders,FBX,Assets/_Game/Art/Crafting/Stations/Enchanter/T7,Assets/_Game/Prefabs/Crafting/Stations/PF_enchanter_t07.prefab,station_enchanter_milestones,Station interaction socket; profession material kit,1,Planned,Immediate Encantador readability; circular e vertical silhouette; clear work area; milestone visibly stronger than prior tier,,ART_REF_001 + Visual Bible v1.0,"Arcane Table milestone station for Encantador, Grão-Mestre / Astral; circular, vertical and centered; includes runic table, crystals, books, inscription tools, one controlled floating focus and a clear channeling position",4m x 4m station footprint; may extend visually upward but not block adjacent interaction cell,Origin at base center; front faces +Z; work interaction point at front-right or front-center; clear 1.2m NPC work zone,"dark carved wood, rune-inlaid stone, brass, parchment, crystal and localized arcane emission",#2D3540 #315A7D #25A7FF #7547C7 #D7C49A,WORK_RUNE_TABLE; INTERACT_WORK; OUTPUT_SPAWN; CAMERA_FOCUS; AUDIO_WORK; VFX_PRIMARY; VFX_SECONDARY,"localized animated rune channels, never full-surface. Fire, liquids, levitation, particles and output reveal are Unity VFX/animation layers.",Prompts/ConceptArt/station_enchanter_t07_001_concept_sheet.txt,Prompts/Meshy/station_enchanter_t07_001_geometry.txt,Prompts/Texture/station_enchanter_t07_001_texture.txt,Profession readable without UI; Tier milestone visible; work zone clear; sockets valid; no baked animation/VFX; LOD budget met; 3/4 camera test passed
station_gatherer_t05_001,Acampamento de Expedição T5,Expedition Camp T5,3D Model,Crafting Station,Gatherer,Crafting,Coletador production station milestone,Season 1,P2,T5,None,Coletador,Global,Yes,Image to 3D,Yes,Station base + milestone upgrade variant,Generic optional,anim_station_gatherer,Yes,6000,8500,0.5,0.2,1024x1024,BaseColor; Normal; Metallic; Roughness; AO; Emission optional,3,3.5,Base center; work interaction point marked,Compound box colliders,FBX,Assets/_Game/Art/Crafting/Stations/Gatherer/T5,Assets/_Game/Prefabs/Crafting/Stations/PF_gatherer_t05.prefab,station_gatherer_milestones,Station interaction socket; profession material kit,1,Planned,Immediate Coletador readability; triangular e robusta silhouette; clear work area; milestone visibly stronger than prior tier,,ART_REF_001 + Visual Bible v1.0,"Expedition Camp milestone station for Coletador, Mestre / Ancestral; triangular, robust and portable; includes small shelter, backpack, maps, crates, rope, mining or gathering tools and a clear planning position",4m x 4m station footprint; may extend visually upward but not block adjacent interaction cell,Origin at base center; front faces +Z; work interaction point at front-right or front-center; clear 1.2m NPC work zone,"canvas, leather, rope, timber, iron tools, maps and specimen containers",#536A3B #7A4C2D #C8BFA9 #58636A #315A7D,WORK_MAP_TABLE; INTERACT_WORK; OUTPUT_SPAWN; CAMERA_FOCUS; AUDIO_WORK; VFX_PRIMARY; VFX_SECONDARY,"up to two localized focal points. Fire, liquids, levitation, particles and output reveal are Unity VFX/animation layers.",Prompts/ConceptArt/station_gatherer_t05_001_concept_sheet.txt,Prompts/Meshy/station_gatherer_t05_001_geometry.txt,Prompts/Texture/station_gatherer_t05_001_texture.txt,Profession readable without UI; Tier milestone visible; work zone clear; sockets valid; no baked animation/VFX; LOD budget met; 3/4 camera test passed
station_gatherer_t07_001,Acampamento de Expedição T7,Expedition Camp T7,3D Model,Crafting Station,Gatherer,Crafting,Coletador production station milestone,Season 1,P2,T7,None,Coletador,Global,Yes,Image to 3D,Yes,Station base + milestone upgrade variant,Generic optional,anim_station_gatherer,Yes,7000,9500,0.5,0.2,2048x2048,BaseColor; Normal; Metallic; Roughness; AO; Emission optional,3,3.5,Base center; work interaction point marked,Compound box colliders,FBX,Assets/_Game/Art/Crafting/Stations/Gatherer/T7,Assets/_Game/Prefabs/Crafting/Stations/PF_gatherer_t07.prefab,station_gatherer_milestones,Station interaction socket; profession material kit,1,Planned,Immediate Coletador readability; triangular e robusta silhouette; clear work area; milestone visibly stronger than prior tier,,ART_REF_001 + Visual Bible v1.0,"Expedition Camp milestone station for Coletador, Grão-Mestre / Astral; triangular, robust and portable; includes small shelter, backpack, maps, crates, rope, mining or gathering tools and a clear planning position",4m x 4m station footprint; may extend visually upward but not block adjacent interaction cell,Origin at base center; front faces +Z; work interaction point at front-right or front-center; clear 1.2m NPC work zone,"canvas, leather, rope, timber, iron tools, maps and specimen containers",#536A3B #7A4C2D #C8BFA9 #58636A #315A7D,WORK_MAP_TABLE; INTERACT_WORK; OUTPUT_SPAWN; CAMERA_FOCUS; AUDIO_WORK; VFX_PRIMARY; VFX_SECONDARY,"localized animated rune channels, never full-surface. Fire, liquids, levitation, particles and output reveal are Unity VFX/animation layers.",Prompts/ConceptArt/station_gatherer_t07_001_concept_sheet.txt,Prompts/Meshy/station_gatherer_t07_001_geometry.txt,Prompts/Texture/station_gatherer_t07_001_texture.txt,Profession readable without UI; Tier milestone visible; work zone clear; sockets valid; no baked animation/VFX; LOD budget met; 3/4 camera test passed
station_tailor_t05_001,Ateliê T5,Atelier T5,3D Model,Crafting Station,Tailor,Crafting,Costureiro production station milestone,Season 1,P2,T5,None,Costureiro,Global,Yes,Image to 3D,Yes,Station base + milestone upgrade variant,Generic optional,anim_station_tailor,Yes,6000,8500,0.5,0.2,1024x1024,BaseColor; Normal; Metallic; Roughness; AO; Emission optional,3,3.5,Base center; work interaction point marked,Compound box colliders,FBX,Assets/_Game/Art/Crafting/Stations/Tailor/T5,Assets/_Game/Prefabs/Crafting/Stations/PF_tailor_t05.prefab,station_tailor_milestones,Station interaction socket; profession material kit,1,Planned,Immediate Costureiro readability; horizontal e organizada silhouette; clear work area; milestone visibly stronger than prior tier,,ART_REF_001 + Visual Bible v1.0,"Atelier milestone station for Costureiro, Mestre / Ancestral; horizontal, organized and layered; includes workbench, mannequin, fabric rolls, leather sheets, thread spools, cutting tools and a clear sewing work area",4m x 4m station footprint; may extend visually upward but not block adjacent interaction cell,Origin at base center; front faces +Z; work interaction point at front-right or front-center; clear 1.2m NPC work zone,"warm timber, linen, wool, treated leather, brass tools and restrained rune-thread accents",#6B4A32 #C8BFA9 #7A4C2D #315A7D #D8A84E,WORK_BENCH; INTERACT_WORK; OUTPUT_SPAWN; CAMERA_FOCUS; AUDIO_WORK; VFX_PRIMARY; VFX_SECONDARY,"up to two localized focal points. Fire, liquids, levitation, particles and output reveal are Unity VFX/animation layers.",Prompts/ConceptArt/station_tailor_t05_001_concept_sheet.txt,Prompts/Meshy/station_tailor_t05_001_geometry.txt,Prompts/Texture/station_tailor_t05_001_texture.txt,Profession readable without UI; Tier milestone visible; work zone clear; sockets valid; no baked animation/VFX; LOD budget met; 3/4 camera test passed
station_tailor_t07_001,Ateliê T7,Atelier T7,3D Model,Crafting Station,Tailor,Crafting,Costureiro production station milestone,Season 1,P2,T7,None,Costureiro,Global,Yes,Image to 3D,Yes,Station base + milestone upgrade variant,Generic optional,anim_station_tailor,Yes,7000,9500,0.5,0.2,2048x2048,BaseColor; Normal; Metallic; Roughness; AO; Emission optional,3,3.5,Base center; work interaction point marked,Compound box colliders,FBX,Assets/_Game/Art/Crafting/Stations/Tailor/T7,Assets/_Game/Prefabs/Crafting/Stations/PF_tailor_t07.prefab,station_tailor_milestones,Station interaction socket; profession material kit,1,Planned,Immediate Costureiro readability; horizontal e organizada silhouette; clear work area; milestone visibly stronger than prior tier,,ART_REF_001 + Visual Bible v1.0,"Atelier milestone station for Costureiro, Grão-Mestre / Astral; horizontal, organized and layered; includes workbench, mannequin, fabric rolls, leather sheets, thread spools, cutting tools and a clear sewing work area",4m x 4m station footprint; may extend visually upward but not block adjacent interaction cell,Origin at base center; front faces +Z; work interaction point at front-right or front-center; clear 1.2m NPC work zone,"warm timber, linen, wool, treated leather, brass tools and restrained rune-thread accents",#6B4A32 #C8BFA9 #7A4C2D #315A7D #D8A84E,WORK_BENCH; INTERACT_WORK; OUTPUT_SPAWN; CAMERA_FOCUS; AUDIO_WORK; VFX_PRIMARY; VFX_SECONDARY,"localized animated rune channels, never full-surface. Fire, liquids, levitation, particles and output reveal are Unity VFX/animation layers.",Prompts/ConceptArt/station_tailor_t07_001_concept_sheet.txt,Prompts/Meshy/station_tailor_t07_001_geometry.txt,Prompts/Texture/station_tailor_t07_001_texture.txt,Profession readable without UI; Tier milestone visible; work zone clear; sockets valid; no baked animation/VFX; LOD budget met; 3/4 camera test passed
station_alchemist_t09_001,Laboratório T9,Laboratory T9,3D Model,Crafting Station,Alchemist,Crafting,Alquimista production station milestone,Post-MVP,P3,T9,None,Alquimista,Global,Yes,Image to 3D,Yes,Station base + milestone upgrade variant,Generic optional,anim_station_alchemist,Yes,8000,10500,0.5,0.2,2048x2048,BaseColor; Normal; Metallic; Roughness; AO; Emission optional,3,3.5,Base center; work interaction point marked,Compound box colliders,FBX,Assets/_Game/Art/Crafting/Stations/Alchemist/T9,Assets/_Game/Prefabs/Crafting/Stations/PF_alchemist_t09.prefab,station_alchemist_milestones,Station interaction socket; profession material kit,1,Planned,Immediate Alquimista readability; irregular e orgânica silhouette; clear work area; milestone visibly stronger than prior tier,,ART_REF_001 + Visual Bible v1.0,"Laboratory milestone station for Alquimista, Deus / Criação; irregular, organic and clustered; includes cauldron, bottles, tubes, herb rack, burner, mortar and a clear mixing position",4m x 4m station footprint; may extend visually upward but not block adjacent interaction cell,Origin at base center; front faces +Z; work interaction point at front-right or front-center; clear 1.2m NPC work zone,"weathered timber, copper, iron, ceramic, thick glass, dried herbs and localized liquid color",#5B3B27 #A66A32 #536A3B #72C94A #F06432,WORK_CAULDRON; INTERACT_WORK; OUTPUT_SPAWN; CAMERA_FOCUS; AUDIO_WORK; VFX_PRIMARY; VFX_SECONDARY,"two or three signature focal zones with restrained iridescence. Fire, liquids, levitation, particles and output reveal are Unity VFX/animation layers.",Prompts/ConceptArt/station_alchemist_t09_001_concept_sheet.txt,Prompts/Meshy/station_alchemist_t09_001_geometry.txt,Prompts/Texture/station_alchemist_t09_001_texture.txt,Profession readable without UI; Tier milestone visible; work zone clear; sockets valid; no baked animation/VFX; LOD budget met; 3/4 camera test passed
station_blacksmith_t09_001,Forja T9,Forge T9,3D Model,Crafting Station,Blacksmith,Crafting,Ferreiro production station milestone,Post-MVP,P3,T9,None,Ferreiro,Global,Yes,Image to 3D,Yes,Station base + milestone upgrade variant,Generic optional,anim_station_blacksmith,Yes,8000,10500,0.5,0.2,2048x2048,BaseColor; Normal; Metallic; Roughness; AO; Emission optional,3,3.5,Base center; work interaction point marked,Compound box colliders,FBX,Assets/_Game/Art/Crafting/Stations/Blacksmith/T9,Assets/_Game/Prefabs/Crafting/Stations/PF_blacksmith_t09.prefab,station_blacksmith_milestones,Station interaction socket; profession material kit,1,Planned,Immediate Ferreiro readability; quadrada e pesada silhouette; clear work area; milestone visibly stronger than prior tier,,ART_REF_001 + Visual Bible v1.0,"Forge milestone station for Ferreiro, Deus / Criação; square, heavy and grounded; includes furnace, anvil, bellows, tool rack, coal or ember bed and a clear hammering work area",4m x 4m station footprint; may extend visually upward but not block adjacent interaction cell,Origin at base center; front faces +Z; work interaction point at front-right or front-center; clear 1.2m NPC work zone,"stone, dark timber, worked iron, bronze fittings and controlled ember channels",#34383B #58636A #5B3B27 #A66A32 #E46F2A,WORK_ANVIL; INTERACT_WORK; OUTPUT_SPAWN; CAMERA_FOCUS; AUDIO_WORK; VFX_PRIMARY; VFX_SECONDARY,"two or three signature focal zones with restrained iridescence. Fire, liquids, levitation, particles and output reveal are Unity VFX/animation layers.",Prompts/ConceptArt/station_blacksmith_t09_001_concept_sheet.txt,Prompts/Meshy/station_blacksmith_t09_001_geometry.txt,Prompts/Texture/station_blacksmith_t09_001_texture.txt,Profession readable without UI; Tier milestone visible; work zone clear; sockets valid; no baked animation/VFX; LOD budget met; 3/4 camera test passed
station_enchanter_t09_001,Mesa Arcana T9,Arcane Table T9,3D Model,Crafting Station,Enchanter,Crafting,Encantador production station milestone,Post-MVP,P3,T9,None,Encantador,Global,Yes,Image to 3D,Yes,Station base + milestone upgrade variant,Generic optional,anim_station_enchanter,Yes,8000,10500,0.5,0.2,2048x2048,BaseColor; Normal; Metallic; Roughness; AO; Emission optional,3,3.5,Base center; work interaction point marked,Compound box colliders,FBX,Assets/_Game/Art/Crafting/Stations/Enchanter/T9,Assets/_Game/Prefabs/Crafting/Stations/PF_enchanter_t09.prefab,station_enchanter_milestones,Station interaction socket; profession material kit,1,Planned,Immediate Encantador readability; circular e vertical silhouette; clear work area; milestone visibly stronger than prior tier,,ART_REF_001 + Visual Bible v1.0,"Arcane Table milestone station for Encantador, Deus / Criação; circular, vertical and centered; includes runic table, crystals, books, inscription tools, one controlled floating focus and a clear channeling position",4m x 4m station footprint; may extend visually upward but not block adjacent interaction cell,Origin at base center; front faces +Z; work interaction point at front-right or front-center; clear 1.2m NPC work zone,"dark carved wood, rune-inlaid stone, brass, parchment, crystal and localized arcane emission",#2D3540 #315A7D #25A7FF #7547C7 #D7C49A,WORK_RUNE_TABLE; INTERACT_WORK; OUTPUT_SPAWN; CAMERA_FOCUS; AUDIO_WORK; VFX_PRIMARY; VFX_SECONDARY,"two or three signature focal zones with restrained iridescence. Fire, liquids, levitation, particles and output reveal are Unity VFX/animation layers.",Prompts/ConceptArt/station_enchanter_t09_001_concept_sheet.txt,Prompts/Meshy/station_enchanter_t09_001_geometry.txt,Prompts/Texture/station_enchanter_t09_001_texture.txt,Profession readable without UI; Tier milestone visible; work zone clear; sockets valid; no baked animation/VFX; LOD budget met; 3/4 camera test passed
station_gatherer_t09_001,Acampamento de Expedição T9,Expedition Camp T9,3D Model,Crafting Station,Gatherer,Crafting,Coletador production station milestone,Post-MVP,P3,T9,None,Coletador,Global,Yes,Image to 3D,Yes,Station base + milestone upgrade variant,Generic optional,anim_station_gatherer,Yes,8000,10500,0.5,0.2,2048x2048,BaseColor; Normal; Metallic; Roughness; AO; Emission optional,3,3.5,Base center; work interaction point marked,Compound box colliders,FBX,Assets/_Game/Art/Crafting/Stations/Gatherer/T9,Assets/_Game/Prefabs/Crafting/Stations/PF_gatherer_t09.prefab,station_gatherer_milestones,Station interaction socket; profession material kit,1,Planned,Immediate Coletador readability; triangular e robusta silhouette; clear work area; milestone visibly stronger than prior tier,,ART_REF_001 + Visual Bible v1.0,"Expedition Camp milestone station for Coletador, Deus / Criação; triangular, robust and portable; includes small shelter, backpack, maps, crates, rope, mining or gathering tools and a clear planning position",4m x 4m station footprint; may extend visually upward but not block adjacent interaction cell,Origin at base center; front faces +Z; work interaction point at front-right or front-center; clear 1.2m NPC work zone,"canvas, leather, rope, timber, iron tools, maps and specimen containers",#536A3B #7A4C2D #C8BFA9 #58636A #315A7D,WORK_MAP_TABLE; INTERACT_WORK; OUTPUT_SPAWN; CAMERA_FOCUS; AUDIO_WORK; VFX_PRIMARY; VFX_SECONDARY,"two or three signature focal zones with restrained iridescence. Fire, liquids, levitation, particles and output reveal are Unity VFX/animation layers.",Prompts/ConceptArt/station_gatherer_t09_001_concept_sheet.txt,Prompts/Meshy/station_gatherer_t09_001_geometry.txt,Prompts/Texture/station_gatherer_t09_001_texture.txt,Profession readable without UI; Tier milestone visible; work zone clear; sockets valid; no baked animation/VFX; LOD budget met; 3/4 camera test passed
station_tailor_t09_001,Ateliê T9,Atelier T9,3D Model,Crafting Station,Tailor,Crafting,Costureiro production station milestone,Post-MVP,P3,T9,None,Costureiro,Global,Yes,Image to 3D,Yes,Station base + milestone upgrade variant,Generic optional,anim_station_tailor,Yes,8000,10500,0.5,0.2,2048x2048,BaseColor; Normal; Metallic; Roughness; AO; Emission optional,3,3.5,Base center; work interaction point marked,Compound box colliders,FBX,Assets/_Game/Art/Crafting/Stations/Tailor/T9,Assets/_Game/Prefabs/Crafting/Stations/PF_tailor_t09.prefab,station_tailor_milestones,Station interaction socket; profession material kit,1,Planned,Immediate Costureiro readability; horizontal e organizada silhouette; clear work area; milestone visibly stronger than prior tier,,ART_REF_001 + Visual Bible v1.0,"Atelier milestone station for Costureiro, Deus / Criação; horizontal, organized and layered; includes workbench, mannequin, fabric rolls, leather sheets, thread spools, cutting tools and a clear sewing work area",4m x 4m station footprint; may extend visually upward but not block adjacent interaction cell,Origin at base center; front faces +Z; work interaction point at front-right or front-center; clear 1.2m NPC work zone,"warm timber, linen, wool, treated leather, brass tools and restrained rune-thread accents",#6B4A32 #C8BFA9 #7A4C2D #315A7D #D8A84E,WORK_BENCH; INTERACT_WORK; OUTPUT_SPAWN; CAMERA_FOCUS; AUDIO_WORK; VFX_PRIMARY; VFX_SECONDARY,"two or three signature focal zones with restrained iridescence. Fire, liquids, levitation, particles and output reveal are Unity VFX/animation layers.",Prompts/ConceptArt/station_tailor_t09_001_concept_sheet.txt,Prompts/Meshy/station_tailor_t09_001_geometry.txt,Prompts/Texture/station_tailor_t09_001_texture.txt,Profession readable without UI; Tier milestone visible; work zone clear; sockets valid; no baked animation/VFX; LOD budget met; 3/4 camera test passed
