asset_id,display_name_pt,display_name_en,source_task,asset_group,category,subcategory,phase,priority,batch_id,generation_method,source_art_required,target_polycount,texture_resolution,rig_required,animation_set,concept_prompt,geometry_prompt,texture_prompt,concept_attempts_planned,geometry_attempts_planned,remesh_attempts_planned,retexture_attempts_planned,rig_attempts_planned,approval_criteria,unity_path,status,approval_status
enemy_goblin_scavenger_001,Goblin Saqueador,Goblin Scavenger,Task016,Character,Common Enemy,Common,Vertical Slice,P0,B00_CALIBRATION,Image to 3D,Yes,4000,1024×1024,Yes,anim_enemy_goblin_melee,Prompts/Characters/ConceptArt/enemy_goblin_scavenger_001_concept_sheet.txt,Prompts/Characters/Meshy/enemy_goblin_scavenger_001_meshy_character.txt,Prompts/Characters/Texture/enemy_goblin_scavenger_001_texture.txt,2,3,1,1,1,Reads as lowest-tier scavenger; remains threatening rather than adorable; backpack and ears create silhouette; feet and hands are riggable; no prop intersects elbow range.,Assets/_Game/Art/Characters/enemy_goblin_scavenger_001,Not Started,Pending
env_goblin_mine_goblin_crate_001,Caixote Goblin,Goblin Crate,Task018,Environment,Environment,prop,Vertical Slice,P0,B00_CALIBRATION,Text to 3D,Optional,575,1024x1024,No,None,Prompts/EnvironmentStations/ConceptArt/env_goblin_mine_goblin_crate_001_concept_sheet.txt,Prompts/EnvironmentStations/Meshy/env_goblin_mine_goblin_crate_001_geometry.txt,Prompts/EnvironmentStations/Texture/env_goblin_mine_goblin_crate_001_texture.txt,1,3,1,1,0,Silhouette readable; correct scale; grid/pivot compliance; material separation; no baked VFX; LOD budget met; mobile camera test passed,Assets/_Game/Art/Environments/goblin_mine/Models,Not Started,Pending
equipment_sword_1h_t01_base,Espada de Uma Mão T1,One-Handed Sword T1,Task017,Equipment,Weapon,sword_1h,Vertical Slice,P0,B00_CALIBRATION,Text to 3D,Optional,2000,1024,No,None,Prompts/Equipment/ConceptArt/equipment_sword_1h_t01_base_concept_sheet.txt,Prompts/Equipment/Meshy/BaseGeometry/equipment_sword_1h_t01_base_geometry.txt,Prompts/Equipment/TextureVariants/equipment_sword_1h_t01_base_rarity_variants.txt,1,3,1,1,0,readable at inventory scale; tier identity clear without UI; all six rarity variants preserve family; pivot and scale correct; no fragile geometry; URP PBR maps valid,Assets/_Game/Art/Equipment/Weapon/sword_1h/T1/Models,Not Started,Pending
hero_paladin_001,Paladino,Paladin,Task016,Character,Playable Hero,Hero,Vertical Slice,P0,B00_CALIBRATION,Multi-view Image to 3D,Yes,6500,2048×2048,Yes,anim_hero_tank_humanoid,Prompts/Characters/ConceptArt/hero_paladin_001_concept_sheet.txt,Prompts/Characters/Meshy/hero_paladin_001_meshy_character.txt,Prompts/Characters/Texture/hero_paladin_001_texture.txt,3,4,1,1,1,Recognizable as tank at 128 px; head unobstructed; shield does not hide the entire torso; sword and shield detachable; limbs deform cleanly; no thin floating filigree; palette matches approved swatches.,Assets/_Game/Art/Characters/hero_paladin_001,Not Started,Pending
station_blacksmith_t01_001,Forja T1,Forge T1,Task018,Station,Crafting Station,Blacksmith,Vertical Slice,P0,B00_CALIBRATION,Text to 3D,Optional,5250,1024x1024,No,anim_station_blacksmith,Prompts/EnvironmentStations/ConceptArt/station_blacksmith_t01_001_concept_sheet.txt,Prompts/EnvironmentStations/Meshy/station_blacksmith_t01_001_geometry.txt,Prompts/EnvironmentStations/Texture/station_blacksmith_t01_001_texture.txt,2,3,1,1,0,Profession readable without UI; Tier milestone visible; work zone clear; sockets valid; no baked animation/VFX; LOD budget met; 3/4 camera test passed,Assets/_Game/Art/Crafting/Stations/Blacksmith/T1,Not Started,Pending
hero_archer_001,Arqueira,Archer,Task016,Character,Playable Hero,Hero,Vertical Slice,P0,B01_HEROES,Multi-view Image to 3D,Yes,6500,2048×2048,Yes,anim_hero_ranged_humanoid,Prompts/Characters/ConceptArt/hero_archer_001_concept_sheet.txt,Prompts/Characters/Meshy/hero_archer_001_meshy_character.txt,Prompts/Characters/Texture/hero_archer_001_texture.txt,3,4,1,1,1,Recognizable as ranged hero at 128 px; bow is thick enough for mobile silhouette; shoulders and elbows have clear deformation space; quiver does not intersect cape; outfit remains practical and non-sexualized.,Assets/_Game/Art/Characters/hero_archer_001,Not Started,Pending
hero_mage_001,Mago,Mage,Task016,Character,Playable Hero,Hero,Vertical Slice,P0,B01_HEROES,Multi-view Image to 3D,Yes,6500,2048×2048,Yes,anim_hero_caster_humanoid,Prompts/Characters/ConceptArt/hero_mage_001_concept_sheet.txt,Prompts/Characters/Meshy/hero_mage_001_meshy_character.txt,Prompts/Characters/Texture/hero_mage_001_texture.txt,3,4,1,1,1,Readable caster silhouette at 128 px; staff crystal is clear focal point; cloth has rig-safe splits; emission remains under 10% of visible surface; no floating pieces required to understand the model.,Assets/_Game/Art/Characters/hero_mage_001,Not Started,Pending
enemy_goblin_archer_001,Arqueiro Goblin,Goblin Archer,Task016,Character,Common Enemy,Common,Vertical Slice,P0,B02_GOBLIN_COMMONS,Image to 3D,Yes,4000,1024×1024,Yes,anim_enemy_goblin_ranged,Prompts/Characters/ConceptArt/enemy_goblin_archer_001_concept_sheet.txt,Prompts/Characters/Meshy/enemy_goblin_archer_001_meshy_character.txt,Prompts/Characters/Texture/enemy_goblin_archer_001_texture.txt,2,3,1,1,1,Distinct from Ranger through lower complexity and shortbow scale; clear draw-arm space; quiver avoids shoulder clipping; remains readable at battle camera distance.,Assets/_Game/Art/Characters/enemy_goblin_archer_001,Not Started,Pending
enemy_goblin_shaman_001,Xamã Goblin,Goblin Shaman,Task016,Character,Special Enemy,Special,Vertical Slice,P0,B02_GOBLIN_COMMONS,Image to 3D,Yes,4500,1024×1024,Yes,anim_enemy_goblin_caster,Prompts/Characters/ConceptArt/enemy_goblin_shaman_001_concept_sheet.txt,Prompts/Characters/Meshy/enemy_goblin_shaman_001_meshy_character.txt,Prompts/Characters/Texture/enemy_goblin_shaman_001_texture.txt,2,3,1,1,1,Caster role readable without VFX; staff remains primary focal point; accessories do not create fragile geometry; silhouette differs from High Shaman through lower height and simpler maskless head.,Assets/_Game/Art/Characters/enemy_goblin_shaman_001,Not Started,Pending
enemy_goblin_warrior_001,Guerreiro Goblin,Goblin Warrior,Task016,Character,Common Enemy,Common,Vertical Slice,P0,B02_GOBLIN_COMMONS,Image to 3D,Yes,4000,1024×1024,Yes,anim_enemy_goblin_melee,Prompts/Characters/ConceptArt/enemy_goblin_warrior_001_concept_sheet.txt,Prompts/Characters/Meshy/enemy_goblin_warrior_001_meshy_character.txt,Prompts/Characters/Texture/enemy_goblin_warrior_001_texture.txt,2,3,1,1,1,Clearly stronger than Scavenger but below elites; shield side remains readable; armor is improvised; face and ears visible; weapon sockets align with animation set.,Assets/_Game/Art/Characters/enemy_goblin_warrior_001,Not Started,Pending
boss_goblin_chieftain_001,Chefe Goblin,Goblin Chieftain,Task016,Character,Mid-Boss,Mid-Boss,Vertical Slice,P0,B03_GOBLIN_ELITES_BOSSES,Multi-view Image to 3D,Yes,7500,2048×2048,Yes,anim_boss_goblin_chieftain,Prompts/Characters/ConceptArt/boss_goblin_chieftain_001_concept_sheet.txt,Prompts/Characters/Meshy/boss_goblin_chieftain_001_meshy_character.txt,Prompts/Characters/Texture/boss_goblin_chieftain_001_texture.txt,3,4,1,1,1,Immediately reads as mid-boss and commander; at least 20% larger than common goblins; limbs remain animation-friendly; trophies are chunky and limited; does not visually surpass Goblin King.,Assets/_Game/Art/Characters/boss_goblin_chieftain_001,Not Started,Pending
boss_goblin_king_001,Rei Goblin,Goblin King,Task016,Character,Final Boss,Final Boss,Vertical Slice,P0,B03_GOBLIN_ELITES_BOSSES,Multi-view Image to 3D,Yes,11500,2048×2048,Yes,anim_boss_goblin_king,Prompts/Characters/ConceptArt/boss_goblin_king_001_concept_sheet.txt,Prompts/Characters/Meshy/boss_goblin_king_001_meshy_character.txt,Prompts/Characters/Texture/boss_goblin_king_001_texture.txt,3,4,1,1,1,"Dominates all goblin silhouettes without becoming an orc; 35–45% larger than common goblins; crown, blade and relic remain distinct; supports multi-phase animation; emission communicates corruption without erasing material readability.",Assets/_Game/Art/Characters/boss_goblin_king_001,Not Started,Pending
enemy_goblin_high_shaman_001,Alto Xamã Goblin,Goblin High Shaman,Task016,Character,Elite Enemy,Elite,Vertical Slice,P0,B03_GOBLIN_ELITES_BOSSES,Multi-view Image to 3D,Yes,6500,1024×1024,Yes,anim_enemy_goblin_caster,Prompts/Characters/ConceptArt/enemy_goblin_high_shaman_001_concept_sheet.txt,Prompts/Characters/Meshy/enemy_goblin_high_shaman_001_meshy_character.txt,Prompts/Characters/Texture/enemy_goblin_high_shaman_001_texture.txt,3,4,1,1,1,"Reads as advanced caster and narrative corruption bridge; clearly more formal than basic Shaman; emission stays controlled; mask and charms remain chunky, rig-safe and culturally fictional.",Assets/_Game/Art/Characters/enemy_goblin_high_shaman_001,Not Started,Pending
enemy_goblin_ranger_001,Patrulheiro Goblin,Goblin Ranger,Task016,Character,Elite Enemy,Elite,Vertical Slice,P0,B03_GOBLIN_ELITES_BOSSES,Multi-view Image to 3D,Yes,6500,1024×1024,Yes,anim_enemy_goblin_ranged,Prompts/Characters/ConceptArt/enemy_goblin_ranger_001_concept_sheet.txt,Prompts/Characters/Meshy/enemy_goblin_ranger_001_meshy_character.txt,Prompts/Characters/Texture/enemy_goblin_ranger_001_texture.txt,3,4,1,1,1,"Instantly distinguishable from Archer by longbow, darker palette and trap shapes; elite without looking magical; satchels do not block hip or leg animation.",Assets/_Game/Art/Characters/enemy_goblin_ranger_001,Not Started,Pending
enemy_hobgoblin_knight_001,Cavaleiro Hobgoblin,Hobgoblin Knight,Task016,Character,Elite Enemy,Elite,Vertical Slice,P0,B03_GOBLIN_ELITES_BOSSES,Multi-view Image to 3D,Yes,6500,1024×1024,Yes,anim_enemy_humanoid_melee,Prompts/Characters/ConceptArt/enemy_hobgoblin_knight_001_concept_sheet.txt,Prompts/Characters/Meshy/enemy_hobgoblin_knight_001_meshy_character.txt,Prompts/Characters/Texture/enemy_hobgoblin_knight_001_texture.txt,3,4,1,1,1,Clearly a different military caste; taller than heroes’ waistline and common goblins; armor appears standardized; tower shield can animate without leg collision; face remains goblinoid.,Assets/_Game/Art/Characters/enemy_hobgoblin_knight_001,Not Started,Pending
equipment_amulet_t01_base,Amuleto T1,Amulet T1,Task017,Equipment,Accessory,amulet,Vertical Slice,P0,B04_T1_WEAPONS_ACCESSORIES,Text to 3D,Optional,900,512,No,None,Prompts/Equipment/ConceptArt/equipment_amulet_t01_base_concept_sheet.txt,Prompts/Equipment/Meshy/BaseGeometry/equipment_amulet_t01_base_geometry.txt,Prompts/Equipment/TextureVariants/equipment_amulet_t01_base_rarity_variants.txt,1,3,1,1,0,readable at inventory scale; tier identity clear without UI; all six rarity variants preserve family; pivot and scale correct; no fragile geometry; URP PBR maps valid,Assets/_Game/Art/Equipment/Accessory/amulet/T1/Models,Not Started,Pending
equipment_longbow_t01_base,Arco Longo T1,Longbow T1,Task017,Equipment,Weapon,longbow,Vertical Slice,P0,B04_T1_WEAPONS_ACCESSORIES,Text to 3D,Optional,1700,1024,No,None,Prompts/Equipment/ConceptArt/equipment_longbow_t01_base_concept_sheet.txt,Prompts/Equipment/Meshy/BaseGeometry/equipment_longbow_t01_base_geometry.txt,Prompts/Equipment/TextureVariants/equipment_longbow_t01_base_rarity_variants.txt,1,3,1,1,0,readable at inventory scale; tier identity clear without UI; all six rarity variants preserve family; pivot and scale correct; no fragile geometry; URP PBR maps valid,Assets/_Game/Art/Equipment/Weapon/longbow/T1/Models,Not Started,Pending
equipment_ring_t01_base,Anel T1,Ring T1,Task017,Equipment,Accessory,ring,Vertical Slice,P0,B04_T1_WEAPONS_ACCESSORIES,Text to 3D,Optional,550,512,No,None,Prompts/Equipment/ConceptArt/equipment_ring_t01_base_concept_sheet.txt,Prompts/Equipment/Meshy/BaseGeometry/equipment_ring_t01_base_geometry.txt,Prompts/Equipment/TextureVariants/equipment_ring_t01_base_rarity_variants.txt,1,3,1,1,0,readable at inventory scale; tier identity clear without UI; all six rarity variants preserve family; pivot and scale correct; no fragile geometry; URP PBR maps valid,Assets/_Game/Art/Equipment/Accessory/ring/T1/Models,Not Started,Pending
equipment_shield_t01_base,Escudo T1,Shield T1,Task017,Equipment,Weapon,shield,Vertical Slice,P0,B04_T1_WEAPONS_ACCESSORIES,Text to 3D,Optional,2500,1024,No,None,Prompts/Equipment/ConceptArt/equipment_shield_t01_base_concept_sheet.txt,Prompts/Equipment/Meshy/BaseGeometry/equipment_shield_t01_base_geometry.txt,Prompts/Equipment/TextureVariants/equipment_shield_t01_base_rarity_variants.txt,1,3,1,1,0,readable at inventory scale; tier identity clear without UI; all six rarity variants preserve family; pivot and scale correct; no fragile geometry; URP PBR maps valid,Assets/_Game/Art/Equipment/Weapon/shield/T1/Models,Not Started,Pending
equipment_staff_t01_base,Cajado T1,Staff T1,Task017,Equipment,Weapon,staff,Vertical Slice,P0,B04_T1_WEAPONS_ACCESSORIES,Text to 3D,Optional,2400,1024,No,None,Prompts/Equipment/ConceptArt/equipment_staff_t01_base_concept_sheet.txt,Prompts/Equipment/Meshy/BaseGeometry/equipment_staff_t01_base_geometry.txt,Prompts/Equipment/TextureVariants/equipment_staff_t01_base_rarity_variants.txt,1,3,1,1,0,readable at inventory scale; tier identity clear without UI; all six rarity variants preserve family; pivot and scale correct; no fragile geometry; URP PBR maps valid,Assets/_Game/Art/Equipment/Weapon/staff/T1/Models,Not Started,Pending
equipment_cloth_boots_t01_base,Botas Arcanas T1,Arcane Boots T1,Task017,Equipment,Cloth Armor,cloth_boots,Vertical Slice,P0,B05_T1_ARMOR,Image to 3D,Yes,1450,1024,No,None,Prompts/Equipment/ConceptArt/equipment_cloth_boots_t01_base_concept_sheet.txt,Prompts/Equipment/Meshy/BaseGeometry/equipment_cloth_boots_t01_base_geometry.txt,Prompts/Equipment/TextureVariants/equipment_cloth_boots_t01_base_rarity_variants.txt,2,3,1,1,0,readable at inventory scale; tier identity clear without UI; all six rarity variants preserve family; pivot and scale correct; no fragile geometry; URP PBR maps valid,Assets/_Game/Art/Equipment/ClothArmor/cloth_boots/T1/Models,Not Started,Pending
equipment_cloth_gloves_t01_base,Luvas Arcanas T1,Arcane Gloves T1,Task017,Equipment,Cloth Armor,cloth_gloves,Vertical Slice,P0,B05_T1_ARMOR,Image to 3D,Yes,1200,1024,No,None,Prompts/Equipment/ConceptArt/equipment_cloth_gloves_t01_base_concept_sheet.txt,Prompts/Equipment/Meshy/BaseGeometry/equipment_cloth_gloves_t01_base_geometry.txt,Prompts/Equipment/TextureVariants/equipment_cloth_gloves_t01_base_rarity_variants.txt,2,3,1,1,0,readable at inventory scale; tier identity clear without UI; all six rarity variants preserve family; pivot and scale correct; no fragile geometry; URP PBR maps valid,Assets/_Game/Art/Equipment/ClothArmor/cloth_gloves/T1/Models,Not Started,Pending
equipment_cloth_hood_t01_base,Capuz Arcano T1,Arcane Hood T1,Task017,Equipment,Cloth Armor,cloth_hood,Vertical Slice,P0,B05_T1_ARMOR,Image to 3D,Yes,1500,1024,No,None,Prompts/Equipment/ConceptArt/equipment_cloth_hood_t01_base_concept_sheet.txt,Prompts/Equipment/Meshy/BaseGeometry/equipment_cloth_hood_t01_base_geometry.txt,Prompts/Equipment/TextureVariants/equipment_cloth_hood_t01_base_rarity_variants.txt,2,3,1,1,0,readable at inventory scale; tier identity clear without UI; all six rarity variants preserve family; pivot and scale correct; no fragile geometry; URP PBR maps valid,Assets/_Game/Art/Equipment/ClothArmor/cloth_hood/T1/Models,Not Started,Pending
equipment_cloth_robe_t01_base,Manto Arcano T1,Arcane Robe T1,Task017,Equipment,Cloth Armor,cloth_robe,Vertical Slice,P0,B05_T1_ARMOR,Image to 3D,Yes,3350,1024,No,None,Prompts/Equipment/ConceptArt/equipment_cloth_robe_t01_base_concept_sheet.txt,Prompts/Equipment/Meshy/BaseGeometry/equipment_cloth_robe_t01_base_geometry.txt,Prompts/Equipment/TextureVariants/equipment_cloth_robe_t01_base_rarity_variants.txt,2,3,1,1,0,readable at inventory scale; tier identity clear without UI; all six rarity variants preserve family; pivot and scale correct; no fragile geometry; URP PBR maps valid,Assets/_Game/Art/Equipment/ClothArmor/cloth_robe/T1/Models,Not Started,Pending
equipment_heavy_boots_t01_base,Botas Pesadas T1,Heavy Boots T1,Task017,Equipment,Heavy Armor,heavy_boots,Vertical Slice,P0,B05_T1_ARMOR,Image to 3D,Yes,1750,1024,No,None,Prompts/Equipment/ConceptArt/equipment_heavy_boots_t01_base_concept_sheet.txt,Prompts/Equipment/Meshy/BaseGeometry/equipment_heavy_boots_t01_base_geometry.txt,Prompts/Equipment/TextureVariants/equipment_heavy_boots_t01_base_rarity_variants.txt,2,3,1,1,0,readable at inventory scale; tier identity clear without UI; all six rarity variants preserve family; pivot and scale correct; no fragile geometry; URP PBR maps valid,Assets/_Game/Art/Equipment/HeavyArmor/heavy_boots/T1/Models,Not Started,Pending
equipment_heavy_chest_t01_base,Peitoral Pesado T1,Heavy Chest Armor T1,Task017,Equipment,Heavy Armor,heavy_chest,Vertical Slice,P0,B05_T1_ARMOR,Image to 3D,Yes,3750,1024,No,None,Prompts/Equipment/ConceptArt/equipment_heavy_chest_t01_base_concept_sheet.txt,Prompts/Equipment/Meshy/BaseGeometry/equipment_heavy_chest_t01_base_geometry.txt,Prompts/Equipment/TextureVariants/equipment_heavy_chest_t01_base_rarity_variants.txt,2,3,1,1,0,readable at inventory scale; tier identity clear without UI; all six rarity variants preserve family; pivot and scale correct; no fragile geometry; URP PBR maps valid,Assets/_Game/Art/Equipment/HeavyArmor/heavy_chest/T1/Models,Not Started,Pending
equipment_heavy_gloves_t01_base,Manoplas Pesadas T1,Heavy Gauntlets T1,Task017,Equipment,Heavy Armor,heavy_gloves,Vertical Slice,P0,B05_T1_ARMOR,Image to 3D,Yes,1550,1024,No,None,Prompts/Equipment/ConceptArt/equipment_heavy_gloves_t01_base_concept_sheet.txt,Prompts/Equipment/Meshy/BaseGeometry/equipment_heavy_gloves_t01_base_geometry.txt,Prompts/Equipment/TextureVariants/equipment_heavy_gloves_t01_base_rarity_variants.txt,2,3,1,1,0,readable at inventory scale; tier identity clear without UI; all six rarity variants preserve family; pivot and scale correct; no fragile geometry; URP PBR maps valid,Assets/_Game/Art/Equipment/HeavyArmor/heavy_gloves/T1/Models,Not Started,Pending
equipment_heavy_helmet_t01_base,Elmo Pesado T1,Heavy Helmet T1,Task017,Equipment,Heavy Armor,heavy_helmet,Vertical Slice,P0,B05_T1_ARMOR,Image to 3D,Yes,2200,1024,No,None,Prompts/Equipment/ConceptArt/equipment_heavy_helmet_t01_base_concept_sheet.txt,Prompts/Equipment/Meshy/BaseGeometry/equipment_heavy_helmet_t01_base_geometry.txt,Prompts/Equipment/TextureVariants/equipment_heavy_helmet_t01_base_rarity_variants.txt,2,3,1,1,0,readable at inventory scale; tier identity clear without UI; all six rarity variants preserve family; pivot and scale correct; no fragile geometry; URP PBR maps valid,Assets/_Game/Art/Equipment/HeavyArmor/heavy_helmet/T1/Models,Not Started,Pending
equipment_light_boots_t01_base,Botas Leves T1,Light Boots T1,Task017,Equipment,Light Armor,light_boots,Vertical Slice,P0,B05_T1_ARMOR,Image to 3D,Yes,1450,1024,No,None,Prompts/Equipment/ConceptArt/equipment_light_boots_t01_base_concept_sheet.txt,Prompts/Equipment/Meshy/BaseGeometry/equipment_light_boots_t01_base_geometry.txt,Prompts/Equipment/TextureVariants/equipment_light_boots_t01_base_rarity_variants.txt,2,3,1,1,0,readable at inventory scale; tier identity clear without UI; all six rarity variants preserve family; pivot and scale correct; no fragile geometry; URP PBR maps valid,Assets/_Game/Art/Equipment/LightArmor/light_boots/T1/Models,Not Started,Pending
equipment_light_chest_t01_base,Armadura Leve T1,Light Chest Armor T1,Task017,Equipment,Light Armor,light_chest,Vertical Slice,P0,B05_T1_ARMOR,Image to 3D,Yes,2800,1024,No,None,Prompts/Equipment/ConceptArt/equipment_light_chest_t01_base_concept_sheet.txt,Prompts/Equipment/Meshy/BaseGeometry/equipment_light_chest_t01_base_geometry.txt,Prompts/Equipment/TextureVariants/equipment_light_chest_t01_base_rarity_variants.txt,2,3,1,1,0,readable at inventory scale; tier identity clear without UI; all six rarity variants preserve family; pivot and scale correct; no fragile geometry; URP PBR maps valid,Assets/_Game/Art/Equipment/LightArmor/light_chest/T1/Models,Not Started,Pending
equipment_light_gloves_t01_base,Luvas Leves T1,Light Gloves T1,Task017,Equipment,Light Armor,light_gloves,Vertical Slice,P0,B05_T1_ARMOR,Image to 3D,Yes,1200,1024,No,None,Prompts/Equipment/ConceptArt/equipment_light_gloves_t01_base_concept_sheet.txt,Prompts/Equipment/Meshy/BaseGeometry/equipment_light_gloves_t01_base_geometry.txt,Prompts/Equipment/TextureVariants/equipment_light_gloves_t01_base_rarity_variants.txt,2,3,1,1,0,readable at inventory scale; tier identity clear without UI; all six rarity variants preserve family; pivot and scale correct; no fragile geometry; URP PBR maps valid,Assets/_Game/Art/Equipment/LightArmor/light_gloves/T1/Models,Not Started,Pending
equipment_light_hood_t01_base,Capuz Leve T1,Light Hood T1,Task017,Equipment,Light Armor,light_hood,Vertical Slice,P0,B05_T1_ARMOR,Image to 3D,Yes,1450,1024,No,None,Prompts/Equipment/ConceptArt/equipment_light_hood_t01_base_concept_sheet.txt,Prompts/Equipment/Meshy/BaseGeometry/equipment_light_hood_t01_base_geometry.txt,Prompts/Equipment/TextureVariants/equipment_light_hood_t01_base_rarity_variants.txt,2,3,1,1,0,readable at inventory scale; tier identity clear without UI; all six rarity variants preserve family; pivot and scale correct; no fragile geometry; URP PBR maps valid,Assets/_Game/Art/Equipment/LightArmor/light_hood/T1/Models,Not Started,Pending
station_alchemist_t01_001,Laboratório T1,Laboratory T1,Task018,Station,Crafting Station,Alchemist,Vertical Slice,P0,B06_STATIONS_T1,Text to 3D,Optional,5250,1024x1024,No,anim_station_alchemist,Prompts/EnvironmentStations/ConceptArt/station_alchemist_t01_001_concept_sheet.txt,Prompts/EnvironmentStations/Meshy/station_alchemist_t01_001_geometry.txt,Prompts/EnvironmentStations/Texture/station_alchemist_t01_001_texture.txt,2,3,1,1,0,Profession readable without UI; Tier milestone visible; work zone clear; sockets valid; no baked animation/VFX; LOD budget met; 3/4 camera test passed,Assets/_Game/Art/Crafting/Stations/Alchemist/T1,Not Started,Pending
station_enchanter_t01_001,Mesa Arcana T1,Arcane Table T1,Task018,Station,Crafting Station,Enchanter,Vertical Slice,P0,B06_STATIONS_T1,Text to 3D,Optional,5250,1024x1024,No,anim_station_enchanter,Prompts/EnvironmentStations/ConceptArt/station_enchanter_t01_001_concept_sheet.txt,Prompts/EnvironmentStations/Meshy/station_enchanter_t01_001_geometry.txt,Prompts/EnvironmentStations/Texture/station_enchanter_t01_001_texture.txt,2,3,1,1,0,Profession readable without UI; Tier milestone visible; work zone clear; sockets valid; no baked animation/VFX; LOD budget met; 3/4 camera test passed,Assets/_Game/Art/Crafting/Stations/Enchanter/T1,Not Started,Pending
station_gatherer_t01_001,Acampamento de Expedição T1,Expedition Camp T1,Task018,Station,Crafting Station,Gatherer,Vertical Slice,P0,B06_STATIONS_T1,Text to 3D,Optional,5250,1024x1024,No,anim_station_gatherer,Prompts/EnvironmentStations/ConceptArt/station_gatherer_t01_001_concept_sheet.txt,Prompts/EnvironmentStations/Meshy/station_gatherer_t01_001_geometry.txt,Prompts/EnvironmentStations/Texture/station_gatherer_t01_001_texture.txt,2,3,1,1,0,Profession readable without UI; Tier milestone visible; work zone clear; sockets valid; no baked animation/VFX; LOD budget met; 3/4 camera test passed,Assets/_Game/Art/Crafting/Stations/Gatherer/T1,Not Started,Pending
station_tailor_t01_001,Ateliê T1,Atelier T1,Task018,Station,Crafting Station,Tailor,Vertical Slice,P0,B06_STATIONS_T1,Text to 3D,Optional,5250,1024x1024,No,anim_station_tailor,Prompts/EnvironmentStations/ConceptArt/station_tailor_t01_001_concept_sheet.txt,Prompts/EnvironmentStations/Meshy/station_tailor_t01_001_geometry.txt,Prompts/EnvironmentStations/Texture/station_tailor_t01_001_texture.txt,2,3,1,1,0,Profession readable without UI; Tier milestone visible; work zone clear; sockets valid; no baked animation/VFX; LOD budget met; 3/4 camera test passed,Assets/_Game/Art/Crafting/Stations/Tailor/T1,Not Started,Pending
env_goblin_mine_ground_dirt_tile_001,Piso de Terra,Dirt Ground Tile,Task018,Environment,Environment,tile,Vertical Slice,P0,B07_GOBLIN_ENV_CORE,Text to 3D,Optional,850,1024x1024,No,None,Prompts/EnvironmentStations/ConceptArt/env_goblin_mine_ground_dirt_tile_001_concept_sheet.txt,Prompts/EnvironmentStations/Meshy/env_goblin_mine_ground_dirt_tile_001_geometry.txt,Prompts/EnvironmentStations/Texture/env_goblin_mine_ground_dirt_tile_001_texture.txt,1,3,1,1,0,Silhouette readable; correct scale; grid/pivot compliance; material separation; no baked VFX; LOD budget met; mobile camera test passed,Assets/_Game/Art/Environments/goblin_mine/Models,Not Started,Pending
env_goblin_mine_ground_stone_tile_001,Piso de Pedra,Stone Ground Tile,Task018,Environment,Environment,tile,Vertical Slice,P0,B07_GOBLIN_ENV_CORE,Text to 3D,Optional,1050,1024x1024,No,None,Prompts/EnvironmentStations/ConceptArt/env_goblin_mine_ground_stone_tile_001_concept_sheet.txt,Prompts/EnvironmentStations/Meshy/env_goblin_mine_ground_stone_tile_001_geometry.txt,Prompts/EnvironmentStations/Texture/env_goblin_mine_ground_stone_tile_001_texture.txt,1,3,1,1,0,Silhouette readable; correct scale; grid/pivot compliance; material separation; no baked VFX; LOD budget met; mobile camera test passed,Assets/_Game/Art/Environments/goblin_mine/Models,Not Started,Pending
env_goblin_mine_mine_arch_001,Arco de Mina,Mine Arch,Task018,Environment,Environment,structure,Vertical Slice,P0,B07_GOBLIN_ENV_CORE,Image to 3D,Yes,1900,1024x1024,No,None,Prompts/EnvironmentStations/ConceptArt/env_goblin_mine_mine_arch_001_concept_sheet.txt,Prompts/EnvironmentStations/Meshy/env_goblin_mine_mine_arch_001_geometry.txt,Prompts/EnvironmentStations/Texture/env_goblin_mine_mine_arch_001_texture.txt,2,3,1,1,0,Silhouette readable; correct scale; grid/pivot compliance; material separation; no baked VFX; LOD budget met; mobile camera test passed,Assets/_Game/Art/Environments/goblin_mine/Models,Not Started,Pending
env_goblin_mine_mine_track_curve_001,Trilho Curvo,Curved Mine Track,Task018,Environment,Environment,modular prop,Vertical Slice,P0,B07_GOBLIN_ENV_CORE,Text to 3D,Optional,850,1024x1024,No,None,Prompts/EnvironmentStations/ConceptArt/env_goblin_mine_mine_track_curve_001_concept_sheet.txt,Prompts/EnvironmentStations/Meshy/env_goblin_mine_mine_track_curve_001_geometry.txt,Prompts/EnvironmentStations/Texture/env_goblin_mine_mine_track_curve_001_texture.txt,1,3,1,1,0,Silhouette readable; correct scale; grid/pivot compliance; material separation; no baked VFX; LOD budget met; mobile camera test passed,Assets/_Game/Art/Environments/goblin_mine/Models,Not Started,Pending
env_goblin_mine_mine_track_straight_001,Trilho Reto,Straight Mine Track,Task018,Environment,Environment,modular prop,Vertical Slice,P0,B07_GOBLIN_ENV_CORE,Text to 3D,Optional,700,1024x1024,No,None,Prompts/EnvironmentStations/ConceptArt/env_goblin_mine_mine_track_straight_001_concept_sheet.txt,Prompts/EnvironmentStations/Meshy/env_goblin_mine_mine_track_straight_001_geometry.txt,Prompts/EnvironmentStations/Texture/env_goblin_mine_mine_track_straight_001_texture.txt,1,3,1,1,0,Silhouette readable; correct scale; grid/pivot compliance; material separation; no baked VFX; LOD budget met; mobile camera test passed,Assets/_Game/Art/Environments/goblin_mine/Models,Not Started,Pending
env_goblin_mine_mine_wall_corner_001,Canto de Mina,Mine Wall Corner,Task018,Environment,Environment,wall,Vertical Slice,P0,B07_GOBLIN_ENV_CORE,Image to 3D,Yes,2700,1024x1024,No,None,Prompts/EnvironmentStations/ConceptArt/env_goblin_mine_mine_wall_corner_001_concept_sheet.txt,Prompts/EnvironmentStations/Meshy/env_goblin_mine_mine_wall_corner_001_geometry.txt,Prompts/EnvironmentStations/Texture/env_goblin_mine_mine_wall_corner_001_texture.txt,2,3,1,1,0,Silhouette readable; correct scale; grid/pivot compliance; material separation; no baked VFX; LOD budget met; mobile camera test passed,Assets/_Game/Art/Environments/goblin_mine/Models,Not Started,Pending
env_goblin_mine_mine_wall_straight_001,Parede de Mina Reta,Straight Mine Wall,Task018,Environment,Environment,wall,Vertical Slice,P0,B07_GOBLIN_ENV_CORE,Image to 3D,Yes,2350,1024x1024,No,None,Prompts/EnvironmentStations/ConceptArt/env_goblin_mine_mine_wall_straight_001_concept_sheet.txt,Prompts/EnvironmentStations/Meshy/env_goblin_mine_mine_wall_straight_001_geometry.txt,Prompts/EnvironmentStations/Texture/env_goblin_mine_mine_wall_straight_001_texture.txt,2,3,1,1,0,Silhouette readable; correct scale; grid/pivot compliance; material separation; no baked VFX; LOD budget met; mobile camera test passed,Assets/_Game/Art/Environments/goblin_mine/Models,Not Started,Pending
env_goblin_mine_wood_support_beam_001,Viga de Suporte,Wood Support Beam,Task018,Environment,Environment,structure,Vertical Slice,P0,B07_GOBLIN_ENV_CORE,Image to 3D,Yes,950,1024x1024,No,None,Prompts/EnvironmentStations/ConceptArt/env_goblin_mine_wood_support_beam_001_concept_sheet.txt,Prompts/EnvironmentStations/Meshy/env_goblin_mine_wood_support_beam_001_geometry.txt,Prompts/EnvironmentStations/Texture/env_goblin_mine_wood_support_beam_001_texture.txt,2,3,1,1,0,Silhouette readable; correct scale; grid/pivot compliance; material separation; no baked VFX; LOD budget met; mobile camera test passed,Assets/_Game/Art/Environments/goblin_mine/Models,Not Started,Pending
equipment_amulet_t02_base,Amuleto T2,Amulet T2,Task017,Equipment,Accessory,amulet,MVP,P1,B08_EQUIPMENT_T2,Text to 3D,Optional,900,512,No,None,Prompts/Equipment/ConceptArt/equipment_amulet_t02_base_concept_sheet.txt,Prompts/Equipment/Meshy/BaseGeometry/equipment_amulet_t02_base_geometry.txt,Prompts/Equipment/TextureVariants/equipment_amulet_t02_base_rarity_variants.txt,1,2,1,1,0,readable at inventory scale; tier identity clear without UI; all six rarity variants preserve family; pivot and scale correct; no fragile geometry; URP PBR maps valid,Assets/_Game/Art/Equipment/Accessory/amulet/T2/Models,Not Started,Pending
equipment_cloth_boots_t02_base,Botas Arcanas T2,Arcane Boots T2,Task017,Equipment,Cloth Armor,cloth_boots,MVP,P1,B08_EQUIPMENT_T2,Image to 3D,Yes,1450,1024,No,None,Prompts/Equipment/ConceptArt/equipment_cloth_boots_t02_base_concept_sheet.txt,Prompts/Equipment/Meshy/BaseGeometry/equipment_cloth_boots_t02_base_geometry.txt,Prompts/Equipment/TextureVariants/equipment_cloth_boots_t02_base_rarity_variants.txt,2,2,1,1,0,readable at inventory scale; tier identity clear without UI; all six rarity variants preserve family; pivot and scale correct; no fragile geometry; URP PBR maps valid,Assets/_Game/Art/Equipment/ClothArmor/cloth_boots/T2/Models,Not Started,Pending
equipment_cloth_gloves_t02_base,Luvas Arcanas T2,Arcane Gloves T2,Task017,Equipment,Cloth Armor,cloth_gloves,MVP,P1,B08_EQUIPMENT_T2,Image to 3D,Yes,1200,1024,No,None,Prompts/Equipment/ConceptArt/equipment_cloth_gloves_t02_base_concept_sheet.txt,Prompts/Equipment/Meshy/BaseGeometry/equipment_cloth_gloves_t02_base_geometry.txt,Prompts/Equipment/TextureVariants/equipment_cloth_gloves_t02_base_rarity_variants.txt,2,2,1,1,0,readable at inventory scale; tier identity clear without UI; all six rarity variants preserve family; pivot and scale correct; no fragile geometry; URP PBR maps valid,Assets/_Game/Art/Equipment/ClothArmor/cloth_gloves/T2/Models,Not Started,Pending
equipment_cloth_hood_t02_base,Capuz Arcano T2,Arcane Hood T2,Task017,Equipment,Cloth Armor,cloth_hood,MVP,P1,B08_EQUIPMENT_T2,Image to 3D,Yes,1500,1024,No,None,Prompts/Equipment/ConceptArt/equipment_cloth_hood_t02_base_concept_sheet.txt,Prompts/Equipment/Meshy/BaseGeometry/equipment_cloth_hood_t02_base_geometry.txt,Prompts/Equipment/TextureVariants/equipment_cloth_hood_t02_base_rarity_variants.txt,2,2,1,1,0,readable at inventory scale; tier identity clear without UI; all six rarity variants preserve family; pivot and scale correct; no fragile geometry; URP PBR maps valid,Assets/_Game/Art/Equipment/ClothArmor/cloth_hood/T2/Models,Not Started,Pending
equipment_cloth_robe_t02_base,Manto Arcano T2,Arcane Robe T2,Task017,Equipment,Cloth Armor,cloth_robe,MVP,P1,B08_EQUIPMENT_T2,Image to 3D,Yes,3350,1024,No,None,Prompts/Equipment/ConceptArt/equipment_cloth_robe_t02_base_concept_sheet.txt,Prompts/Equipment/Meshy/BaseGeometry/equipment_cloth_robe_t02_base_geometry.txt,Prompts/Equipment/TextureVariants/equipment_cloth_robe_t02_base_rarity_variants.txt,2,2,1,1,0,readable at inventory scale; tier identity clear without UI; all six rarity variants preserve family; pivot and scale correct; no fragile geometry; URP PBR maps valid,Assets/_Game/Art/Equipment/ClothArmor/cloth_robe/T2/Models,Not Started,Pending
equipment_heavy_boots_t02_base,Botas Pesadas T2,Heavy Boots T2,Task017,Equipment,Heavy Armor,heavy_boots,MVP,P1,B08_EQUIPMENT_T2,Image to 3D,Yes,1750,1024,No,None,Prompts/Equipment/ConceptArt/equipment_heavy_boots_t02_base_concept_sheet.txt,Prompts/Equipment/Meshy/BaseGeometry/equipment_heavy_boots_t02_base_geometry.txt,Prompts/Equipment/TextureVariants/equipment_heavy_boots_t02_base_rarity_variants.txt,2,2,1,1,0,readable at inventory scale; tier identity clear without UI; all six rarity variants preserve family; pivot and scale correct; no fragile geometry; URP PBR maps valid,Assets/_Game/Art/Equipment/HeavyArmor/heavy_boots/T2/Models,Not Started,Pending
equipment_heavy_chest_t02_base,Peitoral Pesado T2,Heavy Chest Armor T2,Task017,Equipment,Heavy Armor,heavy_chest,MVP,P1,B08_EQUIPMENT_T2,Image to 3D,Yes,3750,1024,No,None,Prompts/Equipment/ConceptArt/equipment_heavy_chest_t02_base_concept_sheet.txt,Prompts/Equipment/Meshy/BaseGeometry/equipment_heavy_chest_t02_base_geometry.txt,Prompts/Equipment/TextureVariants/equipment_heavy_chest_t02_base_rarity_variants.txt,2,2,1,1,0,readable at inventory scale; tier identity clear without UI; all six rarity variants preserve family; pivot and scale correct; no fragile geometry; URP PBR maps valid,Assets/_Game/Art/Equipment/HeavyArmor/heavy_chest/T2/Models,Not Started,Pending
equipment_heavy_gloves_t02_base,Manoplas Pesadas T2,Heavy Gauntlets T2,Task017,Equipment,Heavy Armor,heavy_gloves,MVP,P1,B08_EQUIPMENT_T2,Image to 3D,Yes,1550,1024,No,None,Prompts/Equipment/ConceptArt/equipment_heavy_gloves_t02_base_concept_sheet.txt,Prompts/Equipment/Meshy/BaseGeometry/equipment_heavy_gloves_t02_base_geometry.txt,Prompts/Equipment/TextureVariants/equipment_heavy_gloves_t02_base_rarity_variants.txt,2,2,1,1,0,readable at inventory scale; tier identity clear without UI; all six rarity variants preserve family; pivot and scale correct; no fragile geometry; URP PBR maps valid,Assets/_Game/Art/Equipment/HeavyArmor/heavy_gloves/T2/Models,Not Started,Pending
equipment_heavy_helmet_t02_base,Elmo Pesado T2,Heavy Helmet T2,Task017,Equipment,Heavy Armor,heavy_helmet,MVP,P1,B08_EQUIPMENT_T2,Image to 3D,Yes,2200,1024,No,None,Prompts/Equipment/ConceptArt/equipment_heavy_helmet_t02_base_concept_sheet.txt,Prompts/Equipment/Meshy/BaseGeometry/equipment_heavy_helmet_t02_base_geometry.txt,Prompts/Equipment/TextureVariants/equipment_heavy_helmet_t02_base_rarity_variants.txt,2,2,1,1,0,readable at inventory scale; tier identity clear without UI; all six rarity variants preserve family; pivot and scale correct; no fragile geometry; URP PBR maps valid,Assets/_Game/Art/Equipment/HeavyArmor/heavy_helmet/T2/Models,Not Started,Pending
equipment_light_boots_t02_base,Botas Leves T2,Light Boots T2,Task017,Equipment,Light Armor,light_boots,MVP,P1,B08_EQUIPMENT_T2,Image to 3D,Yes,1450,1024,No,None,Prompts/Equipment/ConceptArt/equipment_light_boots_t02_base_concept_sheet.txt,Prompts/Equipment/Meshy/BaseGeometry/equipment_light_boots_t02_base_geometry.txt,Prompts/Equipment/TextureVariants/equipment_light_boots_t02_base_rarity_variants.txt,2,2,1,1,0,readable at inventory scale; tier identity clear without UI; all six rarity variants preserve family; pivot and scale correct; no fragile geometry; URP PBR maps valid,Assets/_Game/Art/Equipment/LightArmor/light_boots/T2/Models,Not Started,Pending
equipment_light_chest_t02_base,Armadura Leve T2,Light Chest Armor T2,Task017,Equipment,Light Armor,light_chest,MVP,P1,B08_EQUIPMENT_T2,Image to 3D,Yes,2800,1024,No,None,Prompts/Equipment/ConceptArt/equipment_light_chest_t02_base_concept_sheet.txt,Prompts/Equipment/Meshy/BaseGeometry/equipment_light_chest_t02_base_geometry.txt,Prompts/Equipment/TextureVariants/equipment_light_chest_t02_base_rarity_variants.txt,2,2,1,1,0,readable at inventory scale; tier identity clear without UI; all six rarity variants preserve family; pivot and scale correct; no fragile geometry; URP PBR maps valid,Assets/_Game/Art/Equipment/LightArmor/light_chest/T2/Models,Not Started,Pending
equipment_light_gloves_t02_base,Luvas Leves T2,Light Gloves T2,Task017,Equipment,Light Armor,light_gloves,MVP,P1,B08_EQUIPMENT_T2,Image to 3D,Yes,1200,1024,No,None,Prompts/Equipment/ConceptArt/equipment_light_gloves_t02_base_concept_sheet.txt,Prompts/Equipment/Meshy/BaseGeometry/equipment_light_gloves_t02_base_geometry.txt,Prompts/Equipment/TextureVariants/equipment_light_gloves_t02_base_rarity_variants.txt,2,2,1,1,0,readable at inventory scale; tier identity clear without UI; all six rarity variants preserve family; pivot and scale correct; no fragile geometry; URP PBR maps valid,Assets/_Game/Art/Equipment/LightArmor/light_gloves/T2/Models,Not Started,Pending
equipment_light_hood_t02_base,Capuz Leve T2,Light Hood T2,Task017,Equipment,Light Armor,light_hood,MVP,P1,B08_EQUIPMENT_T2,Image to 3D,Yes,1450,1024,No,None,Prompts/Equipment/ConceptArt/equipment_light_hood_t02_base_concept_sheet.txt,Prompts/Equipment/Meshy/BaseGeometry/equipment_light_hood_t02_base_geometry.txt,Prompts/Equipment/TextureVariants/equipment_light_hood_t02_base_rarity_variants.txt,2,2,1,1,0,readable at inventory scale; tier identity clear without UI; all six rarity variants preserve family; pivot and scale correct; no fragile geometry; URP PBR maps valid,Assets/_Game/Art/Equipment/LightArmor/light_hood/T2/Models,Not Started,Pending
equipment_longbow_t02_base,Arco Longo T2,Longbow T2,Task017,Equipment,Weapon,longbow,MVP,P1,B08_EQUIPMENT_T2,Text to 3D,Optional,1700,1024,No,None,Prompts/Equipment/ConceptArt/equipment_longbow_t02_base_concept_sheet.txt,Prompts/Equipment/Meshy/BaseGeometry/equipment_longbow_t02_base_geometry.txt,Prompts/Equipment/TextureVariants/equipment_longbow_t02_base_rarity_variants.txt,1,2,1,1,0,readable at inventory scale; tier identity clear without UI; all six rarity variants preserve family; pivot and scale correct; no fragile geometry; URP PBR maps valid,Assets/_Game/Art/Equipment/Weapon/longbow/T2/Models,Not Started,Pending
equipment_ring_t02_base,Anel T2,Ring T2,Task017,Equipment,Accessory,ring,MVP,P1,B08_EQUIPMENT_T2,Text to 3D,Optional,550,512,No,None,Prompts/Equipment/ConceptArt/equipment_ring_t02_base_concept_sheet.txt,Prompts/Equipment/Meshy/BaseGeometry/equipment_ring_t02_base_geometry.txt,Prompts/Equipment/TextureVariants/equipment_ring_t02_base_rarity_variants.txt,1,2,1,1,0,readable at inventory scale; tier identity clear without UI; all six rarity variants preserve family; pivot and scale correct; no fragile geometry; URP PBR maps valid,Assets/_Game/Art/Equipment/Accessory/ring/T2/Models,Not Started,Pending
equipment_shield_t02_base,Escudo T2,Shield T2,Task017,Equipment,Weapon,shield,MVP,P1,B08_EQUIPMENT_T2,Text to 3D,Optional,2500,1024,No,None,Prompts/Equipment/ConceptArt/equipment_shield_t02_base_concept_sheet.txt,Prompts/Equipment/Meshy/BaseGeometry/equipment_shield_t02_base_geometry.txt,Prompts/Equipment/TextureVariants/equipment_shield_t02_base_rarity_variants.txt,1,2,1,1,0,readable at inventory scale; tier identity clear without UI; all six rarity variants preserve family; pivot and scale correct; no fragile geometry; URP PBR maps valid,Assets/_Game/Art/Equipment/Weapon/shield/T2/Models,Not Started,Pending
equipment_staff_t02_base,Cajado T2,Staff T2,Task017,Equipment,Weapon,staff,MVP,P1,B08_EQUIPMENT_T2,Text to 3D,Optional,2400,1024,No,None,Prompts/Equipment/ConceptArt/equipment_staff_t02_base_concept_sheet.txt,Prompts/Equipment/Meshy/BaseGeometry/equipment_staff_t02_base_geometry.txt,Prompts/Equipment/TextureVariants/equipment_staff_t02_base_rarity_variants.txt,1,2,1,1,0,readable at inventory scale; tier identity clear without UI; all six rarity variants preserve family; pivot and scale correct; no fragile geometry; URP PBR maps valid,Assets/_Game/Art/Equipment/Weapon/staff/T2/Models,Not Started,Pending
equipment_sword_1h_t02_base,Espada de Uma Mão T2,One-Handed Sword T2,Task017,Equipment,Weapon,sword_1h,MVP,P1,B08_EQUIPMENT_T2,Text to 3D,Optional,2000,1024,No,None,Prompts/Equipment/ConceptArt/equipment_sword_1h_t02_base_concept_sheet.txt,Prompts/Equipment/Meshy/BaseGeometry/equipment_sword_1h_t02_base_geometry.txt,Prompts/Equipment/TextureVariants/equipment_sword_1h_t02_base_rarity_variants.txt,1,2,1,1,0,readable at inventory scale; tier identity clear without UI; all six rarity variants preserve family; pivot and scale correct; no fragile geometry; URP PBR maps valid,Assets/_Game/Art/Equipment/Weapon/sword_1h/T2/Models,Not Started,Pending
equipment_amulet_t03_base,Amuleto T3,Amulet T3,Task017,Equipment,Accessory,amulet,MVP,P1,B09_EQUIPMENT_T3,Text to 3D,Optional,900,512,No,None,Prompts/Equipment/ConceptArt/equipment_amulet_t03_base_concept_sheet.txt,Prompts/Equipment/Meshy/BaseGeometry/equipment_amulet_t03_base_geometry.txt,Prompts/Equipment/TextureVariants/equipment_amulet_t03_base_rarity_variants.txt,1,2,1,1,0,readable at inventory scale; tier identity clear without UI; all six rarity variants preserve family; pivot and scale correct; no fragile geometry; URP PBR maps valid,Assets/_Game/Art/Equipment/Accessory/amulet/T3/Models,Not Started,Pending
equipment_cloth_boots_t03_base,Botas Arcanas T3,Arcane Boots T3,Task017,Equipment,Cloth Armor,cloth_boots,MVP,P1,B09_EQUIPMENT_T3,Image to 3D,Yes,1450,1024,No,None,Prompts/Equipment/ConceptArt/equipment_cloth_boots_t03_base_concept_sheet.txt,Prompts/Equipment/Meshy/BaseGeometry/equipment_cloth_boots_t03_base_geometry.txt,Prompts/Equipment/TextureVariants/equipment_cloth_boots_t03_base_rarity_variants.txt,2,2,1,1,0,readable at inventory scale; tier identity clear without UI; all six rarity variants preserve family; pivot and scale correct; no fragile geometry; URP PBR maps valid,Assets/_Game/Art/Equipment/ClothArmor/cloth_boots/T3/Models,Not Started,Pending
equipment_cloth_gloves_t03_base,Luvas Arcanas T3,Arcane Gloves T3,Task017,Equipment,Cloth Armor,cloth_gloves,MVP,P1,B09_EQUIPMENT_T3,Image to 3D,Yes,1200,1024,No,None,Prompts/Equipment/ConceptArt/equipment_cloth_gloves_t03_base_concept_sheet.txt,Prompts/Equipment/Meshy/BaseGeometry/equipment_cloth_gloves_t03_base_geometry.txt,Prompts/Equipment/TextureVariants/equipment_cloth_gloves_t03_base_rarity_variants.txt,2,2,1,1,0,readable at inventory scale; tier identity clear without UI; all six rarity variants preserve family; pivot and scale correct; no fragile geometry; URP PBR maps valid,Assets/_Game/Art/Equipment/ClothArmor/cloth_gloves/T3/Models,Not Started,Pending
equipment_cloth_hood_t03_base,Capuz Arcano T3,Arcane Hood T3,Task017,Equipment,Cloth Armor,cloth_hood,MVP,P1,B09_EQUIPMENT_T3,Image to 3D,Yes,1500,1024,No,None,Prompts/Equipment/ConceptArt/equipment_cloth_hood_t03_base_concept_sheet.txt,Prompts/Equipment/Meshy/BaseGeometry/equipment_cloth_hood_t03_base_geometry.txt,Prompts/Equipment/TextureVariants/equipment_cloth_hood_t03_base_rarity_variants.txt,2,2,1,1,0,readable at inventory scale; tier identity clear without UI; all six rarity variants preserve family; pivot and scale correct; no fragile geometry; URP PBR maps valid,Assets/_Game/Art/Equipment/ClothArmor/cloth_hood/T3/Models,Not Started,Pending
equipment_cloth_robe_t03_base,Manto Arcano T3,Arcane Robe T3,Task017,Equipment,Cloth Armor,cloth_robe,MVP,P1,B09_EQUIPMENT_T3,Image to 3D,Yes,3350,1024,No,None,Prompts/Equipment/ConceptArt/equipment_cloth_robe_t03_base_concept_sheet.txt,Prompts/Equipment/Meshy/BaseGeometry/equipment_cloth_robe_t03_base_geometry.txt,Prompts/Equipment/TextureVariants/equipment_cloth_robe_t03_base_rarity_variants.txt,2,2,1,1,0,readable at inventory scale; tier identity clear without UI; all six rarity variants preserve family; pivot and scale correct; no fragile geometry; URP PBR maps valid,Assets/_Game/Art/Equipment/ClothArmor/cloth_robe/T3/Models,Not Started,Pending
equipment_heavy_boots_t03_base,Botas Pesadas T3,Heavy Boots T3,Task017,Equipment,Heavy Armor,heavy_boots,MVP,P1,B09_EQUIPMENT_T3,Image to 3D,Yes,1750,1024,No,None,Prompts/Equipment/ConceptArt/equipment_heavy_boots_t03_base_concept_sheet.txt,Prompts/Equipment/Meshy/BaseGeometry/equipment_heavy_boots_t03_base_geometry.txt,Prompts/Equipment/TextureVariants/equipment_heavy_boots_t03_base_rarity_variants.txt,2,2,1,1,0,readable at inventory scale; tier identity clear without UI; all six rarity variants preserve family; pivot and scale correct; no fragile geometry; URP PBR maps valid,Assets/_Game/Art/Equipment/HeavyArmor/heavy_boots/T3/Models,Not Started,Pending
equipment_heavy_chest_t03_base,Peitoral Pesado T3,Heavy Chest Armor T3,Task017,Equipment,Heavy Armor,heavy_chest,MVP,P1,B09_EQUIPMENT_T3,Image to 3D,Yes,3750,1024,No,None,Prompts/Equipment/ConceptArt/equipment_heavy_chest_t03_base_concept_sheet.txt,Prompts/Equipment/Meshy/BaseGeometry/equipment_heavy_chest_t03_base_geometry.txt,Prompts/Equipment/TextureVariants/equipment_heavy_chest_t03_base_rarity_variants.txt,2,2,1,1,0,readable at inventory scale; tier identity clear without UI; all six rarity variants preserve family; pivot and scale correct; no fragile geometry; URP PBR maps valid,Assets/_Game/Art/Equipment/HeavyArmor/heavy_chest/T3/Models,Not Started,Pending
equipment_heavy_gloves_t03_base,Manoplas Pesadas T3,Heavy Gauntlets T3,Task017,Equipment,Heavy Armor,heavy_gloves,MVP,P1,B09_EQUIPMENT_T3,Image to 3D,Yes,1550,1024,No,None,Prompts/Equipment/ConceptArt/equipment_heavy_gloves_t03_base_concept_sheet.txt,Prompts/Equipment/Meshy/BaseGeometry/equipment_heavy_gloves_t03_base_geometry.txt,Prompts/Equipment/TextureVariants/equipment_heavy_gloves_t03_base_rarity_variants.txt,2,2,1,1,0,readable at inventory scale; tier identity clear without UI; all six rarity variants preserve family; pivot and scale correct; no fragile geometry; URP PBR maps valid,Assets/_Game/Art/Equipment/HeavyArmor/heavy_gloves/T3/Models,Not Started,Pending
equipment_heavy_helmet_t03_base,Elmo Pesado T3,Heavy Helmet T3,Task017,Equipment,Heavy Armor,heavy_helmet,MVP,P1,B09_EQUIPMENT_T3,Image to 3D,Yes,2200,1024,No,None,Prompts/Equipment/ConceptArt/equipment_heavy_helmet_t03_base_concept_sheet.txt,Prompts/Equipment/Meshy/BaseGeometry/equipment_heavy_helmet_t03_base_geometry.txt,Prompts/Equipment/TextureVariants/equipment_heavy_helmet_t03_base_rarity_variants.txt,2,2,1,1,0,readable at inventory scale; tier identity clear without UI; all six rarity variants preserve family; pivot and scale correct; no fragile geometry; URP PBR maps valid,Assets/_Game/Art/Equipment/HeavyArmor/heavy_helmet/T3/Models,Not Started,Pending
equipment_light_boots_t03_base,Botas Leves T3,Light Boots T3,Task017,Equipment,Light Armor,light_boots,MVP,P1,B09_EQUIPMENT_T3,Image to 3D,Yes,1450,1024,No,None,Prompts/Equipment/ConceptArt/equipment_light_boots_t03_base_concept_sheet.txt,Prompts/Equipment/Meshy/BaseGeometry/equipment_light_boots_t03_base_geometry.txt,Prompts/Equipment/TextureVariants/equipment_light_boots_t03_base_rarity_variants.txt,2,2,1,1,0,readable at inventory scale; tier identity clear without UI; all six rarity variants preserve family; pivot and scale correct; no fragile geometry; URP PBR maps valid,Assets/_Game/Art/Equipment/LightArmor/light_boots/T3/Models,Not Started,Pending
equipment_light_chest_t03_base,Armadura Leve T3,Light Chest Armor T3,Task017,Equipment,Light Armor,light_chest,MVP,P1,B09_EQUIPMENT_T3,Image to 3D,Yes,2800,1024,No,None,Prompts/Equipment/ConceptArt/equipment_light_chest_t03_base_concept_sheet.txt,Prompts/Equipment/Meshy/BaseGeometry/equipment_light_chest_t03_base_geometry.txt,Prompts/Equipment/TextureVariants/equipment_light_chest_t03_base_rarity_variants.txt,2,2,1,1,0,readable at inventory scale; tier identity clear without UI; all six rarity variants preserve family; pivot and scale correct; no fragile geometry; URP PBR maps valid,Assets/_Game/Art/Equipment/LightArmor/light_chest/T3/Models,Not Started,Pending
equipment_light_gloves_t03_base,Luvas Leves T3,Light Gloves T3,Task017,Equipment,Light Armor,light_gloves,MVP,P1,B09_EQUIPMENT_T3,Image to 3D,Yes,1200,1024,No,None,Prompts/Equipment/ConceptArt/equipment_light_gloves_t03_base_concept_sheet.txt,Prompts/Equipment/Meshy/BaseGeometry/equipment_light_gloves_t03_base_geometry.txt,Prompts/Equipment/TextureVariants/equipment_light_gloves_t03_base_rarity_variants.txt,2,2,1,1,0,readable at inventory scale; tier identity clear without UI; all six rarity variants preserve family; pivot and scale correct; no fragile geometry; URP PBR maps valid,Assets/_Game/Art/Equipment/LightArmor/light_gloves/T3/Models,Not Started,Pending
equipment_light_hood_t03_base,Capuz Leve T3,Light Hood T3,Task017,Equipment,Light Armor,light_hood,MVP,P1,B09_EQUIPMENT_T3,Image to 3D,Yes,1450,1024,No,None,Prompts/Equipment/ConceptArt/equipment_light_hood_t03_base_concept_sheet.txt,Prompts/Equipment/Meshy/BaseGeometry/equipment_light_hood_t03_base_geometry.txt,Prompts/Equipment/TextureVariants/equipment_light_hood_t03_base_rarity_variants.txt,2,2,1,1,0,readable at inventory scale; tier identity clear without UI; all six rarity variants preserve family; pivot and scale correct; no fragile geometry; URP PBR maps valid,Assets/_Game/Art/Equipment/LightArmor/light_hood/T3/Models,Not Started,Pending
equipment_longbow_t03_base,Arco Longo T3,Longbow T3,Task017,Equipment,Weapon,longbow,MVP,P1,B09_EQUIPMENT_T3,Text to 3D,Optional,1700,1024,No,None,Prompts/Equipment/ConceptArt/equipment_longbow_t03_base_concept_sheet.txt,Prompts/Equipment/Meshy/BaseGeometry/equipment_longbow_t03_base_geometry.txt,Prompts/Equipment/TextureVariants/equipment_longbow_t03_base_rarity_variants.txt,1,2,1,1,0,readable at inventory scale; tier identity clear without UI; all six rarity variants preserve family; pivot and scale correct; no fragile geometry; URP PBR maps valid,Assets/_Game/Art/Equipment/Weapon/longbow/T3/Models,Not Started,Pending
equipment_ring_t03_base,Anel T3,Ring T3,Task017,Equipment,Accessory,ring,MVP,P1,B09_EQUIPMENT_T3,Text to 3D,Optional,550,512,No,None,Prompts/Equipment/ConceptArt/equipment_ring_t03_base_concept_sheet.txt,Prompts/Equipment/Meshy/BaseGeometry/equipment_ring_t03_base_geometry.txt,Prompts/Equipment/TextureVariants/equipment_ring_t03_base_rarity_variants.txt,1,2,1,1,0,readable at inventory scale; tier identity clear without UI; all six rarity variants preserve family; pivot and scale correct; no fragile geometry; URP PBR maps valid,Assets/_Game/Art/Equipment/Accessory/ring/T3/Models,Not Started,Pending
equipment_shield_t03_base,Escudo T3,Shield T3,Task017,Equipment,Weapon,shield,MVP,P1,B09_EQUIPMENT_T3,Text to 3D,Optional,2500,1024,No,None,Prompts/Equipment/ConceptArt/equipment_shield_t03_base_concept_sheet.txt,Prompts/Equipment/Meshy/BaseGeometry/equipment_shield_t03_base_geometry.txt,Prompts/Equipment/TextureVariants/equipment_shield_t03_base_rarity_variants.txt,1,2,1,1,0,readable at inventory scale; tier identity clear without UI; all six rarity variants preserve family; pivot and scale correct; no fragile geometry; URP PBR maps valid,Assets/_Game/Art/Equipment/Weapon/shield/T3/Models,Not Started,Pending
equipment_staff_t03_base,Cajado T3,Staff T3,Task017,Equipment,Weapon,staff,MVP,P1,B09_EQUIPMENT_T3,Text to 3D,Optional,2400,1024,No,None,Prompts/Equipment/ConceptArt/equipment_staff_t03_base_concept_sheet.txt,Prompts/Equipment/Meshy/BaseGeometry/equipment_staff_t03_base_geometry.txt,Prompts/Equipment/TextureVariants/equipment_staff_t03_base_rarity_variants.txt,1,2,1,1,0,readable at inventory scale; tier identity clear without UI; all six rarity variants preserve family; pivot and scale correct; no fragile geometry; URP PBR maps valid,Assets/_Game/Art/Equipment/Weapon/staff/T3/Models,Not Started,Pending
equipment_sword_1h_t03_base,Espada de Uma Mão T3,One-Handed Sword T3,Task017,Equipment,Weapon,sword_1h,MVP,P1,B09_EQUIPMENT_T3,Text to 3D,Optional,2000,1024,No,None,Prompts/Equipment/ConceptArt/equipment_sword_1h_t03_base_concept_sheet.txt,Prompts/Equipment/Meshy/BaseGeometry/equipment_sword_1h_t03_base_geometry.txt,Prompts/Equipment/TextureVariants/equipment_sword_1h_t03_base_rarity_variants.txt,1,2,1,1,0,readable at inventory scale; tier identity clear without UI; all six rarity variants preserve family; pivot and scale correct; no fragile geometry; URP PBR maps valid,Assets/_Game/Art/Equipment/Weapon/sword_1h/T3/Models,Not Started,Pending
equipment_amulet_t04_base,Amuleto T4,Amulet T4,Task017,Equipment,Accessory,amulet,Season 1,P2,B10_EQUIPMENT_T4,Text to 3D,Optional,900,512,No,None,Prompts/Equipment/ConceptArt/equipment_amulet_t04_base_concept_sheet.txt,Prompts/Equipment/Meshy/BaseGeometry/equipment_amulet_t04_base_geometry.txt,Prompts/Equipment/TextureVariants/equipment_amulet_t04_base_rarity_variants.txt,1,2,1,1,0,readable at inventory scale; tier identity clear without UI; all six rarity variants preserve family; pivot and scale correct; no fragile geometry; URP PBR maps valid,Assets/_Game/Art/Equipment/Accessory/amulet/T4/Models,Not Started,Pending
equipment_cloth_boots_t04_base,Botas Arcanas T4,Arcane Boots T4,Task017,Equipment,Cloth Armor,cloth_boots,Season 1,P2,B10_EQUIPMENT_T4,Image to 3D,Yes,1450,1024,No,None,Prompts/Equipment/ConceptArt/equipment_cloth_boots_t04_base_concept_sheet.txt,Prompts/Equipment/Meshy/BaseGeometry/equipment_cloth_boots_t04_base_geometry.txt,Prompts/Equipment/TextureVariants/equipment_cloth_boots_t04_base_rarity_variants.txt,2,2,1,1,0,readable at inventory scale; tier identity clear without UI; all six rarity variants preserve family; pivot and scale correct; no fragile geometry; URP PBR maps valid,Assets/_Game/Art/Equipment/ClothArmor/cloth_boots/T4/Models,Not Started,Pending
equipment_cloth_gloves_t04_base,Luvas Arcanas T4,Arcane Gloves T4,Task017,Equipment,Cloth Armor,cloth_gloves,Season 1,P2,B10_EQUIPMENT_T4,Image to 3D,Yes,1200,1024,No,None,Prompts/Equipment/ConceptArt/equipment_cloth_gloves_t04_base_concept_sheet.txt,Prompts/Equipment/Meshy/BaseGeometry/equipment_cloth_gloves_t04_base_geometry.txt,Prompts/Equipment/TextureVariants/equipment_cloth_gloves_t04_base_rarity_variants.txt,2,2,1,1,0,readable at inventory scale; tier identity clear without UI; all six rarity variants preserve family; pivot and scale correct; no fragile geometry; URP PBR maps valid,Assets/_Game/Art/Equipment/ClothArmor/cloth_gloves/T4/Models,Not Started,Pending
equipment_cloth_hood_t04_base,Capuz Arcano T4,Arcane Hood T4,Task017,Equipment,Cloth Armor,cloth_hood,Season 1,P2,B10_EQUIPMENT_T4,Image to 3D,Yes,1500,1024,No,None,Prompts/Equipment/ConceptArt/equipment_cloth_hood_t04_base_concept_sheet.txt,Prompts/Equipment/Meshy/BaseGeometry/equipment_cloth_hood_t04_base_geometry.txt,Prompts/Equipment/TextureVariants/equipment_cloth_hood_t04_base_rarity_variants.txt,2,2,1,1,0,readable at inventory scale; tier identity clear without UI; all six rarity variants preserve family; pivot and scale correct; no fragile geometry; URP PBR maps valid,Assets/_Game/Art/Equipment/ClothArmor/cloth_hood/T4/Models,Not Started,Pending
equipment_cloth_robe_t04_base,Manto Arcano T4,Arcane Robe T4,Task017,Equipment,Cloth Armor,cloth_robe,Season 1,P2,B10_EQUIPMENT_T4,Image to 3D,Yes,3350,1024,No,None,Prompts/Equipment/ConceptArt/equipment_cloth_robe_t04_base_concept_sheet.txt,Prompts/Equipment/Meshy/BaseGeometry/equipment_cloth_robe_t04_base_geometry.txt,Prompts/Equipment/TextureVariants/equipment_cloth_robe_t04_base_rarity_variants.txt,2,2,1,1,0,readable at inventory scale; tier identity clear without UI; all six rarity variants preserve family; pivot and scale correct; no fragile geometry; URP PBR maps valid,Assets/_Game/Art/Equipment/ClothArmor/cloth_robe/T4/Models,Not Started,Pending
equipment_heavy_boots_t04_base,Botas Pesadas T4,Heavy Boots T4,Task017,Equipment,Heavy Armor,heavy_boots,Season 1,P2,B10_EQUIPMENT_T4,Image to 3D,Yes,1750,1024,No,None,Prompts/Equipment/ConceptArt/equipment_heavy_boots_t04_base_concept_sheet.txt,Prompts/Equipment/Meshy/BaseGeometry/equipment_heavy_boots_t04_base_geometry.txt,Prompts/Equipment/TextureVariants/equipment_heavy_boots_t04_base_rarity_variants.txt,2,2,1,1,0,readable at inventory scale; tier identity clear without UI; all six rarity variants preserve family; pivot and scale correct; no fragile geometry; URP PBR maps valid,Assets/_Game/Art/Equipment/HeavyArmor/heavy_boots/T4/Models,Not Started,Pending
equipment_heavy_chest_t04_base,Peitoral Pesado T4,Heavy Chest Armor T4,Task017,Equipment,Heavy Armor,heavy_chest,Season 1,P2,B10_EQUIPMENT_T4,Image to 3D,Yes,3750,1024,No,None,Prompts/Equipment/ConceptArt/equipment_heavy_chest_t04_base_concept_sheet.txt,Prompts/Equipment/Meshy/BaseGeometry/equipment_heavy_chest_t04_base_geometry.txt,Prompts/Equipment/TextureVariants/equipment_heavy_chest_t04_base_rarity_variants.txt,2,2,1,1,0,readable at inventory scale; tier identity clear without UI; all six rarity variants preserve family; pivot and scale correct; no fragile geometry; URP PBR maps valid,Assets/_Game/Art/Equipment/HeavyArmor/heavy_chest/T4/Models,Not Started,Pending
equipment_heavy_gloves_t04_base,Manoplas Pesadas T4,Heavy Gauntlets T4,Task017,Equipment,Heavy Armor,heavy_gloves,Season 1,P2,B10_EQUIPMENT_T4,Image to 3D,Yes,1550,1024,No,None,Prompts/Equipment/ConceptArt/equipment_heavy_gloves_t04_base_concept_sheet.txt,Prompts/Equipment/Meshy/BaseGeometry/equipment_heavy_gloves_t04_base_geometry.txt,Prompts/Equipment/TextureVariants/equipment_heavy_gloves_t04_base_rarity_variants.txt,2,2,1,1,0,readable at inventory scale; tier identity clear without UI; all six rarity variants preserve family; pivot and scale correct; no fragile geometry; URP PBR maps valid,Assets/_Game/Art/Equipment/HeavyArmor/heavy_gloves/T4/Models,Not Started,Pending
equipment_heavy_helmet_t04_base,Elmo Pesado T4,Heavy Helmet T4,Task017,Equipment,Heavy Armor,heavy_helmet,Season 1,P2,B10_EQUIPMENT_T4,Image to 3D,Yes,2200,1024,No,None,Prompts/Equipment/ConceptArt/equipment_heavy_helmet_t04_base_concept_sheet.txt,Prompts/Equipment/Meshy/BaseGeometry/equipment_heavy_helmet_t04_base_geometry.txt,Prompts/Equipment/TextureVariants/equipment_heavy_helmet_t04_base_rarity_variants.txt,2,2,1,1,0,readable at inventory scale; tier identity clear without UI; all six rarity variants preserve family; pivot and scale correct; no fragile geometry; URP PBR maps valid,Assets/_Game/Art/Equipment/HeavyArmor/heavy_helmet/T4/Models,Not Started,Pending
equipment_light_boots_t04_base,Botas Leves T4,Light Boots T4,Task017,Equipment,Light Armor,light_boots,Season 1,P2,B10_EQUIPMENT_T4,Image to 3D,Yes,1450,1024,No,None,Prompts/Equipment/ConceptArt/equipment_light_boots_t04_base_concept_sheet.txt,Prompts/Equipment/Meshy/BaseGeometry/equipment_light_boots_t04_base_geometry.txt,Prompts/Equipment/TextureVariants/equipment_light_boots_t04_base_rarity_variants.txt,2,2,1,1,0,readable at inventory scale; tier identity clear without UI; all six rarity variants preserve family; pivot and scale correct; no fragile geometry; URP PBR maps valid,Assets/_Game/Art/Equipment/LightArmor/light_boots/T4/Models,Not Started,Pending
equipment_light_chest_t04_base,Armadura Leve T4,Light Chest Armor T4,Task017,Equipment,Light Armor,light_chest,Season 1,P2,B10_EQUIPMENT_T4,Image to 3D,Yes,2800,1024,No,None,Prompts/Equipment/ConceptArt/equipment_light_chest_t04_base_concept_sheet.txt,Prompts/Equipment/Meshy/BaseGeometry/equipment_light_chest_t04_base_geometry.txt,Prompts/Equipment/TextureVariants/equipment_light_chest_t04_base_rarity_variants.txt,2,2,1,1,0,readable at inventory scale; tier identity clear without UI; all six rarity variants preserve family; pivot and scale correct; no fragile geometry; URP PBR maps valid,Assets/_Game/Art/Equipment/LightArmor/light_chest/T4/Models,Not Started,Pending
equipment_light_gloves_t04_base,Luvas Leves T4,Light Gloves T4,Task017,Equipment,Light Armor,light_gloves,Season 1,P2,B10_EQUIPMENT_T4,Image to 3D,Yes,1200,1024,No,None,Prompts/Equipment/ConceptArt/equipment_light_gloves_t04_base_concept_sheet.txt,Prompts/Equipment/Meshy/BaseGeometry/equipment_light_gloves_t04_base_geometry.txt,Prompts/Equipment/TextureVariants/equipment_light_gloves_t04_base_rarity_variants.txt,2,2,1,1,0,readable at inventory scale; tier identity clear without UI; all six rarity variants preserve family; pivot and scale correct; no fragile geometry; URP PBR maps valid,Assets/_Game/Art/Equipment/LightArmor/light_gloves/T4/Models,Not Started,Pending
equipment_light_hood_t04_base,Capuz Leve T4,Light Hood T4,Task017,Equipment,Light Armor,light_hood,Season 1,P2,B10_EQUIPMENT_T4,Image to 3D,Yes,1450,1024,No,None,Prompts/Equipment/ConceptArt/equipment_light_hood_t04_base_concept_sheet.txt,Prompts/Equipment/Meshy/BaseGeometry/equipment_light_hood_t04_base_geometry.txt,Prompts/Equipment/TextureVariants/equipment_light_hood_t04_base_rarity_variants.txt,2,2,1,1,0,readable at inventory scale; tier identity clear without UI; all six rarity variants preserve family; pivot and scale correct; no fragile geometry; URP PBR maps valid,Assets/_Game/Art/Equipment/LightArmor/light_hood/T4/Models,Not Started,Pending
equipment_longbow_t04_base,Arco Longo T4,Longbow T4,Task017,Equipment,Weapon,longbow,Season 1,P2,B10_EQUIPMENT_T4,Text to 3D,Optional,1700,1024,No,None,Prompts/Equipment/ConceptArt/equipment_longbow_t04_base_concept_sheet.txt,Prompts/Equipment/Meshy/BaseGeometry/equipment_longbow_t04_base_geometry.txt,Prompts/Equipment/TextureVariants/equipment_longbow_t04_base_rarity_variants.txt,1,2,1,1,0,readable at inventory scale; tier identity clear without UI; all six rarity variants preserve family; pivot and scale correct; no fragile geometry; URP PBR maps valid,Assets/_Game/Art/Equipment/Weapon/longbow/T4/Models,Not Started,Pending
equipment_ring_t04_base,Anel T4,Ring T4,Task017,Equipment,Accessory,ring,Season 1,P2,B10_EQUIPMENT_T4,Text to 3D,Optional,550,512,No,None,Prompts/Equipment/ConceptArt/equipment_ring_t04_base_concept_sheet.txt,Prompts/Equipment/Meshy/BaseGeometry/equipment_ring_t04_base_geometry.txt,Prompts/Equipment/TextureVariants/equipment_ring_t04_base_rarity_variants.txt,1,2,1,1,0,readable at inventory scale; tier identity clear without UI; all six rarity variants preserve family; pivot and scale correct; no fragile geometry; URP PBR maps valid,Assets/_Game/Art/Equipment/Accessory/ring/T4/Models,Not Started,Pending
equipment_shield_t04_base,Escudo T4,Shield T4,Task017,Equipment,Weapon,shield,Season 1,P2,B10_EQUIPMENT_T4,Text to 3D,Optional,2500,1024,No,None,Prompts/Equipment/ConceptArt/equipment_shield_t04_base_concept_sheet.txt,Prompts/Equipment/Meshy/BaseGeometry/equipment_shield_t04_base_geometry.txt,Prompts/Equipment/TextureVariants/equipment_shield_t04_base_rarity_variants.txt,1,2,1,1,0,readable at inventory scale; tier identity clear without UI; all six rarity variants preserve family; pivot and scale correct; no fragile geometry; URP PBR maps valid,Assets/_Game/Art/Equipment/Weapon/shield/T4/Models,Not Started,Pending
equipment_staff_t04_base,Cajado T4,Staff T4,Task017,Equipment,Weapon,staff,Season 1,P2,B10_EQUIPMENT_T4,Text to 3D,Optional,2400,1024,No,None,Prompts/Equipment/ConceptArt/equipment_staff_t04_base_concept_sheet.txt,Prompts/Equipment/Meshy/BaseGeometry/equipment_staff_t04_base_geometry.txt,Prompts/Equipment/TextureVariants/equipment_staff_t04_base_rarity_variants.txt,1,2,1,1,0,readable at inventory scale; tier identity clear without UI; all six rarity variants preserve family; pivot and scale correct; no fragile geometry; URP PBR maps valid,Assets/_Game/Art/Equipment/Weapon/staff/T4/Models,Not Started,Pending
equipment_sword_1h_t04_base,Espada de Uma Mão T4,One-Handed Sword T4,Task017,Equipment,Weapon,sword_1h,Season 1,P2,B10_EQUIPMENT_T4,Text to 3D,Optional,2000,1024,No,None,Prompts/Equipment/ConceptArt/equipment_sword_1h_t04_base_concept_sheet.txt,Prompts/Equipment/Meshy/BaseGeometry/equipment_sword_1h_t04_base_geometry.txt,Prompts/Equipment/TextureVariants/equipment_sword_1h_t04_base_rarity_variants.txt,1,2,1,1,0,readable at inventory scale; tier identity clear without UI; all six rarity variants preserve family; pivot and scale correct; no fragile geometry; URP PBR maps valid,Assets/_Game/Art/Equipment/Weapon/sword_1h/T4/Models,Not Started,Pending
equipment_amulet_t05_base,Amuleto T5,Amulet T5,Task017,Equipment,Accessory,amulet,Season 1,P2,B11_EQUIPMENT_T5,Text to 3D,Optional,900,512,No,None,Prompts/Equipment/ConceptArt/equipment_amulet_t05_base_concept_sheet.txt,Prompts/Equipment/Meshy/BaseGeometry/equipment_amulet_t05_base_geometry.txt,Prompts/Equipment/TextureVariants/equipment_amulet_t05_base_rarity_variants.txt,1,2,1,1,0,readable at inventory scale; tier identity clear without UI; all six rarity variants preserve family; pivot and scale correct; no fragile geometry; URP PBR maps valid,Assets/_Game/Art/Equipment/Accessory/amulet/T5/Models,Not Started,Pending
equipment_cloth_boots_t05_base,Botas Arcanas T5,Arcane Boots T5,Task017,Equipment,Cloth Armor,cloth_boots,Season 1,P2,B11_EQUIPMENT_T5,Image to 3D,Yes,1450,1024,No,None,Prompts/Equipment/ConceptArt/equipment_cloth_boots_t05_base_concept_sheet.txt,Prompts/Equipment/Meshy/BaseGeometry/equipment_cloth_boots_t05_base_geometry.txt,Prompts/Equipment/TextureVariants/equipment_cloth_boots_t05_base_rarity_variants.txt,2,2,1,1,0,readable at inventory scale; tier identity clear without UI; all six rarity variants preserve family; pivot and scale correct; no fragile geometry; URP PBR maps valid,Assets/_Game/Art/Equipment/ClothArmor/cloth_boots/T5/Models,Not Started,Pending
equipment_cloth_gloves_t05_base,Luvas Arcanas T5,Arcane Gloves T5,Task017,Equipment,Cloth Armor,cloth_gloves,Season 1,P2,B11_EQUIPMENT_T5,Image to 3D,Yes,1200,1024,No,None,Prompts/Equipment/ConceptArt/equipment_cloth_gloves_t05_base_concept_sheet.txt,Prompts/Equipment/Meshy/BaseGeometry/equipment_cloth_gloves_t05_base_geometry.txt,Prompts/Equipment/TextureVariants/equipment_cloth_gloves_t05_base_rarity_variants.txt,2,2,1,1,0,readable at inventory scale; tier identity clear without UI; all six rarity variants preserve family; pivot and scale correct; no fragile geometry; URP PBR maps valid,Assets/_Game/Art/Equipment/ClothArmor/cloth_gloves/T5/Models,Not Started,Pending
equipment_cloth_hood_t05_base,Capuz Arcano T5,Arcane Hood T5,Task017,Equipment,Cloth Armor,cloth_hood,Season 1,P2,B11_EQUIPMENT_T5,Image to 3D,Yes,1500,1024,No,None,Prompts/Equipment/ConceptArt/equipment_cloth_hood_t05_base_concept_sheet.txt,Prompts/Equipment/Meshy/BaseGeometry/equipment_cloth_hood_t05_base_geometry.txt,Prompts/Equipment/TextureVariants/equipment_cloth_hood_t05_base_rarity_variants.txt,2,2,1,1,0,readable at inventory scale; tier identity clear without UI; all six rarity variants preserve family; pivot and scale correct; no fragile geometry; URP PBR maps valid,Assets/_Game/Art/Equipment/ClothArmor/cloth_hood/T5/Models,Not Started,Pending
equipment_cloth_robe_t05_base,Manto Arcano T5,Arcane Robe T5,Task017,Equipment,Cloth Armor,cloth_robe,Season 1,P2,B11_EQUIPMENT_T5,Image to 3D,Yes,3350,1024,No,None,Prompts/Equipment/ConceptArt/equipment_cloth_robe_t05_base_concept_sheet.txt,Prompts/Equipment/Meshy/BaseGeometry/equipment_cloth_robe_t05_base_geometry.txt,Prompts/Equipment/TextureVariants/equipment_cloth_robe_t05_base_rarity_variants.txt,2,2,1,1,0,readable at inventory scale; tier identity clear without UI; all six rarity variants preserve family; pivot and scale correct; no fragile geometry; URP PBR maps valid,Assets/_Game/Art/Equipment/ClothArmor/cloth_robe/T5/Models,Not Started,Pending
equipment_heavy_boots_t05_base,Botas Pesadas T5,Heavy Boots T5,Task017,Equipment,Heavy Armor,heavy_boots,Season 1,P2,B11_EQUIPMENT_T5,Image to 3D,Yes,1750,1024,No,None,Prompts/Equipment/ConceptArt/equipment_heavy_boots_t05_base_concept_sheet.txt,Prompts/Equipment/Meshy/BaseGeometry/equipment_heavy_boots_t05_base_geometry.txt,Prompts/Equipment/TextureVariants/equipment_heavy_boots_t05_base_rarity_variants.txt,2,2,1,1,0,readable at inventory scale; tier identity clear without UI; all six rarity variants preserve family; pivot and scale correct; no fragile geometry; URP PBR maps valid,Assets/_Game/Art/Equipment/HeavyArmor/heavy_boots/T5/Models,Not Started,Pending
equipment_heavy_chest_t05_base,Peitoral Pesado T5,Heavy Chest Armor T5,Task017,Equipment,Heavy Armor,heavy_chest,Season 1,P2,B11_EQUIPMENT_T5,Image to 3D,Yes,3750,1024,No,None,Prompts/Equipment/ConceptArt/equipment_heavy_chest_t05_base_concept_sheet.txt,Prompts/Equipment/Meshy/BaseGeometry/equipment_heavy_chest_t05_base_geometry.txt,Prompts/Equipment/TextureVariants/equipment_heavy_chest_t05_base_rarity_variants.txt,2,2,1,1,0,readable at inventory scale; tier identity clear without UI; all six rarity variants preserve family; pivot and scale correct; no fragile geometry; URP PBR maps valid,Assets/_Game/Art/Equipment/HeavyArmor/heavy_chest/T5/Models,Not Started,Pending
equipment_heavy_gloves_t05_base,Manoplas Pesadas T5,Heavy Gauntlets T5,Task017,Equipment,Heavy Armor,heavy_gloves,Season 1,P2,B11_EQUIPMENT_T5,Image to 3D,Yes,1550,1024,No,None,Prompts/Equipment/ConceptArt/equipment_heavy_gloves_t05_base_concept_sheet.txt,Prompts/Equipment/Meshy/BaseGeometry/equipment_heavy_gloves_t05_base_geometry.txt,Prompts/Equipment/TextureVariants/equipment_heavy_gloves_t05_base_rarity_variants.txt,2,2,1,1,0,readable at inventory scale; tier identity clear without UI; all six rarity variants preserve family; pivot and scale correct; no fragile geometry; URP PBR maps valid,Assets/_Game/Art/Equipment/HeavyArmor/heavy_gloves/T5/Models,Not Started,Pending
equipment_heavy_helmet_t05_base,Elmo Pesado T5,Heavy Helmet T5,Task017,Equipment,Heavy Armor,heavy_helmet,Season 1,P2,B11_EQUIPMENT_T5,Image to 3D,Yes,2200,1024,No,None,Prompts/Equipment/ConceptArt/equipment_heavy_helmet_t05_base_concept_sheet.txt,Prompts/Equipment/Meshy/BaseGeometry/equipment_heavy_helmet_t05_base_geometry.txt,Prompts/Equipment/TextureVariants/equipment_heavy_helmet_t05_base_rarity_variants.txt,2,2,1,1,0,readable at inventory scale; tier identity clear without UI; all six rarity variants preserve family; pivot and scale correct; no fragile geometry; URP PBR maps valid,Assets/_Game/Art/Equipment/HeavyArmor/heavy_helmet/T5/Models,Not Started,Pending
equipment_light_boots_t05_base,Botas Leves T5,Light Boots T5,Task017,Equipment,Light Armor,light_boots,Season 1,P2,B11_EQUIPMENT_T5,Image to 3D,Yes,1450,1024,No,None,Prompts/Equipment/ConceptArt/equipment_light_boots_t05_base_concept_sheet.txt,Prompts/Equipment/Meshy/BaseGeometry/equipment_light_boots_t05_base_geometry.txt,Prompts/Equipment/TextureVariants/equipment_light_boots_t05_base_rarity_variants.txt,2,2,1,1,0,readable at inventory scale; tier identity clear without UI; all six rarity variants preserve family; pivot and scale correct; no fragile geometry; URP PBR maps valid,Assets/_Game/Art/Equipment/LightArmor/light_boots/T5/Models,Not Started,Pending
equipment_light_chest_t05_base,Armadura Leve T5,Light Chest Armor T5,Task017,Equipment,Light Armor,light_chest,Season 1,P2,B11_EQUIPMENT_T5,Image to 3D,Yes,2800,1024,No,None,Prompts/Equipment/ConceptArt/equipment_light_chest_t05_base_concept_sheet.txt,Prompts/Equipment/Meshy/BaseGeometry/equipment_light_chest_t05_base_geometry.txt,Prompts/Equipment/TextureVariants/equipment_light_chest_t05_base_rarity_variants.txt,2,2,1,1,0,readable at inventory scale; tier identity clear without UI; all six rarity variants preserve family; pivot and scale correct; no fragile geometry; URP PBR maps valid,Assets/_Game/Art/Equipment/LightArmor/light_chest/T5/Models,Not Started,Pending
equipment_light_gloves_t05_base,Luvas Leves T5,Light Gloves T5,Task017,Equipment,Light Armor,light_gloves,Season 1,P2,B11_EQUIPMENT_T5,Image to 3D,Yes,1200,1024,No,None,Prompts/Equipment/ConceptArt/equipment_light_gloves_t05_base_concept_sheet.txt,Prompts/Equipment/Meshy/BaseGeometry/equipment_light_gloves_t05_base_geometry.txt,Prompts/Equipment/TextureVariants/equipment_light_gloves_t05_base_rarity_variants.txt,2,2,1,1,0,readable at inventory scale; tier identity clear without UI; all six rarity variants preserve family; pivot and scale correct; no fragile geometry; URP PBR maps valid,Assets/_Game/Art/Equipment/LightArmor/light_gloves/T5/Models,Not Started,Pending
equipment_light_hood_t05_base,Capuz Leve T5,Light Hood T5,Task017,Equipment,Light Armor,light_hood,Season 1,P2,B11_EQUIPMENT_T5,Image to 3D,Yes,1450,1024,No,None,Prompts/Equipment/ConceptArt/equipment_light_hood_t05_base_concept_sheet.txt,Prompts/Equipment/Meshy/BaseGeometry/equipment_light_hood_t05_base_geometry.txt,Prompts/Equipment/TextureVariants/equipment_light_hood_t05_base_rarity_variants.txt,2,2,1,1,0,readable at inventory scale; tier identity clear without UI; all six rarity variants preserve family; pivot and scale correct; no fragile geometry; URP PBR maps valid,Assets/_Game/Art/Equipment/LightArmor/light_hood/T5/Models,Not Started,Pending
equipment_longbow_t05_base,Arco Longo T5,Longbow T5,Task017,Equipment,Weapon,longbow,Season 1,P2,B11_EQUIPMENT_T5,Text to 3D,Optional,1700,1024,No,None,Prompts/Equipment/ConceptArt/equipment_longbow_t05_base_concept_sheet.txt,Prompts/Equipment/Meshy/BaseGeometry/equipment_longbow_t05_base_geometry.txt,Prompts/Equipment/TextureVariants/equipment_longbow_t05_base_rarity_variants.txt,1,2,1,1,0,readable at inventory scale; tier identity clear without UI; all six rarity variants preserve family; pivot and scale correct; no fragile geometry; URP PBR maps valid,Assets/_Game/Art/Equipment/Weapon/longbow/T5/Models,Not Started,Pending
equipment_ring_t05_base,Anel T5,Ring T5,Task017,Equipment,Accessory,ring,Season 1,P2,B11_EQUIPMENT_T5,Text to 3D,Optional,550,512,No,None,Prompts/Equipment/ConceptArt/equipment_ring_t05_base_concept_sheet.txt,Prompts/Equipment/Meshy/BaseGeometry/equipment_ring_t05_base_geometry.txt,Prompts/Equipment/TextureVariants/equipment_ring_t05_base_rarity_variants.txt,1,2,1,1,0,readable at inventory scale; tier identity clear without UI; all six rarity variants preserve family; pivot and scale correct; no fragile geometry; URP PBR maps valid,Assets/_Game/Art/Equipment/Accessory/ring/T5/Models,Not Started,Pending
equipment_shield_t05_base,Escudo T5,Shield T5,Task017,Equipment,Weapon,shield,Season 1,P2,B11_EQUIPMENT_T5,Text to 3D,Optional,2500,1024,No,None,Prompts/Equipment/ConceptArt/equipment_shield_t05_base_concept_sheet.txt,Prompts/Equipment/Meshy/BaseGeometry/equipment_shield_t05_base_geometry.txt,Prompts/Equipment/TextureVariants/equipment_shield_t05_base_rarity_variants.txt,1,2,1,1,0,readable at inventory scale; tier identity clear without UI; all six rarity variants preserve family; pivot and scale correct; no fragile geometry; URP PBR maps valid,Assets/_Game/Art/Equipment/Weapon/shield/T5/Models,Not Started,Pending
equipment_staff_t05_base,Cajado T5,Staff T5,Task017,Equipment,Weapon,staff,Season 1,P2,B11_EQUIPMENT_T5,Text to 3D,Optional,2400,1024,No,None,Prompts/Equipment/ConceptArt/equipment_staff_t05_base_concept_sheet.txt,Prompts/Equipment/Meshy/BaseGeometry/equipment_staff_t05_base_geometry.txt,Prompts/Equipment/TextureVariants/equipment_staff_t05_base_rarity_variants.txt,1,2,1,1,0,readable at inventory scale; tier identity clear without UI; all six rarity variants preserve family; pivot and scale correct; no fragile geometry; URP PBR maps valid,Assets/_Game/Art/Equipment/Weapon/staff/T5/Models,Not Started,Pending
equipment_sword_1h_t05_base,Espada de Uma Mão T5,One-Handed Sword T5,Task017,Equipment,Weapon,sword_1h,Season 1,P2,B11_EQUIPMENT_T5,Text to 3D,Optional,2000,1024,No,None,Prompts/Equipment/ConceptArt/equipment_sword_1h_t05_base_concept_sheet.txt,Prompts/Equipment/Meshy/BaseGeometry/equipment_sword_1h_t05_base_geometry.txt,Prompts/Equipment/TextureVariants/equipment_sword_1h_t05_base_rarity_variants.txt,1,2,1,1,0,readable at inventory scale; tier identity clear without UI; all six rarity variants preserve family; pivot and scale correct; no fragile geometry; URP PBR maps valid,Assets/_Game/Art/Equipment/Weapon/sword_1h/T5/Models,Not Started,Pending
equipment_amulet_t06_base,Amuleto T6,Amulet T6,Task017,Equipment,Accessory,amulet,Season 1,P2,B12_EQUIPMENT_T6,Text to 3D,Optional,900,512,No,None,Prompts/Equipment/ConceptArt/equipment_amulet_t06_base_concept_sheet.txt,Prompts/Equipment/Meshy/BaseGeometry/equipment_amulet_t06_base_geometry.txt,Prompts/Equipment/TextureVariants/equipment_amulet_t06_base_rarity_variants.txt,1,2,1,1,0,readable at inventory scale; tier identity clear without UI; all six rarity variants preserve family; pivot and scale correct; no fragile geometry; URP PBR maps valid,Assets/_Game/Art/Equipment/Accessory/amulet/T6/Models,Not Started,Pending
equipment_cloth_boots_t06_base,Botas Arcanas T6,Arcane Boots T6,Task017,Equipment,Cloth Armor,cloth_boots,Season 1,P2,B12_EQUIPMENT_T6,Image to 3D,Yes,1450,1024,No,None,Prompts/Equipment/ConceptArt/equipment_cloth_boots_t06_base_concept_sheet.txt,Prompts/Equipment/Meshy/BaseGeometry/equipment_cloth_boots_t06_base_geometry.txt,Prompts/Equipment/TextureVariants/equipment_cloth_boots_t06_base_rarity_variants.txt,2,2,1,1,0,readable at inventory scale; tier identity clear without UI; all six rarity variants preserve family; pivot and scale correct; no fragile geometry; URP PBR maps valid,Assets/_Game/Art/Equipment/ClothArmor/cloth_boots/T6/Models,Not Started,Pending
equipment_cloth_gloves_t06_base,Luvas Arcanas T6,Arcane Gloves T6,Task017,Equipment,Cloth Armor,cloth_gloves,Season 1,P2,B12_EQUIPMENT_T6,Image to 3D,Yes,1200,1024,No,None,Prompts/Equipment/ConceptArt/equipment_cloth_gloves_t06_base_concept_sheet.txt,Prompts/Equipment/Meshy/BaseGeometry/equipment_cloth_gloves_t06_base_geometry.txt,Prompts/Equipment/TextureVariants/equipment_cloth_gloves_t06_base_rarity_variants.txt,2,2,1,1,0,readable at inventory scale; tier identity clear without UI; all six rarity variants preserve family; pivot and scale correct; no fragile geometry; URP PBR maps valid,Assets/_Game/Art/Equipment/ClothArmor/cloth_gloves/T6/Models,Not Started,Pending
equipment_cloth_hood_t06_base,Capuz Arcano T6,Arcane Hood T6,Task017,Equipment,Cloth Armor,cloth_hood,Season 1,P2,B12_EQUIPMENT_T6,Image to 3D,Yes,1500,1024,No,None,Prompts/Equipment/ConceptArt/equipment_cloth_hood_t06_base_concept_sheet.txt,Prompts/Equipment/Meshy/BaseGeometry/equipment_cloth_hood_t06_base_geometry.txt,Prompts/Equipment/TextureVariants/equipment_cloth_hood_t06_base_rarity_variants.txt,2,2,1,1,0,readable at inventory scale; tier identity clear without UI; all six rarity variants preserve family; pivot and scale correct; no fragile geometry; URP PBR maps valid,Assets/_Game/Art/Equipment/ClothArmor/cloth_hood/T6/Models,Not Started,Pending
equipment_cloth_robe_t06_base,Manto Arcano T6,Arcane Robe T6,Task017,Equipment,Cloth Armor,cloth_robe,Season 1,P2,B12_EQUIPMENT_T6,Image to 3D,Yes,3350,1024,No,None,Prompts/Equipment/ConceptArt/equipment_cloth_robe_t06_base_concept_sheet.txt,Prompts/Equipment/Meshy/BaseGeometry/equipment_cloth_robe_t06_base_geometry.txt,Prompts/Equipment/TextureVariants/equipment_cloth_robe_t06_base_rarity_variants.txt,2,2,1,1,0,readable at inventory scale; tier identity clear without UI; all six rarity variants preserve family; pivot and scale correct; no fragile geometry; URP PBR maps valid,Assets/_Game/Art/Equipment/ClothArmor/cloth_robe/T6/Models,Not Started,Pending
equipment_heavy_boots_t06_base,Botas Pesadas T6,Heavy Boots T6,Task017,Equipment,Heavy Armor,heavy_boots,Season 1,P2,B12_EQUIPMENT_T6,Image to 3D,Yes,1750,1024,No,None,Prompts/Equipment/ConceptArt/equipment_heavy_boots_t06_base_concept_sheet.txt,Prompts/Equipment/Meshy/BaseGeometry/equipment_heavy_boots_t06_base_geometry.txt,Prompts/Equipment/TextureVariants/equipment_heavy_boots_t06_base_rarity_variants.txt,2,2,1,1,0,readable at inventory scale; tier identity clear without UI; all six rarity variants preserve family; pivot and scale correct; no fragile geometry; URP PBR maps valid,Assets/_Game/Art/Equipment/HeavyArmor/heavy_boots/T6/Models,Not Started,Pending
equipment_heavy_chest_t06_base,Peitoral Pesado T6,Heavy Chest Armor T6,Task017,Equipment,Heavy Armor,heavy_chest,Season 1,P2,B12_EQUIPMENT_T6,Image to 3D,Yes,3750,1024,No,None,Prompts/Equipment/ConceptArt/equipment_heavy_chest_t06_base_concept_sheet.txt,Prompts/Equipment/Meshy/BaseGeometry/equipment_heavy_chest_t06_base_geometry.txt,Prompts/Equipment/TextureVariants/equipment_heavy_chest_t06_base_rarity_variants.txt,2,2,1,1,0,readable at inventory scale; tier identity clear without UI; all six rarity variants preserve family; pivot and scale correct; no fragile geometry; URP PBR maps valid,Assets/_Game/Art/Equipment/HeavyArmor/heavy_chest/T6/Models,Not Started,Pending
equipment_heavy_gloves_t06_base,Manoplas Pesadas T6,Heavy Gauntlets T6,Task017,Equipment,Heavy Armor,heavy_gloves,Season 1,P2,B12_EQUIPMENT_T6,Image to 3D,Yes,1550,1024,No,None,Prompts/Equipment/ConceptArt/equipment_heavy_gloves_t06_base_concept_sheet.txt,Prompts/Equipment/Meshy/BaseGeometry/equipment_heavy_gloves_t06_base_geometry.txt,Prompts/Equipment/TextureVariants/equipment_heavy_gloves_t06_base_rarity_variants.txt,2,2,1,1,0,readable at inventory scale; tier identity clear without UI; all six rarity variants preserve family; pivot and scale correct; no fragile geometry; URP PBR maps valid,Assets/_Game/Art/Equipment/HeavyArmor/heavy_gloves/T6/Models,Not Started,Pending
equipment_heavy_helmet_t06_base,Elmo Pesado T6,Heavy Helmet T6,Task017,Equipment,Heavy Armor,heavy_helmet,Season 1,P2,B12_EQUIPMENT_T6,Image to 3D,Yes,2200,1024,No,None,Prompts/Equipment/ConceptArt/equipment_heavy_helmet_t06_base_concept_sheet.txt,Prompts/Equipment/Meshy/BaseGeometry/equipment_heavy_helmet_t06_base_geometry.txt,Prompts/Equipment/TextureVariants/equipment_heavy_helmet_t06_base_rarity_variants.txt,2,2,1,1,0,readable at inventory scale; tier identity clear without UI; all six rarity variants preserve family; pivot and scale correct; no fragile geometry; URP PBR maps valid,Assets/_Game/Art/Equipment/HeavyArmor/heavy_helmet/T6/Models,Not Started,Pending
equipment_light_boots_t06_base,Botas Leves T6,Light Boots T6,Task017,Equipment,Light Armor,light_boots,Season 1,P2,B12_EQUIPMENT_T6,Image to 3D,Yes,1450,1024,No,None,Prompts/Equipment/ConceptArt/equipment_light_boots_t06_base_concept_sheet.txt,Prompts/Equipment/Meshy/BaseGeometry/equipment_light_boots_t06_base_geometry.txt,Prompts/Equipment/TextureVariants/equipment_light_boots_t06_base_rarity_variants.txt,2,2,1,1,0,readable at inventory scale; tier identity clear without UI; all six rarity variants preserve family; pivot and scale correct; no fragile geometry; URP PBR maps valid,Assets/_Game/Art/Equipment/LightArmor/light_boots/T6/Models,Not Started,Pending
equipment_light_chest_t06_base,Armadura Leve T6,Light Chest Armor T6,Task017,Equipment,Light Armor,light_chest,Season 1,P2,B12_EQUIPMENT_T6,Image to 3D,Yes,2800,1024,No,None,Prompts/Equipment/ConceptArt/equipment_light_chest_t06_base_concept_sheet.txt,Prompts/Equipment/Meshy/BaseGeometry/equipment_light_chest_t06_base_geometry.txt,Prompts/Equipment/TextureVariants/equipment_light_chest_t06_base_rarity_variants.txt,2,2,1,1,0,readable at inventory scale; tier identity clear without UI; all six rarity variants preserve family; pivot and scale correct; no fragile geometry; URP PBR maps valid,Assets/_Game/Art/Equipment/LightArmor/light_chest/T6/Models,Not Started,Pending
equipment_light_gloves_t06_base,Luvas Leves T6,Light Gloves T6,Task017,Equipment,Light Armor,light_gloves,Season 1,P2,B12_EQUIPMENT_T6,Image to 3D,Yes,1200,1024,No,None,Prompts/Equipment/ConceptArt/equipment_light_gloves_t06_base_concept_sheet.txt,Prompts/Equipment/Meshy/BaseGeometry/equipment_light_gloves_t06_base_geometry.txt,Prompts/Equipment/TextureVariants/equipment_light_gloves_t06_base_rarity_variants.txt,2,2,1,1,0,readable at inventory scale; tier identity clear without UI; all six rarity variants preserve family; pivot and scale correct; no fragile geometry; URP PBR maps valid,Assets/_Game/Art/Equipment/LightArmor/light_gloves/T6/Models,Not Started,Pending
equipment_light_hood_t06_base,Capuz Leve T6,Light Hood T6,Task017,Equipment,Light Armor,light_hood,Season 1,P2,B12_EQUIPMENT_T6,Image to 3D,Yes,1450,1024,No,None,Prompts/Equipment/ConceptArt/equipment_light_hood_t06_base_concept_sheet.txt,Prompts/Equipment/Meshy/BaseGeometry/equipment_light_hood_t06_base_geometry.txt,Prompts/Equipment/TextureVariants/equipment_light_hood_t06_base_rarity_variants.txt,2,2,1,1,0,readable at inventory scale; tier identity clear without UI; all six rarity variants preserve family; pivot and scale correct; no fragile geometry; URP PBR maps valid,Assets/_Game/Art/Equipment/LightArmor/light_hood/T6/Models,Not Started,Pending
equipment_longbow_t06_base,Arco Longo T6,Longbow T6,Task017,Equipment,Weapon,longbow,Season 1,P2,B12_EQUIPMENT_T6,Text to 3D,Optional,1700,1024,No,None,Prompts/Equipment/ConceptArt/equipment_longbow_t06_base_concept_sheet.txt,Prompts/Equipment/Meshy/BaseGeometry/equipment_longbow_t06_base_geometry.txt,Prompts/Equipment/TextureVariants/equipment_longbow_t06_base_rarity_variants.txt,1,2,1,1,0,readable at inventory scale; tier identity clear without UI; all six rarity variants preserve family; pivot and scale correct; no fragile geometry; URP PBR maps valid,Assets/_Game/Art/Equipment/Weapon/longbow/T6/Models,Not Started,Pending
equipment_ring_t06_base,Anel T6,Ring T6,Task017,Equipment,Accessory,ring,Season 1,P2,B12_EQUIPMENT_T6,Text to 3D,Optional,550,512,No,None,Prompts/Equipment/ConceptArt/equipment_ring_t06_base_concept_sheet.txt,Prompts/Equipment/Meshy/BaseGeometry/equipment_ring_t06_base_geometry.txt,Prompts/Equipment/TextureVariants/equipment_ring_t06_base_rarity_variants.txt,1,2,1,1,0,readable at inventory scale; tier identity clear without UI; all six rarity variants preserve family; pivot and scale correct; no fragile geometry; URP PBR maps valid,Assets/_Game/Art/Equipment/Accessory/ring/T6/Models,Not Started,Pending
equipment_shield_t06_base,Escudo T6,Shield T6,Task017,Equipment,Weapon,shield,Season 1,P2,B12_EQUIPMENT_T6,Text to 3D,Optional,2500,1024,No,None,Prompts/Equipment/ConceptArt/equipment_shield_t06_base_concept_sheet.txt,Prompts/Equipment/Meshy/BaseGeometry/equipment_shield_t06_base_geometry.txt,Prompts/Equipment/TextureVariants/equipment_shield_t06_base_rarity_variants.txt,1,2,1,1,0,readable at inventory scale; tier identity clear without UI; all six rarity variants preserve family; pivot and scale correct; no fragile geometry; URP PBR maps valid,Assets/_Game/Art/Equipment/Weapon/shield/T6/Models,Not Started,Pending
equipment_staff_t06_base,Cajado T6,Staff T6,Task017,Equipment,Weapon,staff,Season 1,P2,B12_EQUIPMENT_T6,Text to 3D,Optional,2400,1024,No,None,Prompts/Equipment/ConceptArt/equipment_staff_t06_base_concept_sheet.txt,Prompts/Equipment/Meshy/BaseGeometry/equipment_staff_t06_base_geometry.txt,Prompts/Equipment/TextureVariants/equipment_staff_t06_base_rarity_variants.txt,1,2,1,1,0,readable at inventory scale; tier identity clear without UI; all six rarity variants preserve family; pivot and scale correct; no fragile geometry; URP PBR maps valid,Assets/_Game/Art/Equipment/Weapon/staff/T6/Models,Not Started,Pending
equipment_sword_1h_t06_base,Espada de Uma Mão T6,One-Handed Sword T6,Task017,Equipment,Weapon,sword_1h,Season 1,P2,B12_EQUIPMENT_T6,Text to 3D,Optional,2000,1024,No,None,Prompts/Equipment/ConceptArt/equipment_sword_1h_t06_base_concept_sheet.txt,Prompts/Equipment/Meshy/BaseGeometry/equipment_sword_1h_t06_base_geometry.txt,Prompts/Equipment/TextureVariants/equipment_sword_1h_t06_base_rarity_variants.txt,1,2,1,1,0,readable at inventory scale; tier identity clear without UI; all six rarity variants preserve family; pivot and scale correct; no fragile geometry; URP PBR maps valid,Assets/_Game/Art/Equipment/Weapon/sword_1h/T6/Models,Not Started,Pending
equipment_amulet_t07_base,Amuleto T7,Amulet T7,Task017,Equipment,Accessory,amulet,Season 1,P2,B13_EQUIPMENT_T7,Text to 3D,Optional,900,512,No,None,Prompts/Equipment/ConceptArt/equipment_amulet_t07_base_concept_sheet.txt,Prompts/Equipment/Meshy/BaseGeometry/equipment_amulet_t07_base_geometry.txt,Prompts/Equipment/TextureVariants/equipment_amulet_t07_base_rarity_variants.txt,1,2,1,1,0,readable at inventory scale; tier identity clear without UI; all six rarity variants preserve family; pivot and scale correct; no fragile geometry; URP PBR maps valid,Assets/_Game/Art/Equipment/Accessory/amulet/T7/Models,Not Started,Pending
equipment_cloth_boots_t07_base,Botas Arcanas T7,Arcane Boots T7,Task017,Equipment,Cloth Armor,cloth_boots,Season 1,P2,B13_EQUIPMENT_T7,Image to 3D,Yes,1450,1024,No,None,Prompts/Equipment/ConceptArt/equipment_cloth_boots_t07_base_concept_sheet.txt,Prompts/Equipment/Meshy/BaseGeometry/equipment_cloth_boots_t07_base_geometry.txt,Prompts/Equipment/TextureVariants/equipment_cloth_boots_t07_base_rarity_variants.txt,2,2,1,1,0,readable at inventory scale; tier identity clear without UI; all six rarity variants preserve family; pivot and scale correct; no fragile geometry; URP PBR maps valid,Assets/_Game/Art/Equipment/ClothArmor/cloth_boots/T7/Models,Not Started,Pending
equipment_cloth_gloves_t07_base,Luvas Arcanas T7,Arcane Gloves T7,Task017,Equipment,Cloth Armor,cloth_gloves,Season 1,P2,B13_EQUIPMENT_T7,Image to 3D,Yes,1200,1024,No,None,Prompts/Equipment/ConceptArt/equipment_cloth_gloves_t07_base_concept_sheet.txt,Prompts/Equipment/Meshy/BaseGeometry/equipment_cloth_gloves_t07_base_geometry.txt,Prompts/Equipment/TextureVariants/equipment_cloth_gloves_t07_base_rarity_variants.txt,2,2,1,1,0,readable at inventory scale; tier identity clear without UI; all six rarity variants preserve family; pivot and scale correct; no fragile geometry; URP PBR maps valid,Assets/_Game/Art/Equipment/ClothArmor/cloth_gloves/T7/Models,Not Started,Pending
equipment_cloth_hood_t07_base,Capuz Arcano T7,Arcane Hood T7,Task017,Equipment,Cloth Armor,cloth_hood,Season 1,P2,B13_EQUIPMENT_T7,Image to 3D,Yes,1500,1024,No,None,Prompts/Equipment/ConceptArt/equipment_cloth_hood_t07_base_concept_sheet.txt,Prompts/Equipment/Meshy/BaseGeometry/equipment_cloth_hood_t07_base_geometry.txt,Prompts/Equipment/TextureVariants/equipment_cloth_hood_t07_base_rarity_variants.txt,2,2,1,1,0,readable at inventory scale; tier identity clear without UI; all six rarity variants preserve family; pivot and scale correct; no fragile geometry; URP PBR maps valid,Assets/_Game/Art/Equipment/ClothArmor/cloth_hood/T7/Models,Not Started,Pending
equipment_cloth_robe_t07_base,Manto Arcano T7,Arcane Robe T7,Task017,Equipment,Cloth Armor,cloth_robe,Season 1,P2,B13_EQUIPMENT_T7,Image to 3D,Yes,3350,1024,No,None,Prompts/Equipment/ConceptArt/equipment_cloth_robe_t07_base_concept_sheet.txt,Prompts/Equipment/Meshy/BaseGeometry/equipment_cloth_robe_t07_base_geometry.txt,Prompts/Equipment/TextureVariants/equipment_cloth_robe_t07_base_rarity_variants.txt,2,2,1,1,0,readable at inventory scale; tier identity clear without UI; all six rarity variants preserve family; pivot and scale correct; no fragile geometry; URP PBR maps valid,Assets/_Game/Art/Equipment/ClothArmor/cloth_robe/T7/Models,Not Started,Pending
equipment_heavy_boots_t07_base,Botas Pesadas T7,Heavy Boots T7,Task017,Equipment,Heavy Armor,heavy_boots,Season 1,P2,B13_EQUIPMENT_T7,Image to 3D,Yes,1750,1024,No,None,Prompts/Equipment/ConceptArt/equipment_heavy_boots_t07_base_concept_sheet.txt,Prompts/Equipment/Meshy/BaseGeometry/equipment_heavy_boots_t07_base_geometry.txt,Prompts/Equipment/TextureVariants/equipment_heavy_boots_t07_base_rarity_variants.txt,2,2,1,1,0,readable at inventory scale; tier identity clear without UI; all six rarity variants preserve family; pivot and scale correct; no fragile geometry; URP PBR maps valid,Assets/_Game/Art/Equipment/HeavyArmor/heavy_boots/T7/Models,Not Started,Pending
equipment_heavy_chest_t07_base,Peitoral Pesado T7,Heavy Chest Armor T7,Task017,Equipment,Heavy Armor,heavy_chest,Season 1,P2,B13_EQUIPMENT_T7,Image to 3D,Yes,3750,1024,No,None,Prompts/Equipment/ConceptArt/equipment_heavy_chest_t07_base_concept_sheet.txt,Prompts/Equipment/Meshy/BaseGeometry/equipment_heavy_chest_t07_base_geometry.txt,Prompts/Equipment/TextureVariants/equipment_heavy_chest_t07_base_rarity_variants.txt,2,2,1,1,0,readable at inventory scale; tier identity clear without UI; all six rarity variants preserve family; pivot and scale correct; no fragile geometry; URP PBR maps valid,Assets/_Game/Art/Equipment/HeavyArmor/heavy_chest/T7/Models,Not Started,Pending
equipment_heavy_gloves_t07_base,Manoplas Pesadas T7,Heavy Gauntlets T7,Task017,Equipment,Heavy Armor,heavy_gloves,Season 1,P2,B13_EQUIPMENT_T7,Image to 3D,Yes,1550,1024,No,None,Prompts/Equipment/ConceptArt/equipment_heavy_gloves_t07_base_concept_sheet.txt,Prompts/Equipment/Meshy/BaseGeometry/equipment_heavy_gloves_t07_base_geometry.txt,Prompts/Equipment/TextureVariants/equipment_heavy_gloves_t07_base_rarity_variants.txt,2,2,1,1,0,readable at inventory scale; tier identity clear without UI; all six rarity variants preserve family; pivot and scale correct; no fragile geometry; URP PBR maps valid,Assets/_Game/Art/Equipment/HeavyArmor/heavy_gloves/T7/Models,Not Started,Pending
equipment_heavy_helmet_t07_base,Elmo Pesado T7,Heavy Helmet T7,Task017,Equipment,Heavy Armor,heavy_helmet,Season 1,P2,B13_EQUIPMENT_T7,Image to 3D,Yes,2200,1024,No,None,Prompts/Equipment/ConceptArt/equipment_heavy_helmet_t07_base_concept_sheet.txt,Prompts/Equipment/Meshy/BaseGeometry/equipment_heavy_helmet_t07_base_geometry.txt,Prompts/Equipment/TextureVariants/equipment_heavy_helmet_t07_base_rarity_variants.txt,2,2,1,1,0,readable at inventory scale; tier identity clear without UI; all six rarity variants preserve family; pivot and scale correct; no fragile geometry; URP PBR maps valid,Assets/_Game/Art/Equipment/HeavyArmor/heavy_helmet/T7/Models,Not Started,Pending
equipment_light_boots_t07_base,Botas Leves T7,Light Boots T7,Task017,Equipment,Light Armor,light_boots,Season 1,P2,B13_EQUIPMENT_T7,Image to 3D,Yes,1450,1024,No,None,Prompts/Equipment/ConceptArt/equipment_light_boots_t07_base_concept_sheet.txt,Prompts/Equipment/Meshy/BaseGeometry/equipment_light_boots_t07_base_geometry.txt,Prompts/Equipment/TextureVariants/equipment_light_boots_t07_base_rarity_variants.txt,2,2,1,1,0,readable at inventory scale; tier identity clear without UI; all six rarity variants preserve family; pivot and scale correct; no fragile geometry; URP PBR maps valid,Assets/_Game/Art/Equipment/LightArmor/light_boots/T7/Models,Not Started,Pending
equipment_light_chest_t07_base,Armadura Leve T7,Light Chest Armor T7,Task017,Equipment,Light Armor,light_chest,Season 1,P2,B13_EQUIPMENT_T7,Image to 3D,Yes,2800,1024,No,None,Prompts/Equipment/ConceptArt/equipment_light_chest_t07_base_concept_sheet.txt,Prompts/Equipment/Meshy/BaseGeometry/equipment_light_chest_t07_base_geometry.txt,Prompts/Equipment/TextureVariants/equipment_light_chest_t07_base_rarity_variants.txt,2,2,1,1,0,readable at inventory scale; tier identity clear without UI; all six rarity variants preserve family; pivot and scale correct; no fragile geometry; URP PBR maps valid,Assets/_Game/Art/Equipment/LightArmor/light_chest/T7/Models,Not Started,Pending
equipment_light_gloves_t07_base,Luvas Leves T7,Light Gloves T7,Task017,Equipment,Light Armor,light_gloves,Season 1,P2,B13_EQUIPMENT_T7,Image to 3D,Yes,1200,1024,No,None,Prompts/Equipment/ConceptArt/equipment_light_gloves_t07_base_concept_sheet.txt,Prompts/Equipment/Meshy/BaseGeometry/equipment_light_gloves_t07_base_geometry.txt,Prompts/Equipment/TextureVariants/equipment_light_gloves_t07_base_rarity_variants.txt,2,2,1,1,0,readable at inventory scale; tier identity clear without UI; all six rarity variants preserve family; pivot and scale correct; no fragile geometry; URP PBR maps valid,Assets/_Game/Art/Equipment/LightArmor/light_gloves/T7/Models,Not Started,Pending
equipment_light_hood_t07_base,Capuz Leve T7,Light Hood T7,Task017,Equipment,Light Armor,light_hood,Season 1,P2,B13_EQUIPMENT_T7,Image to 3D,Yes,1450,1024,No,None,Prompts/Equipment/ConceptArt/equipment_light_hood_t07_base_concept_sheet.txt,Prompts/Equipment/Meshy/BaseGeometry/equipment_light_hood_t07_base_geometry.txt,Prompts/Equipment/TextureVariants/equipment_light_hood_t07_base_rarity_variants.txt,2,2,1,1,0,readable at inventory scale; tier identity clear without UI; all six rarity variants preserve family; pivot and scale correct; no fragile geometry; URP PBR maps valid,Assets/_Game/Art/Equipment/LightArmor/light_hood/T7/Models,Not Started,Pending
equipment_longbow_t07_base,Arco Longo T7,Longbow T7,Task017,Equipment,Weapon,longbow,Season 1,P2,B13_EQUIPMENT_T7,Text to 3D,Optional,1700,1024,No,None,Prompts/Equipment/ConceptArt/equipment_longbow_t07_base_concept_sheet.txt,Prompts/Equipment/Meshy/BaseGeometry/equipment_longbow_t07_base_geometry.txt,Prompts/Equipment/TextureVariants/equipment_longbow_t07_base_rarity_variants.txt,1,2,1,1,0,readable at inventory scale; tier identity clear without UI; all six rarity variants preserve family; pivot and scale correct; no fragile geometry; URP PBR maps valid,Assets/_Game/Art/Equipment/Weapon/longbow/T7/Models,Not Started,Pending
equipment_ring_t07_base,Anel T7,Ring T7,Task017,Equipment,Accessory,ring,Season 1,P2,B13_EQUIPMENT_T7,Text to 3D,Optional,550,512,No,None,Prompts/Equipment/ConceptArt/equipment_ring_t07_base_concept_sheet.txt,Prompts/Equipment/Meshy/BaseGeometry/equipment_ring_t07_base_geometry.txt,Prompts/Equipment/TextureVariants/equipment_ring_t07_base_rarity_variants.txt,1,2,1,1,0,readable at inventory scale; tier identity clear without UI; all six rarity variants preserve family; pivot and scale correct; no fragile geometry; URP PBR maps valid,Assets/_Game/Art/Equipment/Accessory/ring/T7/Models,Not Started,Pending
equipment_shield_t07_base,Escudo T7,Shield T7,Task017,Equipment,Weapon,shield,Season 1,P2,B13_EQUIPMENT_T7,Text to 3D,Optional,2500,1024,No,None,Prompts/Equipment/ConceptArt/equipment_shield_t07_base_concept_sheet.txt,Prompts/Equipment/Meshy/BaseGeometry/equipment_shield_t07_base_geometry.txt,Prompts/Equipment/TextureVariants/equipment_shield_t07_base_rarity_variants.txt,1,2,1,1,0,readable at inventory scale; tier identity clear without UI; all six rarity variants preserve family; pivot and scale correct; no fragile geometry; URP PBR maps valid,Assets/_Game/Art/Equipment/Weapon/shield/T7/Models,Not Started,Pending
equipment_staff_t07_base,Cajado T7,Staff T7,Task017,Equipment,Weapon,staff,Season 1,P2,B13_EQUIPMENT_T7,Text to 3D,Optional,2400,1024,No,None,Prompts/Equipment/ConceptArt/equipment_staff_t07_base_concept_sheet.txt,Prompts/Equipment/Meshy/BaseGeometry/equipment_staff_t07_base_geometry.txt,Prompts/Equipment/TextureVariants/equipment_staff_t07_base_rarity_variants.txt,1,2,1,1,0,readable at inventory scale; tier identity clear without UI; all six rarity variants preserve family; pivot and scale correct; no fragile geometry; URP PBR maps valid,Assets/_Game/Art/Equipment/Weapon/staff/T7/Models,Not Started,Pending
equipment_sword_1h_t07_base,Espada de Uma Mão T7,One-Handed Sword T7,Task017,Equipment,Weapon,sword_1h,Season 1,P2,B13_EQUIPMENT_T7,Text to 3D,Optional,2000,1024,No,None,Prompts/Equipment/ConceptArt/equipment_sword_1h_t07_base_concept_sheet.txt,Prompts/Equipment/Meshy/BaseGeometry/equipment_sword_1h_t07_base_geometry.txt,Prompts/Equipment/TextureVariants/equipment_sword_1h_t07_base_rarity_variants.txt,1,2,1,1,0,readable at inventory scale; tier identity clear without UI; all six rarity variants preserve family; pivot and scale correct; no fragile geometry; URP PBR maps valid,Assets/_Game/Art/Equipment/Weapon/sword_1h/T7/Models,Not Started,Pending
equipment_amulet_t08_base,Amuleto T8,Amulet T8,Task017,Equipment,Accessory,amulet,Post-MVP,P3,B14_EQUIPMENT_T8,Text to 3D,Optional,900,512,No,None,Prompts/Equipment/ConceptArt/equipment_amulet_t08_base_concept_sheet.txt,Prompts/Equipment/Meshy/BaseGeometry/equipment_amulet_t08_base_geometry.txt,Prompts/Equipment/TextureVariants/equipment_amulet_t08_base_rarity_variants.txt,1,1,1,1,0,readable at inventory scale; tier identity clear without UI; all six rarity variants preserve family; pivot and scale correct; no fragile geometry; URP PBR maps valid,Assets/_Game/Art/Equipment/Accessory/amulet/T8/Models,Not Started,Pending
equipment_cloth_boots_t08_base,Botas Arcanas T8,Arcane Boots T8,Task017,Equipment,Cloth Armor,cloth_boots,Post-MVP,P3,B14_EQUIPMENT_T8,Image to 3D,Yes,1450,1024,No,None,Prompts/Equipment/ConceptArt/equipment_cloth_boots_t08_base_concept_sheet.txt,Prompts/Equipment/Meshy/BaseGeometry/equipment_cloth_boots_t08_base_geometry.txt,Prompts/Equipment/TextureVariants/equipment_cloth_boots_t08_base_rarity_variants.txt,2,1,1,1,0,readable at inventory scale; tier identity clear without UI; all six rarity variants preserve family; pivot and scale correct; no fragile geometry; URP PBR maps valid,Assets/_Game/Art/Equipment/ClothArmor/cloth_boots/T8/Models,Not Started,Pending
equipment_cloth_gloves_t08_base,Luvas Arcanas T8,Arcane Gloves T8,Task017,Equipment,Cloth Armor,cloth_gloves,Post-MVP,P3,B14_EQUIPMENT_T8,Image to 3D,Yes,1200,1024,No,None,Prompts/Equipment/ConceptArt/equipment_cloth_gloves_t08_base_concept_sheet.txt,Prompts/Equipment/Meshy/BaseGeometry/equipment_cloth_gloves_t08_base_geometry.txt,Prompts/Equipment/TextureVariants/equipment_cloth_gloves_t08_base_rarity_variants.txt,2,1,1,1,0,readable at inventory scale; tier identity clear without UI; all six rarity variants preserve family; pivot and scale correct; no fragile geometry; URP PBR maps valid,Assets/_Game/Art/Equipment/ClothArmor/cloth_gloves/T8/Models,Not Started,Pending
equipment_cloth_hood_t08_base,Capuz Arcano T8,Arcane Hood T8,Task017,Equipment,Cloth Armor,cloth_hood,Post-MVP,P3,B14_EQUIPMENT_T8,Image to 3D,Yes,1500,1024,No,None,Prompts/Equipment/ConceptArt/equipment_cloth_hood_t08_base_concept_sheet.txt,Prompts/Equipment/Meshy/BaseGeometry/equipment_cloth_hood_t08_base_geometry.txt,Prompts/Equipment/TextureVariants/equipment_cloth_hood_t08_base_rarity_variants.txt,2,1,1,1,0,readable at inventory scale; tier identity clear without UI; all six rarity variants preserve family; pivot and scale correct; no fragile geometry; URP PBR maps valid,Assets/_Game/Art/Equipment/ClothArmor/cloth_hood/T8/Models,Not Started,Pending
equipment_cloth_robe_t08_base,Manto Arcano T8,Arcane Robe T8,Task017,Equipment,Cloth Armor,cloth_robe,Post-MVP,P3,B14_EQUIPMENT_T8,Image to 3D,Yes,3350,1024,No,None,Prompts/Equipment/ConceptArt/equipment_cloth_robe_t08_base_concept_sheet.txt,Prompts/Equipment/Meshy/BaseGeometry/equipment_cloth_robe_t08_base_geometry.txt,Prompts/Equipment/TextureVariants/equipment_cloth_robe_t08_base_rarity_variants.txt,2,1,1,1,0,readable at inventory scale; tier identity clear without UI; all six rarity variants preserve family; pivot and scale correct; no fragile geometry; URP PBR maps valid,Assets/_Game/Art/Equipment/ClothArmor/cloth_robe/T8/Models,Not Started,Pending
equipment_heavy_boots_t08_base,Botas Pesadas T8,Heavy Boots T8,Task017,Equipment,Heavy Armor,heavy_boots,Post-MVP,P3,B14_EQUIPMENT_T8,Image to 3D,Yes,1750,1024,No,None,Prompts/Equipment/ConceptArt/equipment_heavy_boots_t08_base_concept_sheet.txt,Prompts/Equipment/Meshy/BaseGeometry/equipment_heavy_boots_t08_base_geometry.txt,Prompts/Equipment/TextureVariants/equipment_heavy_boots_t08_base_rarity_variants.txt,2,1,1,1,0,readable at inventory scale; tier identity clear without UI; all six rarity variants preserve family; pivot and scale correct; no fragile geometry; URP PBR maps valid,Assets/_Game/Art/Equipment/HeavyArmor/heavy_boots/T8/Models,Not Started,Pending
equipment_heavy_chest_t08_base,Peitoral Pesado T8,Heavy Chest Armor T8,Task017,Equipment,Heavy Armor,heavy_chest,Post-MVP,P3,B14_EQUIPMENT_T8,Image to 3D,Yes,3750,1024,No,None,Prompts/Equipment/ConceptArt/equipment_heavy_chest_t08_base_concept_sheet.txt,Prompts/Equipment/Meshy/BaseGeometry/equipment_heavy_chest_t08_base_geometry.txt,Prompts/Equipment/TextureVariants/equipment_heavy_chest_t08_base_rarity_variants.txt,2,1,1,1,0,readable at inventory scale; tier identity clear without UI; all six rarity variants preserve family; pivot and scale correct; no fragile geometry; URP PBR maps valid,Assets/_Game/Art/Equipment/HeavyArmor/heavy_chest/T8/Models,Not Started,Pending
equipment_heavy_gloves_t08_base,Manoplas Pesadas T8,Heavy Gauntlets T8,Task017,Equipment,Heavy Armor,heavy_gloves,Post-MVP,P3,B14_EQUIPMENT_T8,Image to 3D,Yes,1550,1024,No,None,Prompts/Equipment/ConceptArt/equipment_heavy_gloves_t08_base_concept_sheet.txt,Prompts/Equipment/Meshy/BaseGeometry/equipment_heavy_gloves_t08_base_geometry.txt,Prompts/Equipment/TextureVariants/equipment_heavy_gloves_t08_base_rarity_variants.txt,2,1,1,1,0,readable at inventory scale; tier identity clear without UI; all six rarity variants preserve family; pivot and scale correct; no fragile geometry; URP PBR maps valid,Assets/_Game/Art/Equipment/HeavyArmor/heavy_gloves/T8/Models,Not Started,Pending
equipment_heavy_helmet_t08_base,Elmo Pesado T8,Heavy Helmet T8,Task017,Equipment,Heavy Armor,heavy_helmet,Post-MVP,P3,B14_EQUIPMENT_T8,Image to 3D,Yes,2200,1024,No,None,Prompts/Equipment/ConceptArt/equipment_heavy_helmet_t08_base_concept_sheet.txt,Prompts/Equipment/Meshy/BaseGeometry/equipment_heavy_helmet_t08_base_geometry.txt,Prompts/Equipment/TextureVariants/equipment_heavy_helmet_t08_base_rarity_variants.txt,2,1,1,1,0,readable at inventory scale; tier identity clear without UI; all six rarity variants preserve family; pivot and scale correct; no fragile geometry; URP PBR maps valid,Assets/_Game/Art/Equipment/HeavyArmor/heavy_helmet/T8/Models,Not Started,Pending
equipment_light_boots_t08_base,Botas Leves T8,Light Boots T8,Task017,Equipment,Light Armor,light_boots,Post-MVP,P3,B14_EQUIPMENT_T8,Image to 3D,Yes,1450,1024,No,None,Prompts/Equipment/ConceptArt/equipment_light_boots_t08_base_concept_sheet.txt,Prompts/Equipment/Meshy/BaseGeometry/equipment_light_boots_t08_base_geometry.txt,Prompts/Equipment/TextureVariants/equipment_light_boots_t08_base_rarity_variants.txt,2,1,1,1,0,readable at inventory scale; tier identity clear without UI; all six rarity variants preserve family; pivot and scale correct; no fragile geometry; URP PBR maps valid,Assets/_Game/Art/Equipment/LightArmor/light_boots/T8/Models,Not Started,Pending
equipment_light_chest_t08_base,Armadura Leve T8,Light Chest Armor T8,Task017,Equipment,Light Armor,light_chest,Post-MVP,P3,B14_EQUIPMENT_T8,Image to 3D,Yes,2800,1024,No,None,Prompts/Equipment/ConceptArt/equipment_light_chest_t08_base_concept_sheet.txt,Prompts/Equipment/Meshy/BaseGeometry/equipment_light_chest_t08_base_geometry.txt,Prompts/Equipment/TextureVariants/equipment_light_chest_t08_base_rarity_variants.txt,2,1,1,1,0,readable at inventory scale; tier identity clear without UI; all six rarity variants preserve family; pivot and scale correct; no fragile geometry; URP PBR maps valid,Assets/_Game/Art/Equipment/LightArmor/light_chest/T8/Models,Not Started,Pending
equipment_light_gloves_t08_base,Luvas Leves T8,Light Gloves T8,Task017,Equipment,Light Armor,light_gloves,Post-MVP,P3,B14_EQUIPMENT_T8,Image to 3D,Yes,1200,1024,No,None,Prompts/Equipment/ConceptArt/equipment_light_gloves_t08_base_concept_sheet.txt,Prompts/Equipment/Meshy/BaseGeometry/equipment_light_gloves_t08_base_geometry.txt,Prompts/Equipment/TextureVariants/equipment_light_gloves_t08_base_rarity_variants.txt,2,1,1,1,0,readable at inventory scale; tier identity clear without UI; all six rarity variants preserve family; pivot and scale correct; no fragile geometry; URP PBR maps valid,Assets/_Game/Art/Equipment/LightArmor/light_gloves/T8/Models,Not Started,Pending
equipment_light_hood_t08_base,Capuz Leve T8,Light Hood T8,Task017,Equipment,Light Armor,light_hood,Post-MVP,P3,B14_EQUIPMENT_T8,Image to 3D,Yes,1450,1024,No,None,Prompts/Equipment/ConceptArt/equipment_light_hood_t08_base_concept_sheet.txt,Prompts/Equipment/Meshy/BaseGeometry/equipment_light_hood_t08_base_geometry.txt,Prompts/Equipment/TextureVariants/equipment_light_hood_t08_base_rarity_variants.txt,2,1,1,1,0,readable at inventory scale; tier identity clear without UI; all six rarity variants preserve family; pivot and scale correct; no fragile geometry; URP PBR maps valid,Assets/_Game/Art/Equipment/LightArmor/light_hood/T8/Models,Not Started,Pending
equipment_longbow_t08_base,Arco Longo T8,Longbow T8,Task017,Equipment,Weapon,longbow,Post-MVP,P3,B14_EQUIPMENT_T8,Text to 3D,Optional,1700,1024,No,None,Prompts/Equipment/ConceptArt/equipment_longbow_t08_base_concept_sheet.txt,Prompts/Equipment/Meshy/BaseGeometry/equipment_longbow_t08_base_geometry.txt,Prompts/Equipment/TextureVariants/equipment_longbow_t08_base_rarity_variants.txt,1,1,1,1,0,readable at inventory scale; tier identity clear without UI; all six rarity variants preserve family; pivot and scale correct; no fragile geometry; URP PBR maps valid,Assets/_Game/Art/Equipment/Weapon/longbow/T8/Models,Not Started,Pending
equipment_ring_t08_base,Anel T8,Ring T8,Task017,Equipment,Accessory,ring,Post-MVP,P3,B14_EQUIPMENT_T8,Text to 3D,Optional,550,512,No,None,Prompts/Equipment/ConceptArt/equipment_ring_t08_base_concept_sheet.txt,Prompts/Equipment/Meshy/BaseGeometry/equipment_ring_t08_base_geometry.txt,Prompts/Equipment/TextureVariants/equipment_ring_t08_base_rarity_variants.txt,1,1,1,1,0,readable at inventory scale; tier identity clear without UI; all six rarity variants preserve family; pivot and scale correct; no fragile geometry; URP PBR maps valid,Assets/_Game/Art/Equipment/Accessory/ring/T8/Models,Not Started,Pending
equipment_shield_t08_base,Escudo T8,Shield T8,Task017,Equipment,Weapon,shield,Post-MVP,P3,B14_EQUIPMENT_T8,Text to 3D,Optional,2500,1024,No,None,Prompts/Equipment/ConceptArt/equipment_shield_t08_base_concept_sheet.txt,Prompts/Equipment/Meshy/BaseGeometry/equipment_shield_t08_base_geometry.txt,Prompts/Equipment/TextureVariants/equipment_shield_t08_base_rarity_variants.txt,1,1,1,1,0,readable at inventory scale; tier identity clear without UI; all six rarity variants preserve family; pivot and scale correct; no fragile geometry; URP PBR maps valid,Assets/_Game/Art/Equipment/Weapon/shield/T8/Models,Not Started,Pending
equipment_staff_t08_base,Cajado T8,Staff T8,Task017,Equipment,Weapon,staff,Post-MVP,P3,B14_EQUIPMENT_T8,Text to 3D,Optional,2400,1024,No,None,Prompts/Equipment/ConceptArt/equipment_staff_t08_base_concept_sheet.txt,Prompts/Equipment/Meshy/BaseGeometry/equipment_staff_t08_base_geometry.txt,Prompts/Equipment/TextureVariants/equipment_staff_t08_base_rarity_variants.txt,1,1,1,1,0,readable at inventory scale; tier identity clear without UI; all six rarity variants preserve family; pivot and scale correct; no fragile geometry; URP PBR maps valid,Assets/_Game/Art/Equipment/Weapon/staff/T8/Models,Not Started,Pending
equipment_sword_1h_t08_base,Espada de Uma Mão T8,One-Handed Sword T8,Task017,Equipment,Weapon,sword_1h,Post-MVP,P3,B14_EQUIPMENT_T8,Text to 3D,Optional,2000,1024,No,None,Prompts/Equipment/ConceptArt/equipment_sword_1h_t08_base_concept_sheet.txt,Prompts/Equipment/Meshy/BaseGeometry/equipment_sword_1h_t08_base_geometry.txt,Prompts/Equipment/TextureVariants/equipment_sword_1h_t08_base_rarity_variants.txt,1,1,1,1,0,readable at inventory scale; tier identity clear without UI; all six rarity variants preserve family; pivot and scale correct; no fragile geometry; URP PBR maps valid,Assets/_Game/Art/Equipment/Weapon/sword_1h/T8/Models,Not Started,Pending
equipment_amulet_t09_base,Amuleto T9,Amulet T9,Task017,Equipment,Accessory,amulet,Post-MVP,P3,B15_EQUIPMENT_T9,Text to 3D,Optional,900,512,No,None,Prompts/Equipment/ConceptArt/equipment_amulet_t09_base_concept_sheet.txt,Prompts/Equipment/Meshy/BaseGeometry/equipment_amulet_t09_base_geometry.txt,Prompts/Equipment/TextureVariants/equipment_amulet_t09_base_rarity_variants.txt,1,1,1,1,0,readable at inventory scale; tier identity clear without UI; all six rarity variants preserve family; pivot and scale correct; no fragile geometry; URP PBR maps valid,Assets/_Game/Art/Equipment/Accessory/amulet/T9/Models,Not Started,Pending
equipment_cloth_boots_t09_base,Botas Arcanas T9,Arcane Boots T9,Task017,Equipment,Cloth Armor,cloth_boots,Post-MVP,P3,B15_EQUIPMENT_T9,Image to 3D,Yes,1450,1024,No,None,Prompts/Equipment/ConceptArt/equipment_cloth_boots_t09_base_concept_sheet.txt,Prompts/Equipment/Meshy/BaseGeometry/equipment_cloth_boots_t09_base_geometry.txt,Prompts/Equipment/TextureVariants/equipment_cloth_boots_t09_base_rarity_variants.txt,2,1,1,1,0,readable at inventory scale; tier identity clear without UI; all six rarity variants preserve family; pivot and scale correct; no fragile geometry; URP PBR maps valid,Assets/_Game/Art/Equipment/ClothArmor/cloth_boots/T9/Models,Not Started,Pending
equipment_cloth_gloves_t09_base,Luvas Arcanas T9,Arcane Gloves T9,Task017,Equipment,Cloth Armor,cloth_gloves,Post-MVP,P3,B15_EQUIPMENT_T9,Image to 3D,Yes,1200,1024,No,None,Prompts/Equipment/ConceptArt/equipment_cloth_gloves_t09_base_concept_sheet.txt,Prompts/Equipment/Meshy/BaseGeometry/equipment_cloth_gloves_t09_base_geometry.txt,Prompts/Equipment/TextureVariants/equipment_cloth_gloves_t09_base_rarity_variants.txt,2,1,1,1,0,readable at inventory scale; tier identity clear without UI; all six rarity variants preserve family; pivot and scale correct; no fragile geometry; URP PBR maps valid,Assets/_Game/Art/Equipment/ClothArmor/cloth_gloves/T9/Models,Not Started,Pending
equipment_cloth_hood_t09_base,Capuz Arcano T9,Arcane Hood T9,Task017,Equipment,Cloth Armor,cloth_hood,Post-MVP,P3,B15_EQUIPMENT_T9,Image to 3D,Yes,1500,1024,No,None,Prompts/Equipment/ConceptArt/equipment_cloth_hood_t09_base_concept_sheet.txt,Prompts/Equipment/Meshy/BaseGeometry/equipment_cloth_hood_t09_base_geometry.txt,Prompts/Equipment/TextureVariants/equipment_cloth_hood_t09_base_rarity_variants.txt,2,1,1,1,0,readable at inventory scale; tier identity clear without UI; all six rarity variants preserve family; pivot and scale correct; no fragile geometry; URP PBR maps valid,Assets/_Game/Art/Equipment/ClothArmor/cloth_hood/T9/Models,Not Started,Pending
equipment_cloth_robe_t09_base,Manto Arcano T9,Arcane Robe T9,Task017,Equipment,Cloth Armor,cloth_robe,Post-MVP,P3,B15_EQUIPMENT_T9,Image to 3D,Yes,3350,1024,No,None,Prompts/Equipment/ConceptArt/equipment_cloth_robe_t09_base_concept_sheet.txt,Prompts/Equipment/Meshy/BaseGeometry/equipment_cloth_robe_t09_base_geometry.txt,Prompts/Equipment/TextureVariants/equipment_cloth_robe_t09_base_rarity_variants.txt,2,1,1,1,0,readable at inventory scale; tier identity clear without UI; all six rarity variants preserve family; pivot and scale correct; no fragile geometry; URP PBR maps valid,Assets/_Game/Art/Equipment/ClothArmor/cloth_robe/T9/Models,Not Started,Pending
equipment_heavy_boots_t09_base,Botas Pesadas T9,Heavy Boots T9,Task017,Equipment,Heavy Armor,heavy_boots,Post-MVP,P3,B15_EQUIPMENT_T9,Image to 3D,Yes,1750,1024,No,None,Prompts/Equipment/ConceptArt/equipment_heavy_boots_t09_base_concept_sheet.txt,Prompts/Equipment/Meshy/BaseGeometry/equipment_heavy_boots_t09_base_geometry.txt,Prompts/Equipment/TextureVariants/equipment_heavy_boots_t09_base_rarity_variants.txt,2,1,1,1,0,readable at inventory scale; tier identity clear without UI; all six rarity variants preserve family; pivot and scale correct; no fragile geometry; URP PBR maps valid,Assets/_Game/Art/Equipment/HeavyArmor/heavy_boots/T9/Models,Not Started,Pending
equipment_heavy_chest_t09_base,Peitoral Pesado T9,Heavy Chest Armor T9,Task017,Equipment,Heavy Armor,heavy_chest,Post-MVP,P3,B15_EQUIPMENT_T9,Image to 3D,Yes,3750,1024,No,None,Prompts/Equipment/ConceptArt/equipment_heavy_chest_t09_base_concept_sheet.txt,Prompts/Equipment/Meshy/BaseGeometry/equipment_heavy_chest_t09_base_geometry.txt,Prompts/Equipment/TextureVariants/equipment_heavy_chest_t09_base_rarity_variants.txt,2,1,1,1,0,readable at inventory scale; tier identity clear without UI; all six rarity variants preserve family; pivot and scale correct; no fragile geometry; URP PBR maps valid,Assets/_Game/Art/Equipment/HeavyArmor/heavy_chest/T9/Models,Not Started,Pending
equipment_heavy_gloves_t09_base,Manoplas Pesadas T9,Heavy Gauntlets T9,Task017,Equipment,Heavy Armor,heavy_gloves,Post-MVP,P3,B15_EQUIPMENT_T9,Image to 3D,Yes,1550,1024,No,None,Prompts/Equipment/ConceptArt/equipment_heavy_gloves_t09_base_concept_sheet.txt,Prompts/Equipment/Meshy/BaseGeometry/equipment_heavy_gloves_t09_base_geometry.txt,Prompts/Equipment/TextureVariants/equipment_heavy_gloves_t09_base_rarity_variants.txt,2,1,1,1,0,readable at inventory scale; tier identity clear without UI; all six rarity variants preserve family; pivot and scale correct; no fragile geometry; URP PBR maps valid,Assets/_Game/Art/Equipment/HeavyArmor/heavy_gloves/T9/Models,Not Started,Pending
equipment_heavy_helmet_t09_base,Elmo Pesado T9,Heavy Helmet T9,Task017,Equipment,Heavy Armor,heavy_helmet,Post-MVP,P3,B15_EQUIPMENT_T9,Image to 3D,Yes,2200,1024,No,None,Prompts/Equipment/ConceptArt/equipment_heavy_helmet_t09_base_concept_sheet.txt,Prompts/Equipment/Meshy/BaseGeometry/equipment_heavy_helmet_t09_base_geometry.txt,Prompts/Equipment/TextureVariants/equipment_heavy_helmet_t09_base_rarity_variants.txt,2,1,1,1,0,readable at inventory scale; tier identity clear without UI; all six rarity variants preserve family; pivot and scale correct; no fragile geometry; URP PBR maps valid,Assets/_Game/Art/Equipment/HeavyArmor/heavy_helmet/T9/Models,Not Started,Pending
equipment_light_boots_t09_base,Botas Leves T9,Light Boots T9,Task017,Equipment,Light Armor,light_boots,Post-MVP,P3,B15_EQUIPMENT_T9,Image to 3D,Yes,1450,1024,No,None,Prompts/Equipment/ConceptArt/equipment_light_boots_t09_base_concept_sheet.txt,Prompts/Equipment/Meshy/BaseGeometry/equipment_light_boots_t09_base_geometry.txt,Prompts/Equipment/TextureVariants/equipment_light_boots_t09_base_rarity_variants.txt,2,1,1,1,0,readable at inventory scale; tier identity clear without UI; all six rarity variants preserve family; pivot and scale correct; no fragile geometry; URP PBR maps valid,Assets/_Game/Art/Equipment/LightArmor/light_boots/T9/Models,Not Started,Pending
equipment_light_chest_t09_base,Armadura Leve T9,Light Chest Armor T9,Task017,Equipment,Light Armor,light_chest,Post-MVP,P3,B15_EQUIPMENT_T9,Image to 3D,Yes,2800,1024,No,None,Prompts/Equipment/ConceptArt/equipment_light_chest_t09_base_concept_sheet.txt,Prompts/Equipment/Meshy/BaseGeometry/equipment_light_chest_t09_base_geometry.txt,Prompts/Equipment/TextureVariants/equipment_light_chest_t09_base_rarity_variants.txt,2,1,1,1,0,readable at inventory scale; tier identity clear without UI; all six rarity variants preserve family; pivot and scale correct; no fragile geometry; URP PBR maps valid,Assets/_Game/Art/Equipment/LightArmor/light_chest/T9/Models,Not Started,Pending
equipment_light_gloves_t09_base,Luvas Leves T9,Light Gloves T9,Task017,Equipment,Light Armor,light_gloves,Post-MVP,P3,B15_EQUIPMENT_T9,Image to 3D,Yes,1200,1024,No,None,Prompts/Equipment/ConceptArt/equipment_light_gloves_t09_base_concept_sheet.txt,Prompts/Equipment/Meshy/BaseGeometry/equipment_light_gloves_t09_base_geometry.txt,Prompts/Equipment/TextureVariants/equipment_light_gloves_t09_base_rarity_variants.txt,2,1,1,1,0,readable at inventory scale; tier identity clear without UI; all six rarity variants preserve family; pivot and scale correct; no fragile geometry; URP PBR maps valid,Assets/_Game/Art/Equipment/LightArmor/light_gloves/T9/Models,Not Started,Pending
equipment_light_hood_t09_base,Capuz Leve T9,Light Hood T9,Task017,Equipment,Light Armor,light_hood,Post-MVP,P3,B15_EQUIPMENT_T9,Image to 3D,Yes,1450,1024,No,None,Prompts/Equipment/ConceptArt/equipment_light_hood_t09_base_concept_sheet.txt,Prompts/Equipment/Meshy/BaseGeometry/equipment_light_hood_t09_base_geometry.txt,Prompts/Equipment/TextureVariants/equipment_light_hood_t09_base_rarity_variants.txt,2,1,1,1,0,readable at inventory scale; tier identity clear without UI; all six rarity variants preserve family; pivot and scale correct; no fragile geometry; URP PBR maps valid,Assets/_Game/Art/Equipment/LightArmor/light_hood/T9/Models,Not Started,Pending
equipment_longbow_t09_base,Arco Longo T9,Longbow T9,Task017,Equipment,Weapon,longbow,Post-MVP,P3,B15_EQUIPMENT_T9,Text to 3D,Optional,1700,1024,No,None,Prompts/Equipment/ConceptArt/equipment_longbow_t09_base_concept_sheet.txt,Prompts/Equipment/Meshy/BaseGeometry/equipment_longbow_t09_base_geometry.txt,Prompts/Equipment/TextureVariants/equipment_longbow_t09_base_rarity_variants.txt,1,1,1,1,0,readable at inventory scale; tier identity clear without UI; all six rarity variants preserve family; pivot and scale correct; no fragile geometry; URP PBR maps valid,Assets/_Game/Art/Equipment/Weapon/longbow/T9/Models,Not Started,Pending
equipment_ring_t09_base,Anel T9,Ring T9,Task017,Equipment,Accessory,ring,Post-MVP,P3,B15_EQUIPMENT_T9,Text to 3D,Optional,550,512,No,None,Prompts/Equipment/ConceptArt/equipment_ring_t09_base_concept_sheet.txt,Prompts/Equipment/Meshy/BaseGeometry/equipment_ring_t09_base_geometry.txt,Prompts/Equipment/TextureVariants/equipment_ring_t09_base_rarity_variants.txt,1,1,1,1,0,readable at inventory scale; tier identity clear without UI; all six rarity variants preserve family; pivot and scale correct; no fragile geometry; URP PBR maps valid,Assets/_Game/Art/Equipment/Accessory/ring/T9/Models,Not Started,Pending
equipment_shield_t09_base,Escudo T9,Shield T9,Task017,Equipment,Weapon,shield,Post-MVP,P3,B15_EQUIPMENT_T9,Text to 3D,Optional,2500,1024,No,None,Prompts/Equipment/ConceptArt/equipment_shield_t09_base_concept_sheet.txt,Prompts/Equipment/Meshy/BaseGeometry/equipment_shield_t09_base_geometry.txt,Prompts/Equipment/TextureVariants/equipment_shield_t09_base_rarity_variants.txt,1,1,1,1,0,readable at inventory scale; tier identity clear without UI; all six rarity variants preserve family; pivot and scale correct; no fragile geometry; URP PBR maps valid,Assets/_Game/Art/Equipment/Weapon/shield/T9/Models,Not Started,Pending
equipment_staff_t09_base,Cajado T9,Staff T9,Task017,Equipment,Weapon,staff,Post-MVP,P3,B15_EQUIPMENT_T9,Text to 3D,Optional,2400,1024,No,None,Prompts/Equipment/ConceptArt/equipment_staff_t09_base_concept_sheet.txt,Prompts/Equipment/Meshy/BaseGeometry/equipment_staff_t09_base_geometry.txt,Prompts/Equipment/TextureVariants/equipment_staff_t09_base_rarity_variants.txt,1,1,1,1,0,readable at inventory scale; tier identity clear without UI; all six rarity variants preserve family; pivot and scale correct; no fragile geometry; URP PBR maps valid,Assets/_Game/Art/Equipment/Weapon/staff/T9/Models,Not Started,Pending
equipment_sword_1h_t09_base,Espada de Uma Mão T9,One-Handed Sword T9,Task017,Equipment,Weapon,sword_1h,Post-MVP,P3,B15_EQUIPMENT_T9,Text to 3D,Optional,2000,1024,No,None,Prompts/Equipment/ConceptArt/equipment_sword_1h_t09_base_concept_sheet.txt,Prompts/Equipment/Meshy/BaseGeometry/equipment_sword_1h_t09_base_geometry.txt,Prompts/Equipment/TextureVariants/equipment_sword_1h_t09_base_rarity_variants.txt,1,1,1,1,0,readable at inventory scale; tier identity clear without UI; all six rarity variants preserve family; pivot and scale correct; no fragile geometry; URP PBR maps valid,Assets/_Game/Art/Equipment/Weapon/sword_1h/T9/Models,Not Started,Pending
station_alchemist_t03_001,Laboratório T3,Laboratory T3,Task018,Station,Crafting Station,Alchemist,MVP,P1,B16_STATIONS_T3,Text to 3D,Optional,6250,1024x1024,No,anim_station_alchemist,Prompts/EnvironmentStations/ConceptArt/station_alchemist_t03_001_concept_sheet.txt,Prompts/EnvironmentStations/Meshy/station_alchemist_t03_001_geometry.txt,Prompts/EnvironmentStations/Texture/station_alchemist_t03_001_texture.txt,2,2,1,1,0,Profession readable without UI; Tier milestone visible; work zone clear; sockets valid; no baked animation/VFX; LOD budget met; 3/4 camera test passed,Assets/_Game/Art/Crafting/Stations/Alchemist/T3,Not Started,Pending
station_blacksmith_t03_001,Forja T3,Forge T3,Task018,Station,Crafting Station,Blacksmith,MVP,P1,B16_STATIONS_T3,Text to 3D,Optional,6250,1024x1024,No,anim_station_blacksmith,Prompts/EnvironmentStations/ConceptArt/station_blacksmith_t03_001_concept_sheet.txt,Prompts/EnvironmentStations/Meshy/station_blacksmith_t03_001_geometry.txt,Prompts/EnvironmentStations/Texture/station_blacksmith_t03_001_texture.txt,2,2,1,1,0,Profession readable without UI; Tier milestone visible; work zone clear; sockets valid; no baked animation/VFX; LOD budget met; 3/4 camera test passed,Assets/_Game/Art/Crafting/Stations/Blacksmith/T3,Not Started,Pending
station_enchanter_t03_001,Mesa Arcana T3,Arcane Table T3,Task018,Station,Crafting Station,Enchanter,MVP,P1,B16_STATIONS_T3,Text to 3D,Optional,6250,1024x1024,No,anim_station_enchanter,Prompts/EnvironmentStations/ConceptArt/station_enchanter_t03_001_concept_sheet.txt,Prompts/EnvironmentStations/Meshy/station_enchanter_t03_001_geometry.txt,Prompts/EnvironmentStations/Texture/station_enchanter_t03_001_texture.txt,2,2,1,1,0,Profession readable without UI; Tier milestone visible; work zone clear; sockets valid; no baked animation/VFX; LOD budget met; 3/4 camera test passed,Assets/_Game/Art/Crafting/Stations/Enchanter/T3,Not Started,Pending
station_gatherer_t03_001,Acampamento de Expedição T3,Expedition Camp T3,Task018,Station,Crafting Station,Gatherer,MVP,P1,B16_STATIONS_T3,Text to 3D,Optional,6250,1024x1024,No,anim_station_gatherer,Prompts/EnvironmentStations/ConceptArt/station_gatherer_t03_001_concept_sheet.txt,Prompts/EnvironmentStations/Meshy/station_gatherer_t03_001_geometry.txt,Prompts/EnvironmentStations/Texture/station_gatherer_t03_001_texture.txt,2,2,1,1,0,Profession readable without UI; Tier milestone visible; work zone clear; sockets valid; no baked animation/VFX; LOD budget met; 3/4 camera test passed,Assets/_Game/Art/Crafting/Stations/Gatherer/T3,Not Started,Pending
station_tailor_t03_001,Ateliê T3,Atelier T3,Task018,Station,Crafting Station,Tailor,MVP,P1,B16_STATIONS_T3,Text to 3D,Optional,6250,1024x1024,No,anim_station_tailor,Prompts/EnvironmentStations/ConceptArt/station_tailor_t03_001_concept_sheet.txt,Prompts/EnvironmentStations/Meshy/station_tailor_t03_001_geometry.txt,Prompts/EnvironmentStations/Texture/station_tailor_t03_001_texture.txt,2,2,1,1,0,Profession readable without UI; Tier milestone visible; work zone clear; sockets valid; no baked animation/VFX; LOD budget met; 3/4 camera test passed,Assets/_Game/Art/Crafting/Stations/Tailor/T3,Not Started,Pending
station_alchemist_t05_001,Laboratório T5,Laboratory T5,Task018,Station,Crafting Station,Alchemist,Season 1,P2,B17_STATIONS_T5,Image to 3D,Yes,7250,1024x1024,No,anim_station_alchemist,Prompts/EnvironmentStations/ConceptArt/station_alchemist_t05_001_concept_sheet.txt,Prompts/EnvironmentStations/Meshy/station_alchemist_t05_001_geometry.txt,Prompts/EnvironmentStations/Texture/station_alchemist_t05_001_texture.txt,2,2,1,1,0,Profession readable without UI; Tier milestone visible; work zone clear; sockets valid; no baked animation/VFX; LOD budget met; 3/4 camera test passed,Assets/_Game/Art/Crafting/Stations/Alchemist/T5,Not Started,Pending
station_blacksmith_t05_001,Forja T5,Forge T5,Task018,Station,Crafting Station,Blacksmith,Season 1,P2,B17_STATIONS_T5,Image to 3D,Yes,7250,1024x1024,No,anim_station_blacksmith,Prompts/EnvironmentStations/ConceptArt/station_blacksmith_t05_001_concept_sheet.txt,Prompts/EnvironmentStations/Meshy/station_blacksmith_t05_001_geometry.txt,Prompts/EnvironmentStations/Texture/station_blacksmith_t05_001_texture.txt,2,2,1,1,0,Profession readable without UI; Tier milestone visible; work zone clear; sockets valid; no baked animation/VFX; LOD budget met; 3/4 camera test passed,Assets/_Game/Art/Crafting/Stations/Blacksmith/T5,Not Started,Pending
station_enchanter_t05_001,Mesa Arcana T5,Arcane Table T5,Task018,Station,Crafting Station,Enchanter,Season 1,P2,B17_STATIONS_T5,Image to 3D,Yes,7250,1024x1024,No,anim_station_enchanter,Prompts/EnvironmentStations/ConceptArt/station_enchanter_t05_001_concept_sheet.txt,Prompts/EnvironmentStations/Meshy/station_enchanter_t05_001_geometry.txt,Prompts/EnvironmentStations/Texture/station_enchanter_t05_001_texture.txt,2,2,1,1,0,Profession readable without UI; Tier milestone visible; work zone clear; sockets valid; no baked animation/VFX; LOD budget met; 3/4 camera test passed,Assets/_Game/Art/Crafting/Stations/Enchanter/T5,Not Started,Pending
station_gatherer_t05_001,Acampamento de Expedição T5,Expedition Camp T5,Task018,Station,Crafting Station,Gatherer,Season 1,P2,B17_STATIONS_T5,Image to 3D,Yes,7250,1024x1024,No,anim_station_gatherer,Prompts/EnvironmentStations/ConceptArt/station_gatherer_t05_001_concept_sheet.txt,Prompts/EnvironmentStations/Meshy/station_gatherer_t05_001_geometry.txt,Prompts/EnvironmentStations/Texture/station_gatherer_t05_001_texture.txt,2,2,1,1,0,Profession readable without UI; Tier milestone visible; work zone clear; sockets valid; no baked animation/VFX; LOD budget met; 3/4 camera test passed,Assets/_Game/Art/Crafting/Stations/Gatherer/T5,Not Started,Pending
station_tailor_t05_001,Ateliê T5,Atelier T5,Task018,Station,Crafting Station,Tailor,Season 1,P2,B17_STATIONS_T5,Image to 3D,Yes,7250,1024x1024,No,anim_station_tailor,Prompts/EnvironmentStations/ConceptArt/station_tailor_t05_001_concept_sheet.txt,Prompts/EnvironmentStations/Meshy/station_tailor_t05_001_geometry.txt,Prompts/EnvironmentStations/Texture/station_tailor_t05_001_texture.txt,2,2,1,1,0,Profession readable without UI; Tier milestone visible; work zone clear; sockets valid; no baked animation/VFX; LOD budget met; 3/4 camera test passed,Assets/_Game/Art/Crafting/Stations/Tailor/T5,Not Started,Pending
station_alchemist_t07_001,Laboratório T7,Laboratory T7,Task018,Station,Crafting Station,Alchemist,Season 1,P2,B18_STATIONS_T7,Image to 3D,Yes,8250,2048x2048,No,anim_station_alchemist,Prompts/EnvironmentStations/ConceptArt/station_alchemist_t07_001_concept_sheet.txt,Prompts/EnvironmentStations/Meshy/station_alchemist_t07_001_geometry.txt,Prompts/EnvironmentStations/Texture/station_alchemist_t07_001_texture.txt,2,2,1,1,0,Profession readable without UI; Tier milestone visible; work zone clear; sockets valid; no baked animation/VFX; LOD budget met; 3/4 camera test passed,Assets/_Game/Art/Crafting/Stations/Alchemist/T7,Not Started,Pending
station_blacksmith_t07_001,Forja T7,Forge T7,Task018,Station,Crafting Station,Blacksmith,Season 1,P2,B18_STATIONS_T7,Image to 3D,Yes,8250,2048x2048,No,anim_station_blacksmith,Prompts/EnvironmentStations/ConceptArt/station_blacksmith_t07_001_concept_sheet.txt,Prompts/EnvironmentStations/Meshy/station_blacksmith_t07_001_geometry.txt,Prompts/EnvironmentStations/Texture/station_blacksmith_t07_001_texture.txt,2,2,1,1,0,Profession readable without UI; Tier milestone visible; work zone clear; sockets valid; no baked animation/VFX; LOD budget met; 3/4 camera test passed,Assets/_Game/Art/Crafting/Stations/Blacksmith/T7,Not Started,Pending
station_enchanter_t07_001,Mesa Arcana T7,Arcane Table T7,Task018,Station,Crafting Station,Enchanter,Season 1,P2,B18_STATIONS_T7,Image to 3D,Yes,8250,2048x2048,No,anim_station_enchanter,Prompts/EnvironmentStations/ConceptArt/station_enchanter_t07_001_concept_sheet.txt,Prompts/EnvironmentStations/Meshy/station_enchanter_t07_001_geometry.txt,Prompts/EnvironmentStations/Texture/station_enchanter_t07_001_texture.txt,2,2,1,1,0,Profession readable without UI; Tier milestone visible; work zone clear; sockets valid; no baked animation/VFX; LOD budget met; 3/4 camera test passed,Assets/_Game/Art/Crafting/Stations/Enchanter/T7,Not Started,Pending
station_gatherer_t07_001,Acampamento de Expedição T7,Expedition Camp T7,Task018,Station,Crafting Station,Gatherer,Season 1,P2,B18_STATIONS_T7,Image to 3D,Yes,8250,2048x2048,No,anim_station_gatherer,Prompts/EnvironmentStations/ConceptArt/station_gatherer_t07_001_concept_sheet.txt,Prompts/EnvironmentStations/Meshy/station_gatherer_t07_001_geometry.txt,Prompts/EnvironmentStations/Texture/station_gatherer_t07_001_texture.txt,2,2,1,1,0,Profession readable without UI; Tier milestone visible; work zone clear; sockets valid; no baked animation/VFX; LOD budget met; 3/4 camera test passed,Assets/_Game/Art/Crafting/Stations/Gatherer/T7,Not Started,Pending
station_tailor_t07_001,Ateliê T7,Atelier T7,Task018,Station,Crafting Station,Tailor,Season 1,P2,B18_STATIONS_T7,Image to 3D,Yes,8250,2048x2048,No,anim_station_tailor,Prompts/EnvironmentStations/ConceptArt/station_tailor_t07_001_concept_sheet.txt,Prompts/EnvironmentStations/Meshy/station_tailor_t07_001_geometry.txt,Prompts/EnvironmentStations/Texture/station_tailor_t07_001_texture.txt,2,2,1,1,0,Profession readable without UI; Tier milestone visible; work zone clear; sockets valid; no baked animation/VFX; LOD budget met; 3/4 camera test passed,Assets/_Game/Art/Crafting/Stations/Tailor/T7,Not Started,Pending
station_alchemist_t09_001,Laboratório T9,Laboratory T9,Task018,Station,Crafting Station,Alchemist,Post-MVP,P3,B19_STATIONS_T9,Image to 3D,Yes,9250,2048x2048,No,anim_station_alchemist,Prompts/EnvironmentStations/ConceptArt/station_alchemist_t09_001_concept_sheet.txt,Prompts/EnvironmentStations/Meshy/station_alchemist_t09_001_geometry.txt,Prompts/EnvironmentStations/Texture/station_alchemist_t09_001_texture.txt,2,3,1,1,0,Profession readable without UI; Tier milestone visible; work zone clear; sockets valid; no baked animation/VFX; LOD budget met; 3/4 camera test passed,Assets/_Game/Art/Crafting/Stations/Alchemist/T9,Not Started,Pending
station_blacksmith_t09_001,Forja T9,Forge T9,Task018,Station,Crafting Station,Blacksmith,Post-MVP,P3,B19_STATIONS_T9,Image to 3D,Yes,9250,2048x2048,No,anim_station_blacksmith,Prompts/EnvironmentStations/ConceptArt/station_blacksmith_t09_001_concept_sheet.txt,Prompts/EnvironmentStations/Meshy/station_blacksmith_t09_001_geometry.txt,Prompts/EnvironmentStations/Texture/station_blacksmith_t09_001_texture.txt,2,3,1,1,0,Profession readable without UI; Tier milestone visible; work zone clear; sockets valid; no baked animation/VFX; LOD budget met; 3/4 camera test passed,Assets/_Game/Art/Crafting/Stations/Blacksmith/T9,Not Started,Pending
station_enchanter_t09_001,Mesa Arcana T9,Arcane Table T9,Task018,Station,Crafting Station,Enchanter,Post-MVP,P3,B19_STATIONS_T9,Image to 3D,Yes,9250,2048x2048,No,anim_station_enchanter,Prompts/EnvironmentStations/ConceptArt/station_enchanter_t09_001_concept_sheet.txt,Prompts/EnvironmentStations/Meshy/station_enchanter_t09_001_geometry.txt,Prompts/EnvironmentStations/Texture/station_enchanter_t09_001_texture.txt,2,3,1,1,0,Profession readable without UI; Tier milestone visible; work zone clear; sockets valid; no baked animation/VFX; LOD budget met; 3/4 camera test passed,Assets/_Game/Art/Crafting/Stations/Enchanter/T9,Not Started,Pending
station_gatherer_t09_001,Acampamento de Expedição T9,Expedition Camp T9,Task018,Station,Crafting Station,Gatherer,Post-MVP,P3,B19_STATIONS_T9,Image to 3D,Yes,9250,2048x2048,No,anim_station_gatherer,Prompts/EnvironmentStations/ConceptArt/station_gatherer_t09_001_concept_sheet.txt,Prompts/EnvironmentStations/Meshy/station_gatherer_t09_001_geometry.txt,Prompts/EnvironmentStations/Texture/station_gatherer_t09_001_texture.txt,2,3,1,1,0,Profession readable without UI; Tier milestone visible; work zone clear; sockets valid; no baked animation/VFX; LOD budget met; 3/4 camera test passed,Assets/_Game/Art/Crafting/Stations/Gatherer/T9,Not Started,Pending
station_tailor_t09_001,Ateliê T9,Atelier T9,Task018,Station,Crafting Station,Tailor,Post-MVP,P3,B19_STATIONS_T9,Image to 3D,Yes,9250,2048x2048,No,anim_station_tailor,Prompts/EnvironmentStations/ConceptArt/station_tailor_t09_001_concept_sheet.txt,Prompts/EnvironmentStations/Meshy/station_tailor_t09_001_geometry.txt,Prompts/EnvironmentStations/Texture/station_tailor_t09_001_texture.txt,2,3,1,1,0,Profession readable without UI; Tier milestone visible; work zone clear; sockets valid; no baked animation/VFX; LOD budget met; 3/4 camera test passed,Assets/_Game/Art/Crafting/Stations/Tailor/T9,Not Started,Pending
env_goblin_mine_camp_gate_001,Portão do Acampamento,Camp Gate,Task018,Environment,Environment,large prop,Vertical Slice,P0,B20_GOBLIN_ENV_PROPS,Image to 3D,Yes,4250,1024x1024,No,None,Prompts/EnvironmentStations/ConceptArt/env_goblin_mine_camp_gate_001_concept_sheet.txt,Prompts/EnvironmentStations/Meshy/env_goblin_mine_camp_gate_001_geometry.txt,Prompts/EnvironmentStations/Texture/env_goblin_mine_camp_gate_001_texture.txt,2,3,1,1,0,Silhouette readable; correct scale; grid/pivot compliance; material separation; no baked VFX; LOD budget met; mobile camera test passed,Assets/_Game/Art/Environments/goblin_mine/Models,Not Started,Pending
env_goblin_mine_goblin_barrel_001,Barril Goblin,Goblin Barrel,Task018,Environment,Environment,prop,Vertical Slice,P0,B20_GOBLIN_ENV_PROPS,Text to 3D,Optional,650,1024x1024,No,None,Prompts/EnvironmentStations/ConceptArt/env_goblin_mine_goblin_barrel_001_concept_sheet.txt,Prompts/EnvironmentStations/Meshy/env_goblin_mine_goblin_barrel_001_geometry.txt,Prompts/EnvironmentStations/Texture/env_goblin_mine_goblin_barrel_001_texture.txt,1,3,1,1,0,Silhouette readable; correct scale; grid/pivot compliance; material separation; no baked VFX; LOD budget met; mobile camera test passed,Assets/_Game/Art/Environments/goblin_mine/Models,Not Started,Pending
env_goblin_mine_goblin_king_throne_001,Trono do Rei Goblin,Goblin King Throne,Task018,Environment,Environment,hero prop,Vertical Slice,P0,B20_GOBLIN_ENV_PROPS,Image to 3D,Yes,4250,1024x1024,No,None,Prompts/EnvironmentStations/ConceptArt/env_goblin_mine_goblin_king_throne_001_concept_sheet.txt,Prompts/EnvironmentStations/Meshy/env_goblin_mine_goblin_king_throne_001_geometry.txt,Prompts/EnvironmentStations/Texture/env_goblin_mine_goblin_king_throne_001_texture.txt,2,3,1,1,0,Silhouette readable; correct scale; grid/pivot compliance; material separation; no baked VFX; LOD budget met; mobile camera test passed,Assets/_Game/Art/Environments/goblin_mine/Models,Not Started,Pending
env_goblin_mine_goblin_tent_001,Tenda Goblin,Goblin Tent,Task018,Environment,Environment,large prop,Vertical Slice,P0,B20_GOBLIN_ENV_PROPS,Image to 3D,Yes,2750,1024x1024,No,None,Prompts/EnvironmentStations/ConceptArt/env_goblin_mine_goblin_tent_001_concept_sheet.txt,Prompts/EnvironmentStations/Meshy/env_goblin_mine_goblin_tent_001_geometry.txt,Prompts/EnvironmentStations/Texture/env_goblin_mine_goblin_tent_001_texture.txt,2,3,1,1,0,Silhouette readable; correct scale; grid/pivot compliance; material separation; no baked VFX; LOD budget met; mobile camera test passed,Assets/_Game/Art/Environments/goblin_mine/Models,Not Started,Pending
env_goblin_mine_mine_cart_001,Carrinho de Minério,Mine Cart,Task018,Environment,Environment,prop,Vertical Slice,P0,B20_GOBLIN_ENV_PROPS,Text to 3D,Optional,1750,1024x1024,No,None,Prompts/EnvironmentStations/ConceptArt/env_goblin_mine_mine_cart_001_concept_sheet.txt,Prompts/EnvironmentStations/Meshy/env_goblin_mine_mine_cart_001_geometry.txt,Prompts/EnvironmentStations/Texture/env_goblin_mine_mine_cart_001_texture.txt,1,3,1,1,0,Silhouette readable; correct scale; grid/pivot compliance; material separation; no baked VFX; LOD budget met; mobile camera test passed,Assets/_Game/Art/Environments/goblin_mine/Models,Not Started,Pending
env_goblin_mine_ore_pile_001,Pilha de Minério,Ore Pile,Task018,Environment,Environment,prop,Vertical Slice,P0,B20_GOBLIN_ENV_PROPS,Text to 3D,Optional,950,1024x1024,No,None,Prompts/EnvironmentStations/ConceptArt/env_goblin_mine_ore_pile_001_concept_sheet.txt,Prompts/EnvironmentStations/Meshy/env_goblin_mine_ore_pile_001_geometry.txt,Prompts/EnvironmentStations/Texture/env_goblin_mine_ore_pile_001_texture.txt,1,3,1,1,0,Silhouette readable; correct scale; grid/pivot compliance; material separation; no baked VFX; LOD budget met; mobile camera test passed,Assets/_Game/Art/Environments/goblin_mine/Models,Not Started,Pending
env_goblin_mine_rope_bridge_001,Ponte de Corda,Rope Bridge,Task018,Environment,Environment,large prop,Vertical Slice,P0,B20_GOBLIN_ENV_PROPS,Image to 3D,Yes,3150,1024x1024,No,None,Prompts/EnvironmentStations/ConceptArt/env_goblin_mine_rope_bridge_001_concept_sheet.txt,Prompts/EnvironmentStations/Meshy/env_goblin_mine_rope_bridge_001_geometry.txt,Prompts/EnvironmentStations/Texture/env_goblin_mine_rope_bridge_001_texture.txt,2,3,1,1,0,Silhouette readable; correct scale; grid/pivot compliance; material separation; no baked VFX; LOD budget met; mobile camera test passed,Assets/_Game/Art/Environments/goblin_mine/Models,Not Started,Pending
env_goblin_mine_scrap_barricade_001,Barricada de Sucata,Scrap Barricade,Task018,Environment,Environment,prop,Vertical Slice,P0,B20_GOBLIN_ENV_PROPS,Text to 3D,Optional,1550,1024x1024,No,None,Prompts/EnvironmentStations/ConceptArt/env_goblin_mine_scrap_barricade_001_concept_sheet.txt,Prompts/EnvironmentStations/Meshy/env_goblin_mine_scrap_barricade_001_geometry.txt,Prompts/EnvironmentStations/Texture/env_goblin_mine_scrap_barricade_001_texture.txt,1,3,1,1,0,Silhouette readable; correct scale; grid/pivot compliance; material separation; no baked VFX; LOD budget met; mobile camera test passed,Assets/_Game/Art/Environments/goblin_mine/Models,Not Started,Pending
env_goblin_mine_wall_torch_001,Tocha de Parede,Wall Torch,Task018,Environment,Environment,prop,Vertical Slice,P0,B20_GOBLIN_ENV_PROPS,Text to 3D,Optional,550,1024x1024,No,None,Prompts/EnvironmentStations/ConceptArt/env_goblin_mine_wall_torch_001_concept_sheet.txt,Prompts/EnvironmentStations/Meshy/env_goblin_mine_wall_torch_001_geometry.txt,Prompts/EnvironmentStations/Texture/env_goblin_mine_wall_torch_001_texture.txt,1,3,1,1,0,Silhouette readable; correct scale; grid/pivot compliance; material separation; no baked VFX; LOD budget met; mobile camera test passed,Assets/_Game/Art/Environments/goblin_mine/Models,Not Started,Pending
env_goblin_mine_watchtower_001,Torre de Vigia Goblin,Goblin Watchtower,Task018,Environment,Environment,large prop,Vertical Slice,P0,B20_GOBLIN_ENV_PROPS,Image to 3D,Yes,5000,1024x1024,No,None,Prompts/EnvironmentStations/ConceptArt/env_goblin_mine_watchtower_001_concept_sheet.txt,Prompts/EnvironmentStations/Meshy/env_goblin_mine_watchtower_001_geometry.txt,Prompts/EnvironmentStations/Texture/env_goblin_mine_watchtower_001_texture.txt,2,3,1,1,0,Silhouette readable; correct scale; grid/pivot compliance; material separation; no baked VFX; LOD budget met; mobile camera test passed,Assets/_Game/Art/Environments/goblin_mine/Models,Not Started,Pending
env_goblin_mine_wood_cage_001,Jaula de Madeira,Wooden Cage,Task018,Environment,Environment,prop,Vertical Slice,P0,B20_GOBLIN_ENV_PROPS,Text to 3D,Optional,1500,1024x1024,No,None,Prompts/EnvironmentStations/ConceptArt/env_goblin_mine_wood_cage_001_concept_sheet.txt,Prompts/EnvironmentStations/Meshy/env_goblin_mine_wood_cage_001_geometry.txt,Prompts/EnvironmentStations/Texture/env_goblin_mine_wood_cage_001_texture.txt,1,3,1,1,0,Silhouette readable; correct scale; grid/pivot compliance; material separation; no baked VFX; LOD budget met; mobile camera test passed,Assets/_Game/Art/Environments/goblin_mine/Models,Not Started,Pending
env_undead_crypt_crypt_arch_001,Arco Funerário,Funerary Arch,Task018,Environment,Environment,structure,Season 1 - Arc 2,P1,B21_UNDEAD_ENV_CORE,Image to 3D,Yes,2200,1024x1024,No,None,Prompts/EnvironmentStations/ConceptArt/env_undead_crypt_crypt_arch_001_concept_sheet.txt,Prompts/EnvironmentStations/Meshy/env_undead_crypt_crypt_arch_001_geometry.txt,Prompts/EnvironmentStations/Texture/env_undead_crypt_crypt_arch_001_texture.txt,2,2,1,1,0,Silhouette readable; correct scale; grid/pivot compliance; material separation; no baked VFX; LOD budget met; mobile camera test passed,Assets/_Game/Art/Environments/undead_crypt/Models,Not Started,Pending
env_undead_crypt_crypt_column_001,Coluna de Cripta,Crypt Column,Task018,Environment,Environment,structure,Season 1 - Arc 2,P1,B21_UNDEAD_ENV_CORE,Image to 3D,Yes,1500,1024x1024,No,None,Prompts/EnvironmentStations/ConceptArt/env_undead_crypt_crypt_column_001_concept_sheet.txt,Prompts/EnvironmentStations/Meshy/env_undead_crypt_crypt_column_001_geometry.txt,Prompts/EnvironmentStations/Texture/env_undead_crypt_crypt_column_001_texture.txt,2,2,1,1,0,Silhouette readable; correct scale; grid/pivot compliance; material separation; no baked VFX; LOD budget met; mobile camera test passed,Assets/_Game/Art/Environments/undead_crypt/Models,Not Started,Pending
env_undead_crypt_crypt_door_001,Porta da Cripta,Crypt Door,Task018,Environment,Environment,structure,Season 1 - Arc 2,P1,B21_UNDEAD_ENV_CORE,Image to 3D,Yes,2100,1024x1024,No,None,Prompts/EnvironmentStations/ConceptArt/env_undead_crypt_crypt_door_001_concept_sheet.txt,Prompts/EnvironmentStations/Meshy/env_undead_crypt_crypt_door_001_geometry.txt,Prompts/EnvironmentStations/Texture/env_undead_crypt_crypt_door_001_texture.txt,2,2,1,1,0,Silhouette readable; correct scale; grid/pivot compliance; material separation; no baked VFX; LOD budget met; mobile camera test passed,Assets/_Game/Art/Environments/undead_crypt/Models,Not Started,Pending
env_undead_crypt_crypt_floor_tile_001,Piso de Cripta,Crypt Floor Tile,Task018,Environment,Environment,tile,Season 1 - Arc 2,P1,B21_UNDEAD_ENV_CORE,Text to 3D,Optional,1050,1024x1024,No,None,Prompts/EnvironmentStations/ConceptArt/env_undead_crypt_crypt_floor_tile_001_concept_sheet.txt,Prompts/EnvironmentStations/Meshy/env_undead_crypt_crypt_floor_tile_001_geometry.txt,Prompts/EnvironmentStations/Texture/env_undead_crypt_crypt_floor_tile_001_texture.txt,1,2,1,1,0,Silhouette readable; correct scale; grid/pivot compliance; material separation; no baked VFX; LOD budget met; mobile camera test passed,Assets/_Game/Art/Environments/undead_crypt/Models,Not Started,Pending
env_undead_crypt_crypt_wall_corner_001,Canto de Cripta,Crypt Wall Corner,Task018,Environment,Environment,wall,Season 1 - Arc 2,P1,B21_UNDEAD_ENV_CORE,Image to 3D,Yes,2700,1024x1024,No,None,Prompts/EnvironmentStations/ConceptArt/env_undead_crypt_crypt_wall_corner_001_concept_sheet.txt,Prompts/EnvironmentStations/Meshy/env_undead_crypt_crypt_wall_corner_001_geometry.txt,Prompts/EnvironmentStations/Texture/env_undead_crypt_crypt_wall_corner_001_texture.txt,2,2,1,1,0,Silhouette readable; correct scale; grid/pivot compliance; material separation; no baked VFX; LOD budget met; mobile camera test passed,Assets/_Game/Art/Environments/undead_crypt/Models,Not Started,Pending
env_undead_crypt_crypt_wall_straight_001,Parede de Cripta,Crypt Wall,Task018,Environment,Environment,wall,Season 1 - Arc 2,P1,B21_UNDEAD_ENV_CORE,Image to 3D,Yes,2350,1024x1024,No,None,Prompts/EnvironmentStations/ConceptArt/env_undead_crypt_crypt_wall_straight_001_concept_sheet.txt,Prompts/EnvironmentStations/Meshy/env_undead_crypt_crypt_wall_straight_001_geometry.txt,Prompts/EnvironmentStations/Texture/env_undead_crypt_crypt_wall_straight_001_texture.txt,2,2,1,1,0,Silhouette readable; correct scale; grid/pivot compliance; material separation; no baked VFX; LOD budget met; mobile camera test passed,Assets/_Game/Art/Environments/undead_crypt/Models,Not Started,Pending
env_undead_crypt_bone_pile_001,Pilha de Ossos,Bone Pile,Task018,Environment,Environment,prop,Season 1 - Arc 2,P1,B22_UNDEAD_ENV_PROPS,Text to 3D,Optional,750,1024x1024,No,None,Prompts/EnvironmentStations/ConceptArt/env_undead_crypt_bone_pile_001_concept_sheet.txt,Prompts/EnvironmentStations/Meshy/env_undead_crypt_bone_pile_001_geometry.txt,Prompts/EnvironmentStations/Texture/env_undead_crypt_bone_pile_001_texture.txt,1,2,1,1,0,Silhouette readable; correct scale; grid/pivot compliance; material separation; no baked VFX; LOD budget met; mobile camera test passed,Assets/_Game/Art/Environments/undead_crypt/Models,Not Started,Pending
env_undead_crypt_broken_statue_001,Estátua Quebrada,Broken Statue,Task018,Environment,Environment,prop,Season 1 - Arc 2,P1,B22_UNDEAD_ENV_PROPS,Text to 3D,Optional,2200,1024x1024,No,None,Prompts/EnvironmentStations/ConceptArt/env_undead_crypt_broken_statue_001_concept_sheet.txt,Prompts/EnvironmentStations/Meshy/env_undead_crypt_broken_statue_001_geometry.txt,Prompts/EnvironmentStations/Texture/env_undead_crypt_broken_statue_001_texture.txt,1,2,1,1,0,Silhouette readable; correct scale; grid/pivot compliance; material separation; no baked VFX; LOD budget met; mobile camera test passed,Assets/_Game/Art/Environments/undead_crypt/Models,Not Started,Pending
env_undead_crypt_coffin_001,Caixão,Coffin,Task018,Environment,Environment,prop,Season 1 - Arc 2,P1,B22_UNDEAD_ENV_PROPS,Text to 3D,Optional,1550,1024x1024,No,None,Prompts/EnvironmentStations/ConceptArt/env_undead_crypt_coffin_001_concept_sheet.txt,Prompts/EnvironmentStations/Meshy/env_undead_crypt_coffin_001_geometry.txt,Prompts/EnvironmentStations/Texture/env_undead_crypt_coffin_001_texture.txt,1,2,1,1,0,Silhouette readable; correct scale; grid/pivot compliance; material separation; no baked VFX; LOD budget met; mobile camera test passed,Assets/_Game/Art/Environments/undead_crypt/Models,Not Started,Pending
env_undead_crypt_crypt_iron_gate_001,Grade de Cripta,Crypt Iron Gate,Task018,Environment,Environment,prop,Season 1 - Arc 2,P1,B22_UNDEAD_ENV_PROPS,Text to 3D,Optional,1650,1024x1024,No,None,Prompts/EnvironmentStations/ConceptArt/env_undead_crypt_crypt_iron_gate_001_concept_sheet.txt,Prompts/EnvironmentStations/Meshy/env_undead_crypt_crypt_iron_gate_001_geometry.txt,Prompts/EnvironmentStations/Texture/env_undead_crypt_crypt_iron_gate_001_texture.txt,1,2,1,1,0,Silhouette readable; correct scale; grid/pivot compliance; material separation; no baked VFX; LOD budget met; mobile camera test passed,Assets/_Game/Art/Environments/undead_crypt/Models,Not Started,Pending
env_undead_crypt_grave_marker_001,Lápide,Grave Marker,Task018,Environment,Environment,prop,Season 1 - Arc 2,P1,B22_UNDEAD_ENV_PROPS,Text to 3D,Optional,700,1024x1024,No,None,Prompts/EnvironmentStations/ConceptArt/env_undead_crypt_grave_marker_001_concept_sheet.txt,Prompts/EnvironmentStations/Meshy/env_undead_crypt_grave_marker_001_geometry.txt,Prompts/EnvironmentStations/Texture/env_undead_crypt_grave_marker_001_texture.txt,1,2,1,1,0,Silhouette readable; correct scale; grid/pivot compliance; material separation; no baked VFX; LOD budget met; mobile camera test passed,Assets/_Game/Art/Environments/undead_crypt/Models,Not Started,Pending
env_undead_crypt_hanging_chain_001,Corrente Suspensa,Hanging Chain,Task018,Environment,Environment,prop,Season 1 - Arc 2,P1,B22_UNDEAD_ENV_PROPS,Text to 3D,Optional,550,1024x1024,No,None,Prompts/EnvironmentStations/ConceptArt/env_undead_crypt_hanging_chain_001_concept_sheet.txt,Prompts/EnvironmentStations/Meshy/env_undead_crypt_hanging_chain_001_geometry.txt,Prompts/EnvironmentStations/Texture/env_undead_crypt_hanging_chain_001_texture.txt,1,2,1,1,0,Silhouette readable; correct scale; grid/pivot compliance; material separation; no baked VFX; LOD budget met; mobile camera test passed,Assets/_Game/Art/Environments/undead_crypt/Models,Not Started,Pending
env_undead_crypt_lich_throne_001,Trono do Lich,Lich Throne,Task018,Environment,Environment,hero prop,Season 1 - Arc 2,P1,B22_UNDEAD_ENV_PROPS,Image to 3D,Yes,5250,1024x1024,No,None,Prompts/EnvironmentStations/ConceptArt/env_undead_crypt_lich_throne_001_concept_sheet.txt,Prompts/EnvironmentStations/Meshy/env_undead_crypt_lich_throne_001_geometry.txt,Prompts/EnvironmentStations/Texture/env_undead_crypt_lich_throne_001_texture.txt,2,2,1,1,0,Silhouette readable; correct scale; grid/pivot compliance; material separation; no baked VFX; LOD budget met; mobile camera test passed,Assets/_Game/Art/Environments/undead_crypt/Models,Not Started,Pending
env_undead_crypt_necromantic_crystal_001,Cristal Necromântico,Necromantic Crystal,Task018,Environment,Environment,prop,Season 1 - Arc 2,P1,B22_UNDEAD_ENV_PROPS,Text to 3D,Optional,950,1024x1024,No,None,Prompts/EnvironmentStations/ConceptArt/env_undead_crypt_necromantic_crystal_001_concept_sheet.txt,Prompts/EnvironmentStations/Meshy/env_undead_crypt_necromantic_crystal_001_geometry.txt,Prompts/EnvironmentStations/Texture/env_undead_crypt_necromantic_crystal_001_texture.txt,1,2,1,1,0,Silhouette readable; correct scale; grid/pivot compliance; material separation; no baked VFX; LOD budget met; mobile camera test passed,Assets/_Game/Art/Environments/undead_crypt/Models,Not Started,Pending
env_undead_crypt_necromantic_portal_001,Portal Necromântico,Necromantic Portal,Task018,Environment,Environment,hero prop,Season 1 - Arc 2,P1,B22_UNDEAD_ENV_PROPS,Image to 3D,Yes,4500,1024x1024,No,None,Prompts/EnvironmentStations/ConceptArt/env_undead_crypt_necromantic_portal_001_concept_sheet.txt,Prompts/EnvironmentStations/Meshy/env_undead_crypt_necromantic_portal_001_geometry.txt,Prompts/EnvironmentStations/Texture/env_undead_crypt_necromantic_portal_001_texture.txt,2,2,1,1,0,Silhouette readable; correct scale; grid/pivot compliance; material separation; no baked VFX; LOD budget met; mobile camera test passed,Assets/_Game/Art/Environments/undead_crypt/Models,Not Started,Pending
env_undead_crypt_ossuary_001,Ossário,Ossuary,Task018,Environment,Environment,prop,Season 1 - Arc 2,P1,B22_UNDEAD_ENV_PROPS,Text to 3D,Optional,1800,1024x1024,No,None,Prompts/EnvironmentStations/ConceptArt/env_undead_crypt_ossuary_001_concept_sheet.txt,Prompts/EnvironmentStations/Meshy/env_undead_crypt_ossuary_001_geometry.txt,Prompts/EnvironmentStations/Texture/env_undead_crypt_ossuary_001_texture.txt,1,2,1,1,0,Silhouette readable; correct scale; grid/pivot compliance; material separation; no baked VFX; LOD budget met; mobile camera test passed,Assets/_Game/Art/Environments/undead_crypt/Models,Not Started,Pending
env_undead_crypt_ritual_altar_001,Altar Ritual,Ritual Altar,Task018,Environment,Environment,hero prop,Season 1 - Arc 2,P1,B22_UNDEAD_ENV_PROPS,Image to 3D,Yes,3150,1024x1024,No,None,Prompts/EnvironmentStations/ConceptArt/env_undead_crypt_ritual_altar_001_concept_sheet.txt,Prompts/EnvironmentStations/Meshy/env_undead_crypt_ritual_altar_001_geometry.txt,Prompts/EnvironmentStations/Texture/env_undead_crypt_ritual_altar_001_texture.txt,2,2,1,1,0,Silhouette readable; correct scale; grid/pivot compliance; material separation; no baked VFX; LOD budget met; mobile camera test passed,Assets/_Game/Art/Environments/undead_crypt/Models,Not Started,Pending
env_undead_crypt_sarcophagus_001,Sarcófago,Sarcophagus,Task018,Environment,Environment,prop,Season 1 - Arc 2,P1,B22_UNDEAD_ENV_PROPS,Text to 3D,Optional,2100,1024x1024,No,None,Prompts/EnvironmentStations/ConceptArt/env_undead_crypt_sarcophagus_001_concept_sheet.txt,Prompts/EnvironmentStations/Meshy/env_undead_crypt_sarcophagus_001_geometry.txt,Prompts/EnvironmentStations/Texture/env_undead_crypt_sarcophagus_001_texture.txt,1,2,1,1,0,Silhouette readable; correct scale; grid/pivot compliance; material separation; no baked VFX; LOD budget met; mobile camera test passed,Assets/_Game/Art/Environments/undead_crypt/Models,Not Started,Pending
env_undead_crypt_spectral_brazier_001,Braseiro Espectral,Spectral Brazier,Task018,Environment,Environment,prop,Season 1 - Arc 2,P1,B22_UNDEAD_ENV_PROPS,Text to 3D,Optional,1250,1024x1024,No,None,Prompts/EnvironmentStations/ConceptArt/env_undead_crypt_spectral_brazier_001_concept_sheet.txt,Prompts/EnvironmentStations/Meshy/env_undead_crypt_spectral_brazier_001_geometry.txt,Prompts/EnvironmentStations/Texture/env_undead_crypt_spectral_brazier_001_texture.txt,1,2,1,1,0,Silhouette readable; correct scale; grid/pivot compliance; material separation; no baked VFX; LOD budget met; mobile camera test passed,Assets/_Game/Art/Environments/undead_crypt/Models,Not Started,Pending
env_undead_crypt_spectral_candle_001,Vela Espectral,Spectral Candle,Task018,Environment,Environment,prop,Season 1 - Arc 2,P1,B22_UNDEAD_ENV_PROPS,Text to 3D,Optional,425,1024x1024,No,None,Prompts/EnvironmentStations/ConceptArt/env_undead_crypt_spectral_candle_001_concept_sheet.txt,Prompts/EnvironmentStations/Meshy/env_undead_crypt_spectral_candle_001_geometry.txt,Prompts/EnvironmentStations/Texture/env_undead_crypt_spectral_candle_001_texture.txt,1,2,1,1,0,Silhouette readable; correct scale; grid/pivot compliance; material separation; no baked VFX; LOD budget met; mobile camera test passed,Assets/_Game/Art/Environments/undead_crypt/Models,Not Started,Pending
env_infernal_fortress_basalt_floor_tile_001,Piso de Basalto,Basalt Floor Tile,Task018,Environment,Environment,tile,Season 1 - Arc 3,P1,B23_INFERNAL_ENV_CORE,Text to 3D,Optional,1250,1024x1024,No,None,Prompts/EnvironmentStations/ConceptArt/env_infernal_fortress_basalt_floor_tile_001_concept_sheet.txt,Prompts/EnvironmentStations/Meshy/env_infernal_fortress_basalt_floor_tile_001_geometry.txt,Prompts/EnvironmentStations/Texture/env_infernal_fortress_basalt_floor_tile_001_texture.txt,1,2,1,1,0,Silhouette readable; correct scale; grid/pivot compliance; material separation; no baked VFX; LOD budget met; mobile camera test passed,Assets/_Game/Art/Environments/infernal_fortress/Models,Not Started,Pending
env_infernal_fortress_demonic_pillar_001,Pilar Demoníaco,Demonic Pillar,Task018,Environment,Environment,structure,Season 1 - Arc 3,P1,B23_INFERNAL_ENV_CORE,Image to 3D,Yes,2400,1024x1024,No,None,Prompts/EnvironmentStations/ConceptArt/env_infernal_fortress_demonic_pillar_001_concept_sheet.txt,Prompts/EnvironmentStations/Meshy/env_infernal_fortress_demonic_pillar_001_geometry.txt,Prompts/EnvironmentStations/Texture/env_infernal_fortress_demonic_pillar_001_texture.txt,2,2,1,1,0,Silhouette readable; correct scale; grid/pivot compliance; material separation; no baked VFX; LOD budget met; mobile camera test passed,Assets/_Game/Art/Environments/infernal_fortress/Models,Not Started,Pending
env_infernal_fortress_infernal_arch_001,Arco Infernal,Infernal Arch,Task018,Environment,Environment,structure,Season 1 - Arc 3,P1,B23_INFERNAL_ENV_CORE,Image to 3D,Yes,2750,1024x1024,No,None,Prompts/EnvironmentStations/ConceptArt/env_infernal_fortress_infernal_arch_001_concept_sheet.txt,Prompts/EnvironmentStations/Meshy/env_infernal_fortress_infernal_arch_001_geometry.txt,Prompts/EnvironmentStations/Texture/env_infernal_fortress_infernal_arch_001_texture.txt,2,2,1,1,0,Silhouette readable; correct scale; grid/pivot compliance; material separation; no baked VFX; LOD budget met; mobile camera test passed,Assets/_Game/Art/Environments/infernal_fortress/Models,Not Started,Pending
env_infernal_fortress_infernal_wall_corner_001,Canto Infernal,Infernal Wall Corner,Task018,Environment,Environment,wall,Season 1 - Arc 3,P1,B23_INFERNAL_ENV_CORE,Image to 3D,Yes,3250,1024x1024,No,None,Prompts/EnvironmentStations/ConceptArt/env_infernal_fortress_infernal_wall_corner_001_concept_sheet.txt,Prompts/EnvironmentStations/Meshy/env_infernal_fortress_infernal_wall_corner_001_geometry.txt,Prompts/EnvironmentStations/Texture/env_infernal_fortress_infernal_wall_corner_001_texture.txt,2,2,1,1,0,Silhouette readable; correct scale; grid/pivot compliance; material separation; no baked VFX; LOD budget met; mobile camera test passed,Assets/_Game/Art/Environments/infernal_fortress/Models,Not Started,Pending
env_infernal_fortress_infernal_wall_straight_001,Muralha Infernal,Infernal Wall,Task018,Environment,Environment,wall,Season 1 - Arc 3,P1,B23_INFERNAL_ENV_CORE,Image to 3D,Yes,2850,1024x1024,No,None,Prompts/EnvironmentStations/ConceptArt/env_infernal_fortress_infernal_wall_straight_001_concept_sheet.txt,Prompts/EnvironmentStations/Meshy/env_infernal_fortress_infernal_wall_straight_001_geometry.txt,Prompts/EnvironmentStations/Texture/env_infernal_fortress_infernal_wall_straight_001_texture.txt,2,2,1,1,0,Silhouette readable; correct scale; grid/pivot compliance; material separation; no baked VFX; LOD budget met; mobile camera test passed,Assets/_Game/Art/Environments/infernal_fortress/Models,Not Started,Pending
env_infernal_fortress_lava_channel_bend_001,Curva de Canal de Lava,Lava Channel Bend,Task018,Environment,Environment,tile,Season 1 - Arc 3,P1,B23_INFERNAL_ENV_CORE,Text to 3D,Optional,1400,1024x1024,No,None,Prompts/EnvironmentStations/ConceptArt/env_infernal_fortress_lava_channel_bend_001_concept_sheet.txt,Prompts/EnvironmentStations/Meshy/env_infernal_fortress_lava_channel_bend_001_geometry.txt,Prompts/EnvironmentStations/Texture/env_infernal_fortress_lava_channel_bend_001_texture.txt,1,2,1,1,0,Silhouette readable; correct scale; grid/pivot compliance; material separation; no baked VFX; LOD budget met; mobile camera test passed,Assets/_Game/Art/Environments/infernal_fortress/Models,Not Started,Pending
env_infernal_fortress_lava_channel_straight_001,Canal de Lava Reto,Straight Lava Channel,Task018,Environment,Environment,tile,Season 1 - Arc 3,P1,B23_INFERNAL_ENV_CORE,Text to 3D,Optional,1250,1024x1024,No,None,Prompts/EnvironmentStations/ConceptArt/env_infernal_fortress_lava_channel_straight_001_concept_sheet.txt,Prompts/EnvironmentStations/Meshy/env_infernal_fortress_lava_channel_straight_001_geometry.txt,Prompts/EnvironmentStations/Texture/env_infernal_fortress_lava_channel_straight_001_texture.txt,1,2,1,1,0,Silhouette readable; correct scale; grid/pivot compliance; material separation; no baked VFX; LOD budget met; mobile camera test passed,Assets/_Game/Art/Environments/infernal_fortress/Models,Not Started,Pending
env_infernal_fortress_lava_fall_001,Cascata de Lava,Lava Fall,Task018,Environment,Environment,environment effect mesh,Season 1 - Arc 3,P1,B23_INFERNAL_ENV_CORE,Image to 3D,Yes,2000,1024x1024,No,None,Prompts/EnvironmentStations/ConceptArt/env_infernal_fortress_lava_fall_001_concept_sheet.txt,Prompts/EnvironmentStations/Meshy/env_infernal_fortress_lava_fall_001_geometry.txt,Prompts/EnvironmentStations/Texture/env_infernal_fortress_lava_fall_001_texture.txt,2,2,1,1,0,Silhouette readable; correct scale; grid/pivot compliance; material separation; no baked VFX; LOD budget met; mobile camera test passed,Assets/_Game/Art/Environments/infernal_fortress/Models,Not Started,Pending
env_infernal_fortress_demon_lord_throne_001,Trono do Lorde Demônio,Demon Lord Throne,Task018,Environment,Environment,hero prop,Season 1 - Arc 3,P1,B24_INFERNAL_ENV_PROPS,Image to 3D,Yes,6250,1024x1024,No,None,Prompts/EnvironmentStations/ConceptArt/env_infernal_fortress_demon_lord_throne_001_concept_sheet.txt,Prompts/EnvironmentStations/Meshy/env_infernal_fortress_demon_lord_throne_001_geometry.txt,Prompts/EnvironmentStations/Texture/env_infernal_fortress_demon_lord_throne_001_texture.txt,2,2,1,1,0,Silhouette readable; correct scale; grid/pivot compliance; material separation; no baked VFX; LOD budget met; mobile camera test passed,Assets/_Game/Art/Environments/infernal_fortress/Models,Not Started,Pending
env_infernal_fortress_demon_weapon_rack_001,Arsenal Demoníaco,Demon Weapon Rack,Task018,Environment,Environment,prop,Season 1 - Arc 3,P1,B24_INFERNAL_ENV_PROPS,Text to 3D,Optional,2100,1024x1024,No,None,Prompts/EnvironmentStations/ConceptArt/env_infernal_fortress_demon_weapon_rack_001_concept_sheet.txt,Prompts/EnvironmentStations/Meshy/env_infernal_fortress_demon_weapon_rack_001_geometry.txt,Prompts/EnvironmentStations/Texture/env_infernal_fortress_demon_weapon_rack_001_texture.txt,1,2,1,1,0,Silhouette readable; correct scale; grid/pivot compliance; material separation; no baked VFX; LOD budget met; mobile camera test passed,Assets/_Game/Art/Environments/infernal_fortress/Models,Not Started,Pending
env_infernal_fortress_infernal_arena_ring_001,Anel da Arena Infernal,Infernal Arena Ring,Task018,Environment,Environment,large prop,Season 1 - Arc 3,P1,B24_INFERNAL_ENV_PROPS,Image to 3D,Yes,4750,1024x1024,No,None,Prompts/EnvironmentStations/ConceptArt/env_infernal_fortress_infernal_arena_ring_001_concept_sheet.txt,Prompts/EnvironmentStations/Meshy/env_infernal_fortress_infernal_arena_ring_001_geometry.txt,Prompts/EnvironmentStations/Texture/env_infernal_fortress_infernal_arena_ring_001_texture.txt,2,2,1,1,0,Silhouette readable; correct scale; grid/pivot compliance; material separation; no baked VFX; LOD budget met; mobile camera test passed,Assets/_Game/Art/Environments/infernal_fortress/Models,Not Started,Pending
env_infernal_fortress_infernal_brazier_001,Braseiro Infernal,Infernal Brazier,Task018,Environment,Environment,prop,Season 1 - Arc 3,P1,B24_INFERNAL_ENV_PROPS,Text to 3D,Optional,1400,1024x1024,No,None,Prompts/EnvironmentStations/ConceptArt/env_infernal_fortress_infernal_brazier_001_concept_sheet.txt,Prompts/EnvironmentStations/Meshy/env_infernal_fortress_infernal_brazier_001_geometry.txt,Prompts/EnvironmentStations/Texture/env_infernal_fortress_infernal_brazier_001_texture.txt,1,2,1,1,0,Silhouette readable; correct scale; grid/pivot compliance; material separation; no baked VFX; LOD budget met; mobile camera test passed,Assets/_Game/Art/Environments/infernal_fortress/Models,Not Started,Pending
env_infernal_fortress_infernal_bridge_001,Ponte Infernal,Infernal Bridge,Task018,Environment,Environment,large prop,Season 1 - Arc 3,P1,B24_INFERNAL_ENV_PROPS,Image to 3D,Yes,4500,1024x1024,No,None,Prompts/EnvironmentStations/ConceptArt/env_infernal_fortress_infernal_bridge_001_concept_sheet.txt,Prompts/EnvironmentStations/Meshy/env_infernal_fortress_infernal_bridge_001_geometry.txt,Prompts/EnvironmentStations/Texture/env_infernal_fortress_infernal_bridge_001_texture.txt,2,2,1,1,0,Silhouette readable; correct scale; grid/pivot compliance; material separation; no baked VFX; LOD budget met; mobile camera test passed,Assets/_Game/Art/Environments/infernal_fortress/Models,Not Started,Pending
env_infernal_fortress_infernal_cage_001,Jaula Infernal,Infernal Cage,Task018,Environment,Environment,prop,Season 1 - Arc 3,P1,B24_INFERNAL_ENV_PROPS,Text to 3D,Optional,1900,1024x1024,No,None,Prompts/EnvironmentStations/ConceptArt/env_infernal_fortress_infernal_cage_001_concept_sheet.txt,Prompts/EnvironmentStations/Meshy/env_infernal_fortress_infernal_cage_001_geometry.txt,Prompts/EnvironmentStations/Texture/env_infernal_fortress_infernal_cage_001_texture.txt,1,2,1,1,0,Silhouette readable; correct scale; grid/pivot compliance; material separation; no baked VFX; LOD budget met; mobile camera test passed,Assets/_Game/Art/Environments/infernal_fortress/Models,Not Started,Pending
env_infernal_fortress_infernal_chain_001,Corrente Infernal,Infernal Chain,Task018,Environment,Environment,prop,Season 1 - Arc 3,P1,B24_INFERNAL_ENV_PROPS,Text to 3D,Optional,700,1024x1024,No,None,Prompts/EnvironmentStations/ConceptArt/env_infernal_fortress_infernal_chain_001_concept_sheet.txt,Prompts/EnvironmentStations/Meshy/env_infernal_fortress_infernal_chain_001_geometry.txt,Prompts/EnvironmentStations/Texture/env_infernal_fortress_infernal_chain_001_texture.txt,1,2,1,1,0,Silhouette readable; correct scale; grid/pivot compliance; material separation; no baked VFX; LOD budget met; mobile camera test passed,Assets/_Game/Art/Environments/infernal_fortress/Models,Not Started,Pending
env_infernal_fortress_infernal_crystal_001,Cristal Infernal,Infernal Crystal,Task018,Environment,Environment,prop,Season 1 - Arc 3,P1,B24_INFERNAL_ENV_PROPS,Text to 3D,Optional,1100,1024x1024,No,None,Prompts/EnvironmentStations/ConceptArt/env_infernal_fortress_infernal_crystal_001_concept_sheet.txt,Prompts/EnvironmentStations/Meshy/env_infernal_fortress_infernal_crystal_001_geometry.txt,Prompts/EnvironmentStations/Texture/env_infernal_fortress_infernal_crystal_001_texture.txt,1,2,1,1,0,Silhouette readable; correct scale; grid/pivot compliance; material separation; no baked VFX; LOD budget met; mobile camera test passed,Assets/_Game/Art/Environments/infernal_fortress/Models,Not Started,Pending
env_infernal_fortress_infernal_gate_001,Portão Infernal,Infernal Gate,Task018,Environment,Environment,large prop,Season 1 - Arc 3,P1,B24_INFERNAL_ENV_PROPS,Image to 3D,Yes,5250,1024x1024,No,None,Prompts/EnvironmentStations/ConceptArt/env_infernal_fortress_infernal_gate_001_concept_sheet.txt,Prompts/EnvironmentStations/Meshy/env_infernal_fortress_infernal_gate_001_geometry.txt,Prompts/EnvironmentStations/Texture/env_infernal_fortress_infernal_gate_001_texture.txt,2,2,1,1,0,Silhouette readable; correct scale; grid/pivot compliance; material separation; no baked VFX; LOD budget met; mobile camera test passed,Assets/_Game/Art/Environments/infernal_fortress/Models,Not Started,Pending
env_infernal_fortress_infernal_platform_001,Plataforma Infernal,Infernal Platform,Task018,Environment,Environment,large prop,Season 1 - Arc 3,P1,B24_INFERNAL_ENV_PROPS,Image to 3D,Yes,3850,1024x1024,No,None,Prompts/EnvironmentStations/ConceptArt/env_infernal_fortress_infernal_platform_001_concept_sheet.txt,Prompts/EnvironmentStations/Meshy/env_infernal_fortress_infernal_platform_001_geometry.txt,Prompts/EnvironmentStations/Texture/env_infernal_fortress_infernal_platform_001_texture.txt,2,2,1,1,0,Silhouette readable; correct scale; grid/pivot compliance; material separation; no baked VFX; LOD budget met; mobile camera test passed,Assets/_Game/Art/Environments/infernal_fortress/Models,Not Started,Pending
env_infernal_fortress_infernal_portal_001,Portal Infernal,Infernal Portal,Task018,Environment,Environment,hero prop,Season 1 - Arc 3,P1,B24_INFERNAL_ENV_PROPS,Image to 3D,Yes,5500,1024x1024,No,None,Prompts/EnvironmentStations/ConceptArt/env_infernal_fortress_infernal_portal_001_concept_sheet.txt,Prompts/EnvironmentStations/Meshy/env_infernal_fortress_infernal_portal_001_geometry.txt,Prompts/EnvironmentStations/Texture/env_infernal_fortress_infernal_portal_001_texture.txt,2,2,1,1,0,Silhouette readable; correct scale; grid/pivot compliance; material separation; no baked VFX; LOD budget met; mobile camera test passed,Assets/_Game/Art/Environments/infernal_fortress/Models,Not Started,Pending
env_infernal_fortress_spike_barricade_001,Barricada de Espinhos,Spike Barricade,Task018,Environment,Environment,prop,Season 1 - Arc 3,P1,B24_INFERNAL_ENV_PROPS,Text to 3D,Optional,1950,1024x1024,No,None,Prompts/EnvironmentStations/ConceptArt/env_infernal_fortress_spike_barricade_001_concept_sheet.txt,Prompts/EnvironmentStations/Meshy/env_infernal_fortress_spike_barricade_001_geometry.txt,Prompts/EnvironmentStations/Texture/env_infernal_fortress_spike_barricade_001_texture.txt,1,2,1,1,0,Silhouette readable; correct scale; grid/pivot compliance; material separation; no baked VFX; LOD budget met; mobile camera test passed,Assets/_Game/Art/Environments/infernal_fortress/Models,Not Started,Pending
