prompt_id,domain,prompt_type,path,characters,words,sha256
fb064c56f131,Character,Concept,Prompts/Characters/ConceptArt/boss_goblin_chieftain_001_concept_sheet.txt,3294,460,255a0fbbc48775584ea65ec72c71e27ee425e3c79259bae19c4e99fde1af9ac0
c7bcc138f1f8,Character,Concept,Prompts/Characters/ConceptArt/boss_goblin_king_001_concept_sheet.txt,3701,512,ccb6b3583a567b217c671e4e6545d0fc41c15f6f2c84bb8f3f35c04072dab9d0
36ef8a39253f,Character,Concept,Prompts/Characters/ConceptArt/enemy_goblin_archer_001_concept_sheet.txt,3079,422,fc87050c35f868d6c569043ffecd4ca9cc973e2e8aef0e64fbaf59daf038381c
3c6336d9ae88,Character,Concept,Prompts/Characters/ConceptArt/enemy_goblin_high_shaman_001_concept_sheet.txt,3418,473,8889044aafc16cfe517d8af92ba01650fa5dd11a5288e849e98897b3d29dee6f
cc8998238a12,Character,Concept,Prompts/Characters/ConceptArt/enemy_goblin_ranger_001_concept_sheet.txt,3138,435,f030598dd3d5f437cdf27a514bc9b1b3d12470759babf7d3139f43d4cbae2605
e860baa8003e,Character,Concept,Prompts/Characters/ConceptArt/enemy_goblin_scavenger_001_concept_sheet.txt,3176,443,55745f52bc14e281fbe8c7cb224ce22231f551cba479d9665edf1f85b1bcff09
ddf9e92dc44c,Character,Concept,Prompts/Characters/ConceptArt/enemy_goblin_shaman_001_concept_sheet.txt,3204,448,dae9abff6daac0cde8d297413e799e9f9b1d664505468285ebf73c550e154175
0539b223da02,Character,Concept,Prompts/Characters/ConceptArt/enemy_goblin_warrior_001_concept_sheet.txt,3140,432,6ae8b0225337bd1520a428fde379af810fe9c4683a483736c1d343512a0ab21d
0b9250c717f0,Character,Concept,Prompts/Characters/ConceptArt/enemy_hobgoblin_knight_001_concept_sheet.txt,3128,426,45599a2f2fac5066674265ff6481479dae8fca5dcd0b9f6d146c601035e5dc61
f35c93d710b3,Character,Concept,Prompts/Characters/ConceptArt/hero_archer_001_concept_sheet.txt,3317,460,b3d568317f734da7b6e7910c13aa0acecac9aff3c8369ee58da61ad3d4367530
3a29e2db302c,Character,Concept,Prompts/Characters/ConceptArt/hero_mage_001_concept_sheet.txt,3323,466,3ba937cbf3ed75073eb6f889e9a0a7d90c6f00920e63df776d07333e12739994
9d2ac34ddb3d,Character,Concept,Prompts/Characters/ConceptArt/hero_paladin_001_concept_sheet.txt,3367,466,624c0288182c098798eb4c2893bd807062bfd7a80a50ad9cad18522847bfc4a4
359a7dc14da1,Character,Geometry,Prompts/Characters/Meshy/boss_goblin_chieftain_001_meshy_character.txt,2741,372,dfe33a95101ffb40dc8d3a817e33f1a1ee94b5ef34c8e88d39bdb9a3ad1471c8
b75fcd6d9891,Character,Geometry,Prompts/Characters/Meshy/boss_goblin_king_001_meshy_character.txt,3012,406,9b40aea6ff2f1bfc8ee37a56f54e92fd99f6541746d82cc3972aefc1a32afe8d
43b812339903,Character,Geometry,Prompts/Characters/Meshy/enemy_goblin_archer_001_meshy_character.txt,2597,345,c23b449533a377f691a678d7b179da922910e9873eb4ee856528062b51fff30b
57ce8b7ba593,Character,Geometry,Prompts/Characters/Meshy/enemy_goblin_high_shaman_001_meshy_character.txt,2875,390,c772da1ffc21e13bacae66d833b2f9673176b4e64fca693c1903e7248a5a2d58
fe1f4fc47967,Character,Geometry,Prompts/Characters/Meshy/enemy_goblin_ranger_001_meshy_character.txt,2633,351,8dc0d55a03e4d74981e3c1b02d4f1a13f32809d7eb65064a286393c280047624
cf3d5c106490,Character,Geometry,Prompts/Characters/Meshy/enemy_goblin_scavenger_001_meshy_character.txt,2684,354,fe328824d4e28e62c822cb88f2fc6e357e68fd5c64d161bf45259ebf0a61e0ac
ef83cc725e11,Character,Geometry,Prompts/Characters/Meshy/enemy_goblin_shaman_001_meshy_character.txt,2708,362,eddfa4c08873428f9cb1194d9eedfff4e439d4cf2becc832ce7fc28f823d452e
eb3b23cea63b,Character,Geometry,Prompts/Characters/Meshy/enemy_goblin_warrior_001_meshy_character.txt,2649,354,812590aefb70594f884259d582dfa50679698c39829c434229dfc62d72bf2923
14ed82c732fa,Character,Geometry,Prompts/Characters/Meshy/enemy_hobgoblin_knight_001_meshy_character.txt,2636,345,88d449778e1f74ba43fb1d383fec273895df37014acceca13e99b4973b1bba17
50b5828bf03c,Character,Geometry,Prompts/Characters/Meshy/hero_archer_001_meshy_character.txt,2757,365,b21d751a28c0ed3c89946005c2f5264c6624292dbef4c1ceafd403e218858ff0
9b9085809698,Character,Geometry,Prompts/Characters/Meshy/hero_mage_001_meshy_character.txt,2764,374,8f2e2c7e73043dcc89d9152869a4721c2213c5d5d2c66ec92f8081a4b978038d
dff0cb53d701,Character,Geometry,Prompts/Characters/Meshy/hero_paladin_001_meshy_character.txt,2804,371,c4a0e8c4c95091c9c814c4ca7d4ef907bc3641e6779ab3a8ed12a45e95e3ce43
33d535fcf1e7,Character,Texture,Prompts/Characters/Texture/boss_goblin_chieftain_001_texture.txt,987,134,3dbf5bb7410ac20c21c74974fa8168fdccf5d8e3a080891cf4aa00b1c7aadfa3
d8762de51de1,Character,Texture,Prompts/Characters/Texture/boss_goblin_king_001_texture.txt,1114,154,039754bb81a018f7792d2e53a937609f8dd709bfb1d33826e9556b4704e8f717
224af0f11980,Character,Texture,Prompts/Characters/Texture/enemy_goblin_archer_001_texture.txt,903,122,83a5383d2507b0478d929f90f853b071dd35f595e096a53571f365da10629bc5
dc3655cb4b2e,Character,Texture,Prompts/Characters/Texture/enemy_goblin_high_shaman_001_texture.txt,1042,143,30bfc6f6673b2a7d5dabcf8af8692be7e5ab9058ebb0134f305909607c599c24
331810795d5b,Character,Texture,Prompts/Characters/Texture/enemy_goblin_ranger_001_texture.txt,927,125,39ad93854a9c74add95da9da1dcc49b994d0e925384540432ac093395485b050
9477cd92a398,Character,Texture,Prompts/Characters/Texture/enemy_goblin_scavenger_001_texture.txt,944,129,281c02cfa9df92c21e129f167c6a003d06ac02e7e77709d7a3a91ca718f49a95
e931b0aaccfd,Character,Texture,Prompts/Characters/Texture/enemy_goblin_shaman_001_texture.txt,960,135,0ca198d85f1d5d4d3984db8e2705229047fe4a3726276245d81562be2461f6ca
a84929db167f,Character,Texture,Prompts/Characters/Texture/enemy_goblin_warrior_001_texture.txt,918,126,81abd841c2436638ccc4103b19514f57e4a51b4ac9e2f32992ea637114194845
b0aa4a80a17c,Character,Texture,Prompts/Characters/Texture/enemy_hobgoblin_knight_001_texture.txt,956,126,40a23610b1b69b48cfbe3709074a359fc8ea3f68a54c0b04bad83b70e801fa65
829d775b5725,Character,Texture,Prompts/Characters/Texture/hero_archer_001_texture.txt,1013,139,891450399bc4880e99fc271fe044f4a330af5bad5d90f9380ac4aff81ff91b17
64e34b6feab5,Character,Texture,Prompts/Characters/Texture/hero_mage_001_texture.txt,1017,140,c2a7e720da88e1df66fc14ec3ce0a14d4850821e196f0106cad3cc3036f1e965
066280c53605,Character,Texture,Prompts/Characters/Texture/hero_paladin_001_texture.txt,1049,149,0465ec33d8bf5a2a00df1432d83aca87b48083c11ed8459df3410512b52ce80b
d57934bd4b36,Equipment,Concept,Prompts/Equipment/ConceptArt/equipment_amulet_t01_base_concept_sheet.txt,1820,235,bffea1c88cefcb92c7f9dd08e84b7b9c450796914cf44f25183b40609e8bcffd
5362d75f3e15,Equipment,Concept,Prompts/Equipment/ConceptArt/equipment_amulet_t02_base_concept_sheet.txt,1830,233,bf33e18f9ce4c29f9e3358c21af8979510086291a046c913167f3bc8f4759e18
317cb95a3c89,Equipment,Concept,Prompts/Equipment/ConceptArt/equipment_amulet_t03_base_concept_sheet.txt,1844,237,2c9f36c0d26b6993d5c4e04dc7dd012ed4f5057da38e29da06374e08bb07895a
21d594d137fc,Equipment,Concept,Prompts/Equipment/ConceptArt/equipment_amulet_t04_base_concept_sheet.txt,1789,228,e6abd6aec2434b29b694c6af4823f67c9f1804d3f595645ae981ea71927938a8
8fc12513a9ea,Equipment,Concept,Prompts/Equipment/ConceptArt/equipment_amulet_t05_base_concept_sheet.txt,1844,236,d92f029c33c2bfa99235e5f7fd5cb9244e5d99084c5f3f2e081daa6e380b1b6d
a4dac9728620,Equipment,Concept,Prompts/Equipment/ConceptArt/equipment_amulet_t06_base_concept_sheet.txt,1839,235,cd58eb8581a04961389de7eb2562a37cb6df97eccda36e2cb242243eaec2dac7
b4194652c509,Equipment,Concept,Prompts/Equipment/ConceptArt/equipment_amulet_t07_base_concept_sheet.txt,1852,238,82282fe5505e53c903b58a715f14484fd7483cb73ba09dd8ba35bc9c385f678e
81b0e18e940d,Equipment,Concept,Prompts/Equipment/ConceptArt/equipment_amulet_t08_base_concept_sheet.txt,1828,235,db900170494dca8ac7e9903d4644aff02089934386f9ea3d01f1c897336e4631
c6bce5bb8c59,Equipment,Concept,Prompts/Equipment/ConceptArt/equipment_amulet_t09_base_concept_sheet.txt,1860,239,37f82d7e1cc7c996236c477ecf1bc826481f2d8637b62e5357dc576c02a8649b
ebc2d3c7fd4b,Equipment,Concept,Prompts/Equipment/ConceptArt/equipment_cloth_boots_t01_base_concept_sheet.txt,1802,232,b3aa14486fd4f32caf456ca3b5d1da6000587175a9955c86cb1f4d45b0e4d9f3
ac89aaa13ede,Equipment,Concept,Prompts/Equipment/ConceptArt/equipment_cloth_boots_t02_base_concept_sheet.txt,1814,231,d621e02f957456c782d8fe0a7be888c4ed4ca95c8d749d152328c51e1ef817af
28b9c7f6422c,Equipment,Concept,Prompts/Equipment/ConceptArt/equipment_cloth_boots_t03_base_concept_sheet.txt,1817,234,806d4ef6c12c5d6ff368ca1bf58662abd963a04e0ebb376eafc092de7fa307df
c011f133e242,Equipment,Concept,Prompts/Equipment/ConceptArt/equipment_cloth_boots_t04_base_concept_sheet.txt,1759,223,3fe23c3017807084b72220fb20887a17a5c665f5d5455d9abf61b76d71adff2e
a34366c10383,Equipment,Concept,Prompts/Equipment/ConceptArt/equipment_cloth_boots_t05_base_concept_sheet.txt,1815,232,0baafd670bdf55d689dc21af79da10176229d545e6576277e438ddcb22497815
5126d0f31260,Equipment,Concept,Prompts/Equipment/ConceptArt/equipment_cloth_boots_t06_base_concept_sheet.txt,1806,231,11671a13c4169bf6425becb4097733dfdf589dd87a37018658bfcd5679d288ee
5ea3fbeacf55,Equipment,Concept,Prompts/Equipment/ConceptArt/equipment_cloth_boots_t07_base_concept_sheet.txt,1823,234,9da1f48f212a1b5f1b6c8c4c3b80e1ed0930ddd658e0be25a670bc8a63e7a51b
f45b42eb2a68,Equipment,Concept,Prompts/Equipment/ConceptArt/equipment_cloth_boots_t08_base_concept_sheet.txt,1801,231,b686074ff8b4210ca9a9157b0ceb5f38ad008b23bd334a2c80533ead28918f9f
569af00b610e,Equipment,Concept,Prompts/Equipment/ConceptArt/equipment_cloth_boots_t09_base_concept_sheet.txt,1827,234,ea9c336e34bfab13786a084dfdbd99ee346b1174f4787b42642549b33b0cfeb2
e884a7d79024,Equipment,Concept,Prompts/Equipment/ConceptArt/equipment_cloth_gloves_t01_base_concept_sheet.txt,1819,233,06e6464751df38a7fc798e797749280c1c015f3f8c2c598802fb454fa3324d8f
1f762f5964cd,Equipment,Concept,Prompts/Equipment/ConceptArt/equipment_cloth_gloves_t02_base_concept_sheet.txt,1831,232,c7b66573bb64d914cbe8a35746227a15ce6d11770d08025e533c74ee2496d54e
d386c5cf7346,Equipment,Concept,Prompts/Equipment/ConceptArt/equipment_cloth_gloves_t03_base_concept_sheet.txt,1834,235,c7aed9fe7f0c17ca3d2d81a546dbf2be63d59e4ea88447bdf90c29521bc020b7
b4dd91491372,Equipment,Concept,Prompts/Equipment/ConceptArt/equipment_cloth_gloves_t04_base_concept_sheet.txt,1776,224,d58f002995b06ea8c348f34348ad738a858d8df0db1af1348c79c2ce5fa094ea
28a56cc1c0c8,Equipment,Concept,Prompts/Equipment/ConceptArt/equipment_cloth_gloves_t05_base_concept_sheet.txt,1832,233,e336ba3a87df000c493b2381d13539ef20eb5ab9a6fb1a47ad75f01d3106bac4
607afb5a9c19,Equipment,Concept,Prompts/Equipment/ConceptArt/equipment_cloth_gloves_t06_base_concept_sheet.txt,1823,232,6ec5cecb79b9873859ab78293421026a9cd9ec9971886eaa3e1aefcbe5a18791
d89ede064534,Equipment,Concept,Prompts/Equipment/ConceptArt/equipment_cloth_gloves_t07_base_concept_sheet.txt,1840,235,582c675c6aebe3fea69b6faecc46a0fdcbff766fe737ed373ecf642fb9747450
062c21d3df65,Equipment,Concept,Prompts/Equipment/ConceptArt/equipment_cloth_gloves_t08_base_concept_sheet.txt,1818,232,98143edfe37d7f8cba7853b156f4263b7da7aafb72f8c4667c806f9097e1806b
f91bee0176e8,Equipment,Concept,Prompts/Equipment/ConceptArt/equipment_cloth_gloves_t09_base_concept_sheet.txt,1844,235,ebae1b86fd8ebeefd3dcbf032632234ce15bec45b1213603cff3f807e987c8c1
8c8d0adaf95b,Equipment,Concept,Prompts/Equipment/ConceptArt/equipment_cloth_hood_t01_base_concept_sheet.txt,1827,236,97e8050984c44d9391cb430c17506bdcde0135280fcbdabf111b458f838d786b
d8b4d7bb79a3,Equipment,Concept,Prompts/Equipment/ConceptArt/equipment_cloth_hood_t02_base_concept_sheet.txt,1839,235,5d8944475c7db899a1a613f860cf1aaf25a088e514c2495c004c1d6aef1c9927
5d87be54eb3c,Equipment,Concept,Prompts/Equipment/ConceptArt/equipment_cloth_hood_t03_base_concept_sheet.txt,1842,238,1c193c5c7be97921eab5bac5002c8a841229e86d40a604dfba1e5fdf30f20d57
ea70162fb342,Equipment,Concept,Prompts/Equipment/ConceptArt/equipment_cloth_hood_t04_base_concept_sheet.txt,1784,227,8baf79f599d0f42385f209364390c00d238b0e6c5877b50c54f88174bd1ea2fe
bb5d223f91f1,Equipment,Concept,Prompts/Equipment/ConceptArt/equipment_cloth_hood_t05_base_concept_sheet.txt,1840,236,75f057a61f7b0d5c21430d4c7ef53b96fffe766c4276d8f02c53ad4ad3f305e0
0514212c2a12,Equipment,Concept,Prompts/Equipment/ConceptArt/equipment_cloth_hood_t06_base_concept_sheet.txt,1831,235,71bc8a0b90db72680f7f5b305941162e7bd09b24dfea49e158325387a55b8783
3183facb0293,Equipment,Concept,Prompts/Equipment/ConceptArt/equipment_cloth_hood_t07_base_concept_sheet.txt,1848,238,8a23a2ccb4629eb5ff32ce2a761b4b77f27b44156a06b677ee45493e37957028
b18d9f0b65a5,Equipment,Concept,Prompts/Equipment/ConceptArt/equipment_cloth_hood_t08_base_concept_sheet.txt,1826,235,ce4c51a610b493d27bd41db2083f6356f544b55ce3ceaea31553a2551018de35
1cab3f8b4bf2,Equipment,Concept,Prompts/Equipment/ConceptArt/equipment_cloth_hood_t09_base_concept_sheet.txt,1852,238,3cfe7a3f2a0399dd4471eae8c21743d1adfd99a0b31e2f064d0c84869294f212
bb1dd9045795,Equipment,Concept,Prompts/Equipment/ConceptArt/equipment_cloth_robe_t01_base_concept_sheet.txt,1832,236,9d7506ea9ecb24b513f445bd01c198af04b1740d478dec8d04fef1d495bf9489
eb957b7ec7fe,Equipment,Concept,Prompts/Equipment/ConceptArt/equipment_cloth_robe_t02_base_concept_sheet.txt,1844,235,92c93777308f25127162f9cbb2d899cc5f6212bf933669e1f7ee236b3b794468
5166a546c6c3,Equipment,Concept,Prompts/Equipment/ConceptArt/equipment_cloth_robe_t03_base_concept_sheet.txt,1847,238,e2d1c737f8d4a9a4d8c816febd8075b69908be5def4988bf238bd0c8bd7dd900
d60fb61d0b3a,Equipment,Concept,Prompts/Equipment/ConceptArt/equipment_cloth_robe_t04_base_concept_sheet.txt,1789,227,2cc037b50ddaaf086de53175107c214af27ba26f28d4e2d483ecf0aca6009e60
8298b55cfe13,Equipment,Concept,Prompts/Equipment/ConceptArt/equipment_cloth_robe_t05_base_concept_sheet.txt,1845,236,9326ec69fad0b302aa2da7356709850ea08aa791b096f5edab99c0adc7e78151
3eda3838c2f9,Equipment,Concept,Prompts/Equipment/ConceptArt/equipment_cloth_robe_t06_base_concept_sheet.txt,1836,235,791be618af41acdc0baccda99bd222231d441609b95e1ce6213ea5c8d0dcc41e
85dd13c881fc,Equipment,Concept,Prompts/Equipment/ConceptArt/equipment_cloth_robe_t07_base_concept_sheet.txt,1853,238,d149f7e2d38f0bb56101fbed10e0e10219b195a366292cdf402196c56f43baaa
447358c2f32c,Equipment,Concept,Prompts/Equipment/ConceptArt/equipment_cloth_robe_t08_base_concept_sheet.txt,1831,235,3cc399c6da6530592f4bd175c871eae653adeaff9ae77a6f10814292044f25d1
0e162ae93a1c,Equipment,Concept,Prompts/Equipment/ConceptArt/equipment_cloth_robe_t09_base_concept_sheet.txt,1857,238,6c7ff8215f8d28367d18db6a7ddf32493f37510fa594f88ce46ba4258bac14a4
8709c882a293,Equipment,Concept,Prompts/Equipment/ConceptArt/equipment_heavy_boots_t01_base_concept_sheet.txt,1787,229,86348ff9b6f16f2af8e0c976745f024393702626a8db1e0f42936740ad8096d0
53f9bb20289d,Equipment,Concept,Prompts/Equipment/ConceptArt/equipment_heavy_boots_t02_base_concept_sheet.txt,1794,227,1fc1d648497cf5a71f11092c9fc5b5b74035f2b9dd67639fdd64eee00aa831ff
9d5d3d5f9309,Equipment,Concept,Prompts/Equipment/ConceptArt/equipment_heavy_boots_t03_base_concept_sheet.txt,1806,230,f7ba1fde480bb1fff843962598723640b055a24e2b3f66820bbdea44ec41de73
8340f947f35b,Equipment,Concept,Prompts/Equipment/ConceptArt/equipment_heavy_boots_t04_base_concept_sheet.txt,1779,225,b1f778cbf6e13515d66db54817b482bfa17363ed63244556eae36a8e01610e6b
3d31c08003d9,Equipment,Concept,Prompts/Equipment/ConceptArt/equipment_heavy_boots_t05_base_concept_sheet.txt,1804,229,ef88af0e3cadaa896372a5902cc84901737c5c64db4a4b0943d88dd20d4dbde2
3619fe82d022,Equipment,Concept,Prompts/Equipment/ConceptArt/equipment_heavy_boots_t06_base_concept_sheet.txt,1794,228,9a0f5faa86fcf525c380babae99c0ff844094204e4e26f6a7d89cacdd46f9d8d
9caed52dc96e,Equipment,Concept,Prompts/Equipment/ConceptArt/equipment_heavy_boots_t07_base_concept_sheet.txt,1811,230,ccb64ae344267094420692005b58991b9508706999f1d3c2257cae576ff63b9c
b704d2a4bad9,Equipment,Concept,Prompts/Equipment/ConceptArt/equipment_heavy_boots_t08_base_concept_sheet.txt,1796,229,cf5d6484884de3df3c36122fcc8396fd050fb4cf281a8fa626b5783ca6bac60b
d6a21343610d,Equipment,Concept,Prompts/Equipment/ConceptArt/equipment_heavy_boots_t09_base_concept_sheet.txt,1819,232,08330fdff9d8d8c190017f6fbd3bda1b26c0037b96cc45f623cd3c36239c9ec6
d2ec1fa5753e,Equipment,Concept,Prompts/Equipment/ConceptArt/equipment_heavy_chest_t01_base_concept_sheet.txt,1820,231,41077bda8d489a0f17ee1afc47a1fb8df2a5d8ca683221078da7cd400dacdf60
aceb0f7e9e1c,Equipment,Concept,Prompts/Equipment/ConceptArt/equipment_heavy_chest_t02_base_concept_sheet.txt,1827,229,01df215f7d1ac817c207f460aa5e49f788757287bb88226554765600852f9708
3552f8b50676,Equipment,Concept,Prompts/Equipment/ConceptArt/equipment_heavy_chest_t03_base_concept_sheet.txt,1839,232,3555d5efd287ef0f9705f6473365bc0040467a1b25400e7d05168e7f5a40d2b0
3772b011ea3d,Equipment,Concept,Prompts/Equipment/ConceptArt/equipment_heavy_chest_t04_base_concept_sheet.txt,1812,227,6344f63483b8f381e9da015befca2d20bde6df62325725fb2bff8d228731d15f
5902bbd459e0,Equipment,Concept,Prompts/Equipment/ConceptArt/equipment_heavy_chest_t05_base_concept_sheet.txt,1837,231,85f3a870562959c8de758dcdeeab5695d53112935e42c5bfdb42a3a93aa09789
25f208d6e4b9,Equipment,Concept,Prompts/Equipment/ConceptArt/equipment_heavy_chest_t06_base_concept_sheet.txt,1827,230,8060bbe467e46f3d04c254e866c8824f0d7a412e11e91131e08199a7acfeba05
d7d4151a0402,Equipment,Concept,Prompts/Equipment/ConceptArt/equipment_heavy_chest_t07_base_concept_sheet.txt,1844,232,41b7d04af74f93d729d84e7c86c8b334262868857689f60da417121d5f82ce5f
95b615221a3a,Equipment,Concept,Prompts/Equipment/ConceptArt/equipment_heavy_chest_t08_base_concept_sheet.txt,1829,231,85ebf823af7e711f967648d397760637c7863be01199a60326e3eed6fbf2fa98
1d029e6e0e4e,Equipment,Concept,Prompts/Equipment/ConceptArt/equipment_heavy_chest_t09_base_concept_sheet.txt,1852,234,d6f377ccafac097636b155ca8ceacaa70ba6cac43475689b788bbbb86105182a
0125ef9751b3,Equipment,Concept,Prompts/Equipment/ConceptArt/equipment_heavy_gloves_t01_base_concept_sheet.txt,1817,230,aa76e713a82e47983b03b1d848343567080195b775d3ceeacf75d22751362d62
db7d05eb5764,Equipment,Concept,Prompts/Equipment/ConceptArt/equipment_heavy_gloves_t02_base_concept_sheet.txt,1824,228,bcb8e7862419bf854f2c9ee5c4d6053c95e447ad0e770d45c42090a888b248fb
4a9fe6b83362,Equipment,Concept,Prompts/Equipment/ConceptArt/equipment_heavy_gloves_t03_base_concept_sheet.txt,1836,231,52d10f8fcd6afc17a8ed3a7b69ed3a818e1ee117b9b5233f48a589365de300ac
e8f3527a0ba9,Equipment,Concept,Prompts/Equipment/ConceptArt/equipment_heavy_gloves_t04_base_concept_sheet.txt,1809,226,5b9514356902f88546e82f04114632774267d526daf916cb6aeec7d4222aa00b
bd0be891a5ca,Equipment,Concept,Prompts/Equipment/ConceptArt/equipment_heavy_gloves_t05_base_concept_sheet.txt,1834,230,a31ce05631c17982a7d8a774edf3a84080349c604b8d6d239a483084544fac3e
ae23a6981026,Equipment,Concept,Prompts/Equipment/ConceptArt/equipment_heavy_gloves_t06_base_concept_sheet.txt,1824,229,b95bd97d27784ce42ecd513548508e12d63bbd24ae4ded08667f0e8c7b255f09
1c82db0655c0,Equipment,Concept,Prompts/Equipment/ConceptArt/equipment_heavy_gloves_t07_base_concept_sheet.txt,1841,231,67acdca821c34c2af848dc86dd775e89269e257ca2b9d5dc74aa2b531b6167fb
422db60f13f5,Equipment,Concept,Prompts/Equipment/ConceptArt/equipment_heavy_gloves_t08_base_concept_sheet.txt,1826,230,c9cebc1ab98037cfc62acbe80d9f4553f1a73f93b3da3cd27236ba716fd40522
27acf5292a6b,Equipment,Concept,Prompts/Equipment/ConceptArt/equipment_heavy_gloves_t09_base_concept_sheet.txt,1849,233,befd6871825a0144812d0bda4d691d9ed4a85705944bb8f72d0d47edb821eb78
d5435f0f0669,Equipment,Concept,Prompts/Equipment/ConceptArt/equipment_heavy_helmet_t01_base_concept_sheet.txt,1799,230,a1091f2aeafd80ff5c51ef64042d973181edcf73a0b2f4877dd055b9aa5e5ca7
18a5072b65ae,Equipment,Concept,Prompts/Equipment/ConceptArt/equipment_heavy_helmet_t02_base_concept_sheet.txt,1806,228,ae038f68f913d43211ef1179c87be179e3d85d4fa6ed02e768ba115e3cde0eac
115d9c924777,Equipment,Concept,Prompts/Equipment/ConceptArt/equipment_heavy_helmet_t03_base_concept_sheet.txt,1818,231,c0ed01c766c09f03728a09130b05b4a180375d32238e69a10795dd889a70ca06
4f941877ff52,Equipment,Concept,Prompts/Equipment/ConceptArt/equipment_heavy_helmet_t04_base_concept_sheet.txt,1791,226,e8cb02bd650d8b3b5e2403500e3adbf7c864b1291e982e8a9d00d583f224894f
9998200aa9d1,Equipment,Concept,Prompts/Equipment/ConceptArt/equipment_heavy_helmet_t05_base_concept_sheet.txt,1816,230,6178049e2d71c3aa2b72dae44fb6a1905a002820aba1f6880c55d197393b8628
8a58ac82884e,Equipment,Concept,Prompts/Equipment/ConceptArt/equipment_heavy_helmet_t06_base_concept_sheet.txt,1806,229,4cab0b847b9afd62ae28e1b26d20b2c94f3c0f749e4a3f0c5806cc946ff3e81c
7fe39894ac5f,Equipment,Concept,Prompts/Equipment/ConceptArt/equipment_heavy_helmet_t07_base_concept_sheet.txt,1823,231,5f22b4ec63b79e530407d8a3b3cbb63b998512bc9cba0da2a57f89e5e279f66d
93db83eed4fc,Equipment,Concept,Prompts/Equipment/ConceptArt/equipment_heavy_helmet_t08_base_concept_sheet.txt,1808,230,68c703cedc1e4d1df706356b802bf07a72a99ef3ca7133a55f5964edda5185bc
09cb6063cc9c,Equipment,Concept,Prompts/Equipment/ConceptArt/equipment_heavy_helmet_t09_base_concept_sheet.txt,1831,233,54729434759d6b1ea3d424a27c867c21bdb83a41ce5e3161269122b51899baf2
e454db75107c,Equipment,Concept,Prompts/Equipment/ConceptArt/equipment_light_boots_t01_base_concept_sheet.txt,1786,229,462d2495498b0894e50ee495db3047d48a31e7047de920162cfa8b9a357d503b
f8008863fa78,Equipment,Concept,Prompts/Equipment/ConceptArt/equipment_light_boots_t02_base_concept_sheet.txt,1795,228,07f5d40e4199a220aa15cb5f495be16162a654bdd2f6eaca02276975982cc2ed
92e7fb7384c5,Equipment,Concept,Prompts/Equipment/ConceptArt/equipment_light_boots_t03_base_concept_sheet.txt,1796,230,8713643723f298bf3abdaee8f26ae532c0cef66dbc0548f136db3a5a03ac06f0
e671ef4fde9b,Equipment,Concept,Prompts/Equipment/ConceptArt/equipment_light_boots_t04_base_concept_sheet.txt,1766,223,e08a8b3709e4c529224478f7f6b941b820be333eb42f07eee416bef5e6c89062
982b3a31637d,Equipment,Concept,Prompts/Equipment/ConceptArt/equipment_light_boots_t05_base_concept_sheet.txt,1792,228,e28be5df32ed809a3474671ef1f70e7860ab0ee13917b076b0e11952aeebadbd
9d4136793b4f,Equipment,Concept,Prompts/Equipment/ConceptArt/equipment_light_boots_t06_base_concept_sheet.txt,1778,227,0ecb17a309c58f181475739443514675927f534f02586b372fc075ed1e374b04
ca0cde048c36,Equipment,Concept,Prompts/Equipment/ConceptArt/equipment_light_boots_t07_base_concept_sheet.txt,1799,229,4bad324eb44981705299a6658399ed96de1e8cc1a3eecb678671a5bc517ea9a0
6afe6e700de2,Equipment,Concept,Prompts/Equipment/ConceptArt/equipment_light_boots_t08_base_concept_sheet.txt,1786,228,01ddba9c3f7813f3d90519854ebf905f2a10dc446816a919c495f4cb074d6c56
2a5415480e9d,Equipment,Concept,Prompts/Equipment/ConceptArt/equipment_light_boots_t09_base_concept_sheet.txt,1803,230,c9c042265b581fe3ea24b5a4375b213df9b4abd20a46ff3d4186cbf42e6a1d44
0bb706e6741c,Equipment,Concept,Prompts/Equipment/ConceptArt/equipment_light_chest_t01_base_concept_sheet.txt,1809,230,594ee01f1d3dfaef5a276cee031b240d79ef8be2e750a7068827c33a41ef2c02
275efeed8079,Equipment,Concept,Prompts/Equipment/ConceptArt/equipment_light_chest_t02_base_concept_sheet.txt,1818,229,702536e80192a65c7828599f082e89af8984f6ca78b359b4b547618eb8caee2f
35c12e783584,Equipment,Concept,Prompts/Equipment/ConceptArt/equipment_light_chest_t03_base_concept_sheet.txt,1819,231,5d7e2f01fe292c62d2efca4a6220d75ad0b262d0ebda715619dfaa1627323465
c90cd24b4491,Equipment,Concept,Prompts/Equipment/ConceptArt/equipment_light_chest_t04_base_concept_sheet.txt,1789,224,2df18bbdbf28a4d10f39e0ac9cb2b2e27c7de09a6e9293665841a839b5224de9
2d504fc8204e,Equipment,Concept,Prompts/Equipment/ConceptArt/equipment_light_chest_t05_base_concept_sheet.txt,1815,229,9c2f7b6edfb1b6ba1ec87d539dbe2f6577d1b0708857851851405e8028af3459
21448c6b353a,Equipment,Concept,Prompts/Equipment/ConceptArt/equipment_light_chest_t06_base_concept_sheet.txt,1801,228,3cf73261faa38c059fedad5e5385c86a8a7b2194689f7b1ca1e62fd23f314d58
6c268d919159,Equipment,Concept,Prompts/Equipment/ConceptArt/equipment_light_chest_t07_base_concept_sheet.txt,1822,230,3dcf024aa30d9fe09618b47293dc8b7bc3d5a20812f4b1bc782524b9c131b1b1
adc40e9a0a1d,Equipment,Concept,Prompts/Equipment/ConceptArt/equipment_light_chest_t08_base_concept_sheet.txt,1809,229,dafa12c26926c51520891513847f820c7aa0789584e1b8f5dc1fc57635da5ee7
39cb84d8a5a9,Equipment,Concept,Prompts/Equipment/ConceptArt/equipment_light_chest_t09_base_concept_sheet.txt,1826,231,7a06a12a1b16991c4fa969bcf7e2ddf37c39e0866c4cfa975f5265bc2e694c26
9a69c4aebd91,Equipment,Concept,Prompts/Equipment/ConceptArt/equipment_light_gloves_t01_base_concept_sheet.txt,1798,229,3318ab26bb641957bf0c74db861c7adc40c01f00e85094878931c2d6e041bc9e
e68d1137afad,Equipment,Concept,Prompts/Equipment/ConceptArt/equipment_light_gloves_t02_base_concept_sheet.txt,1807,228,810bdd9adebc115728ef08ea740b16cf95778022c111fd3a11db7743fc8d18ba
a1352300a596,Equipment,Concept,Prompts/Equipment/ConceptArt/equipment_light_gloves_t03_base_concept_sheet.txt,1808,230,c23ea5adcc2b9864d7b7136a54912eef3348fc0abd18f15de90a998436cc8ffb
b9137ac1923d,Equipment,Concept,Prompts/Equipment/ConceptArt/equipment_light_gloves_t04_base_concept_sheet.txt,1778,223,b41ebba971f1e96a3969b0aebe8e211aa7273eaf90924da7483dafeeed27c426
5775341c62d4,Equipment,Concept,Prompts/Equipment/ConceptArt/equipment_light_gloves_t05_base_concept_sheet.txt,1804,228,0046238315910932414bafd760795c3d010234b3d6bbfc743a4ac41e463e737d
3a25d741dd4d,Equipment,Concept,Prompts/Equipment/ConceptArt/equipment_light_gloves_t06_base_concept_sheet.txt,1790,227,9b49f9d54e8677833d36eaed9c18224587f36b7b6468308d1d107b0147f9f117
6a6fba79254b,Equipment,Concept,Prompts/Equipment/ConceptArt/equipment_light_gloves_t07_base_concept_sheet.txt,1811,229,d1b45f6171b6c29a904cf0b91f23ecdc6eef83efb78a57ad86b5181576a73e6e
b068a4f37a55,Equipment,Concept,Prompts/Equipment/ConceptArt/equipment_light_gloves_t08_base_concept_sheet.txt,1798,228,37cac7c9932016e04ef88caa63fad022ecd354b19301e882a1b9db9362bbbcb0
7641a00a479f,Equipment,Concept,Prompts/Equipment/ConceptArt/equipment_light_gloves_t09_base_concept_sheet.txt,1815,230,8c3e163d0ff1758e890cbeaa61014a603d2cab90e825b723ab575f5da14d7670
e2df8f29e363,Equipment,Concept,Prompts/Equipment/ConceptArt/equipment_light_hood_t01_base_concept_sheet.txt,1796,230,3060288939829bba2f832199ccf1a4f925bc93379114d1106a5658b3917a267b
f4bcdf7b829d,Equipment,Concept,Prompts/Equipment/ConceptArt/equipment_light_hood_t02_base_concept_sheet.txt,1805,229,2034fdb73778ad1ba41d733372fcfd02a04b817f824777e03f6b0e8e7c2f6b59
459b6a7381c7,Equipment,Concept,Prompts/Equipment/ConceptArt/equipment_light_hood_t03_base_concept_sheet.txt,1806,231,525e2b1a678006f8c022e4cb2982ea1a8b957b6637ec43d40cd04dbe1a6142d9
5b92734eada3,Equipment,Concept,Prompts/Equipment/ConceptArt/equipment_light_hood_t04_base_concept_sheet.txt,1776,224,a8b3d520a7c670952408a64e1a133aac6ac2dfcc68f51b73443b4aafcd170b2a
650e6bf89ef5,Equipment,Concept,Prompts/Equipment/ConceptArt/equipment_light_hood_t05_base_concept_sheet.txt,1802,229,3f1c8fa86954e346c401b19a76cbad25e845764ca6b6bb1b414ff4474175fe49
d18eaab9751f,Equipment,Concept,Prompts/Equipment/ConceptArt/equipment_light_hood_t06_base_concept_sheet.txt,1788,228,6af1707bf5d09412fd96333346426716c90094c72ed49079dc5c36f90e5489ee
4f2fdf049c4b,Equipment,Concept,Prompts/Equipment/ConceptArt/equipment_light_hood_t07_base_concept_sheet.txt,1809,230,e4e181c85f7390703446af9bc8f7897f37b8e36f6739b1625a5a2384e6137fd7
01718de71ad1,Equipment,Concept,Prompts/Equipment/ConceptArt/equipment_light_hood_t08_base_concept_sheet.txt,1796,229,12c20901a09f618c0f313c58126e3ee88d8bda3a930929abb3e65cfc86ece185
f4d3a73a2416,Equipment,Concept,Prompts/Equipment/ConceptArt/equipment_light_hood_t09_base_concept_sheet.txt,1813,231,df90ebe27bd908f14f5eca2d27294e64f1ca1b16a33c44a681b54eba8baaab24
023fde6fb342,Equipment,Concept,Prompts/Equipment/ConceptArt/equipment_longbow_t01_base_concept_sheet.txt,1776,227,5a52858d3e0ff7745a1921608885a31b44587e3ef7f066ca12d37c254eb236d1
24e3f0a00a6f,Equipment,Concept,Prompts/Equipment/ConceptArt/equipment_longbow_t02_base_concept_sheet.txt,1773,226,d329272bb3185c3ddf17041a10c808add7a9a477fc9b041c03200e88d7481103
31c2a64d5369,Equipment,Concept,Prompts/Equipment/ConceptArt/equipment_longbow_t03_base_concept_sheet.txt,1797,229,e690f526c4e73baf501ab37070442fd28d66c8a7d81f919c90ebdb2bc641edbf
d9f21fb08351,Equipment,Concept,Prompts/Equipment/ConceptArt/equipment_longbow_t04_base_concept_sheet.txt,1772,225,5f0cc3aea15427379993bc071f99b33afb3002dcdf20b32bc1730ab4c9210e26
5b736264af6f,Equipment,Concept,Prompts/Equipment/ConceptArt/equipment_longbow_t05_base_concept_sheet.txt,1797,229,6c426f12d47f27d03f8fc3b8a104253bb0a732e97e4732e1235d6016a1683006
9e95b979acbf,Equipment,Concept,Prompts/Equipment/ConceptArt/equipment_longbow_t06_base_concept_sheet.txt,1804,231,09554529552c0e684b38ed01f7f9bd47bd1370339318fed5753b6239860720b7
fec3c036fda1,Equipment,Concept,Prompts/Equipment/ConceptArt/equipment_longbow_t07_base_concept_sheet.txt,1794,228,fc924f4f19c0202985e04e85c50fa0c3d433361c9978294c28f23c321e936406
0ec07c4dffc2,Equipment,Concept,Prompts/Equipment/ConceptArt/equipment_longbow_t08_base_concept_sheet.txt,1798,229,8883742c7081a1ea93d84e3b1bb5200b63e4a26e6f0526f99248de5256af1731
f71542d7ae8e,Equipment,Concept,Prompts/Equipment/ConceptArt/equipment_longbow_t09_base_concept_sheet.txt,1816,231,0e946d4feac4411d24a461623739101963d00b48f12dd2101bb6b7cfbad603b8
76d2746fe4a9,Equipment,Concept,Prompts/Equipment/ConceptArt/equipment_ring_t01_base_concept_sheet.txt,1793,231,dbb55318828ce0ae23f40cea8605ff62bd4c6bffd0ee6a6c1ad330fddc516b88
2d9cca05b0eb,Equipment,Concept,Prompts/Equipment/ConceptArt/equipment_ring_t02_base_concept_sheet.txt,1803,229,9eb0a24e2a7197ef4c243766a82be30a0ba986597769cee56ceec3847b134d7a
8420b191121d,Equipment,Concept,Prompts/Equipment/ConceptArt/equipment_ring_t03_base_concept_sheet.txt,1817,233,7e2e270c219a5b918c1c13efc74f9b23ab31b9025bc33acdf58fe7a26bd33140
aa1119fc68a1,Equipment,Concept,Prompts/Equipment/ConceptArt/equipment_ring_t04_base_concept_sheet.txt,1762,224,efc795a51e1189bcede7d1cc9115436987c61b1dc20e8b2b89e653b931e2fbda
4d2d447f32b0,Equipment,Concept,Prompts/Equipment/ConceptArt/equipment_ring_t05_base_concept_sheet.txt,1817,232,cfaedcbea3d7f4da2611f7fa68fecb483b9105e5e3d9cdd50173e6d4f43a58d6
74ff85bb3a74,Equipment,Concept,Prompts/Equipment/ConceptArt/equipment_ring_t06_base_concept_sheet.txt,1812,231,aaf6370643415a9fd3ccbbd7233269db29d9fbc8cc4778309a307664d9c168af
e97f5b2969a5,Equipment,Concept,Prompts/Equipment/ConceptArt/equipment_ring_t07_base_concept_sheet.txt,1825,234,c27b6413f5db20b407c7bba31519ffab977e8a20898df63ebee83f64539d9334
c2934a0b4b1d,Equipment,Concept,Prompts/Equipment/ConceptArt/equipment_ring_t08_base_concept_sheet.txt,1801,231,78449852c9b50bcdaadbabbed696fc3e3ae07e9ca64bd7d14e3ecf0e63d5a6bb
92e3ec93cc84,Equipment,Concept,Prompts/Equipment/ConceptArt/equipment_ring_t09_base_concept_sheet.txt,1833,235,a286b139fa3fa8b656fec2f5091da87dde6a984804ac1294a808d1423d66fdb8
79c823d3b0b1,Equipment,Concept,Prompts/Equipment/ConceptArt/equipment_shield_t01_base_concept_sheet.txt,1785,229,54aac12f200c71ae3a7cf5d67b1b42382b2563eac23044173cc7a9e25b81bf7b
10589937853a,Equipment,Concept,Prompts/Equipment/ConceptArt/equipment_shield_t02_base_concept_sheet.txt,1792,227,b59c5a18c20cc1cc85ad2481d4816b78f2164b1867b50dc8c8149d67032ba23c
5927d60900ab,Equipment,Concept,Prompts/Equipment/ConceptArt/equipment_shield_t03_base_concept_sheet.txt,1804,230,540b1b1b8c99c5fa75ce0664e4fac63cefeb5ca70eb4d28f62ec747cddbb6a88
84fde1c4e1da,Equipment,Concept,Prompts/Equipment/ConceptArt/equipment_shield_t04_base_concept_sheet.txt,1777,225,26021c986795e4028f9457065e445f158602a7a76c1cb0f787bdaedb7a329e53
c30684401796,Equipment,Concept,Prompts/Equipment/ConceptArt/equipment_shield_t05_base_concept_sheet.txt,1802,229,4db6e612e9fd783d341e0eccd0c5a46340728318b36a407f5cbd532c846e46bc
2db7bc93efaa,Equipment,Concept,Prompts/Equipment/ConceptArt/equipment_shield_t06_base_concept_sheet.txt,1792,228,8720d8676c329d65468e1156d459795edb237c88a68ef16217c14bffde4893d6
bd1436ddaf68,Equipment,Concept,Prompts/Equipment/ConceptArt/equipment_shield_t07_base_concept_sheet.txt,1809,230,2593888229ba0fa532ec75afae66bee05012b2dbe5e388946bfbbe3b50e5f5f0
f1e5981e740a,Equipment,Concept,Prompts/Equipment/ConceptArt/equipment_shield_t08_base_concept_sheet.txt,1794,229,b6d35d7d59c3fb8069bc9e3520b1dc15e71635810150d58a8e7525bfb53659be
ecc656b4314d,Equipment,Concept,Prompts/Equipment/ConceptArt/equipment_shield_t09_base_concept_sheet.txt,1817,232,934cf71c1204e80d934519b479394fe82f0ac660bd69248b0f8c7bc6a2badd73
196871659a4d,Equipment,Concept,Prompts/Equipment/ConceptArt/equipment_staff_t01_base_concept_sheet.txt,1792,228,400a33f78066b934543a665dec1a6c300d6bab89559dd4aa2293bd900b23d6b5
097707241e46,Equipment,Concept,Prompts/Equipment/ConceptArt/equipment_staff_t02_base_concept_sheet.txt,1792,227,c91830c7759c2b390cf3704758cfdf758705ac797e724c6891def4646b908737
6da46ff18a05,Equipment,Concept,Prompts/Equipment/ConceptArt/equipment_staff_t03_base_concept_sheet.txt,1818,231,02ed033fd21e8c429f869c9dc2af8a68528d955c7a8957f9edac5f89dc18f5af
69e8690a6720,Equipment,Concept,Prompts/Equipment/ConceptArt/equipment_staff_t04_base_concept_sheet.txt,1765,223,3499c5492ff8bd90a0292c1b00f92b0d2df2d26208a625eb65c74c904b7b424f
4c58fc135d82,Equipment,Concept,Prompts/Equipment/ConceptArt/equipment_staff_t05_base_concept_sheet.txt,1820,231,b7ee22afe308e66fe38142635920e1f938478bb8410590187f4f9933f7ba6d3f
21aab0168b9e,Equipment,Concept,Prompts/Equipment/ConceptArt/equipment_staff_t06_base_concept_sheet.txt,1832,233,de3b527af641e4c3d4e02ebb11fb0bfa82921df81b0e71326fc1efc440bc593c
4a1731385b16,Equipment,Concept,Prompts/Equipment/ConceptArt/equipment_staff_t07_base_concept_sheet.txt,1818,231,2846570a95d5327ae12ba14563507813b480faac401140d2431b013e12621c62
4b90d52bc17b,Equipment,Concept,Prompts/Equipment/ConceptArt/equipment_staff_t08_base_concept_sheet.txt,1813,230,1cd35f5b296c05a8ba9e2308447623f9a66aa91b02a32f664f333f31445c09eb
37e6ff0ca674,Equipment,Concept,Prompts/Equipment/ConceptArt/equipment_staff_t09_base_concept_sheet.txt,1840,233,602ce9ed1ec65e6a9c80ae2dd6870e70c1b0452523b7295af0e1ad034ea3cd2f
535b3b1f5420,Equipment,Concept,Prompts/Equipment/ConceptArt/equipment_sword_1h_t01_base_concept_sheet.txt,1796,228,496e3b482e7ac0ea20b69caed66bc8e6f17ce7034a0da4089bc785dfa11bf0d9
a5757d12e068,Equipment,Concept,Prompts/Equipment/ConceptArt/equipment_sword_1h_t02_base_concept_sheet.txt,1803,226,b85f26224cb5cc0ffc5d1da72fa8ec1865bfb60ccec179ec21edde0657280336
3ee83b540115,Equipment,Concept,Prompts/Equipment/ConceptArt/equipment_sword_1h_t03_base_concept_sheet.txt,1815,229,eb30a64f7076e335805fb4829ef88f649e197852854abbb3a343aaa0e526c7ef
7d2ebc1ac512,Equipment,Concept,Prompts/Equipment/ConceptArt/equipment_sword_1h_t04_base_concept_sheet.txt,1788,224,69e2373f2c2a2fc95d2473d9604aaf05a86ebd3456c126c9e9a7c4dac284fad5
b4390dd0a456,Equipment,Concept,Prompts/Equipment/ConceptArt/equipment_sword_1h_t05_base_concept_sheet.txt,1813,228,c7ee51e1713086562c763c4d628c69789ca8b670d77fcf566bde4f2889d48b62
d1f5ff53cf8d,Equipment,Concept,Prompts/Equipment/ConceptArt/equipment_sword_1h_t06_base_concept_sheet.txt,1803,227,3d487ae7fd5ddb133a8a80ee2f2ad509a8217e47b8e081b29391c83181f389d1
f6db178c1c93,Equipment,Concept,Prompts/Equipment/ConceptArt/equipment_sword_1h_t07_base_concept_sheet.txt,1820,229,0172508c62c024c5a6f069b0323e6ff15e9eaa3ca68ee3310d74bc9e528654b3
c02c364141bf,Equipment,Concept,Prompts/Equipment/ConceptArt/equipment_sword_1h_t08_base_concept_sheet.txt,1805,228,0216aa4758c17d882931ce1bcefdc153ada346ed62e0309c46ab00f8f21e8b28
913de6160254,Equipment,Concept,Prompts/Equipment/ConceptArt/equipment_sword_1h_t09_base_concept_sheet.txt,1828,231,4438e5e6ae1bb8668c53f349fb054ed754735393c722bb5309849643fd5aa5ac
e44b033a26b0,Equipment,Geometry,Prompts/Equipment/Meshy/BaseGeometry/equipment_amulet_t01_base_geometry.txt,1905,265,b294ab4a6af33ae3b803d543afc30315740cd2311b023a16d5958bb7fcf7d8e5
6536f7b2d20f,Equipment,Geometry,Prompts/Equipment/Meshy/BaseGeometry/equipment_amulet_t02_base_geometry.txt,1918,263,9b2f88f951cf1f780567a02c6fc476aab05c3588a912aad13264e52d96795684
79e2c71dd867,Equipment,Geometry,Prompts/Equipment/Meshy/BaseGeometry/equipment_amulet_t03_base_geometry.txt,1931,267,c48322b6d5695536f293dc695479021c896f99ade5c2ff918f1c85dd23015415
5f0f48deaad6,Equipment,Geometry,Prompts/Equipment/Meshy/BaseGeometry/equipment_amulet_t04_base_geometry.txt,1872,258,1bf75bec31c11482989206e3dcfa613eb83a9f3c8822a5a1b5de0d46cfb9d44b
3079291e173a,Equipment,Geometry,Prompts/Equipment/Meshy/BaseGeometry/equipment_amulet_t05_base_geometry.txt,1938,267,ff5c61b4b799533dbdcfa157f48437b26d2b137c8d6d532d2eadbc3229c3da25
8b4f71b1da13,Equipment,Geometry,Prompts/Equipment/Meshy/BaseGeometry/equipment_amulet_t06_base_geometry.txt,1935,266,8043b12f16592246a1866f6f24109ecd8186a96757eeb9bb290dcc80c9810178
4a45621f8947,Equipment,Geometry,Prompts/Equipment/Meshy/BaseGeometry/equipment_amulet_t07_base_geometry.txt,1941,270,0682d7f5128bf9eff809df3c06a2c36d9465e64ab167ccb1485e60120ccad4af
48549068de1e,Equipment,Geometry,Prompts/Equipment/Meshy/BaseGeometry/equipment_amulet_t08_base_geometry.txt,1917,265,092e9c66790496ca87ce54dd5b67683252119e860b99226854e66aef803370e2
e641a0312741,Equipment,Geometry,Prompts/Equipment/Meshy/BaseGeometry/equipment_amulet_t09_base_geometry.txt,1946,269,630d83d344081755b6f1d8f65957b1e8b28d245f2ac770a420fd1c1a137663d8
ccdc2b422330,Equipment,Geometry,Prompts/Equipment/Meshy/BaseGeometry/equipment_cloth_boots_t01_base_geometry.txt,1895,264,6406d9aad1c83c12b5ba76666d1daceb8d0fcb5d05eaf8fcd21b84e117d92765
8c09903f8ede,Equipment,Geometry,Prompts/Equipment/Meshy/BaseGeometry/equipment_cloth_boots_t02_base_geometry.txt,1910,263,01c12f0bc1e55c711732c904e86ae884b19f9655aeccaf5232efdf15f55995ef
ca84de4ab0cb,Equipment,Geometry,Prompts/Equipment/Meshy/BaseGeometry/equipment_cloth_boots_t03_base_geometry.txt,1912,266,f95c80d4c142a8a0d41ec81f59ce1be56a85bfb7ed0a4eaac5fc8f43cfd10d75
14e6c9423b59,Equipment,Geometry,Prompts/Equipment/Meshy/BaseGeometry/equipment_cloth_boots_t04_base_geometry.txt,1850,255,98028cc780318b0a6bc98f387a629dfe11b3e2eac6ea15435650918c5e487a7b
5f30fe8b8fe1,Equipment,Geometry,Prompts/Equipment/Meshy/BaseGeometry/equipment_cloth_boots_t05_base_geometry.txt,1917,265,6b8c397f5870c5d733b72c15243699698c8c189d8d56c8ab4e47c15dee7a1580
ac6e6fc320bf,Equipment,Geometry,Prompts/Equipment/Meshy/BaseGeometry/equipment_cloth_boots_t06_base_geometry.txt,1910,264,d26a89ae6791aaae90c38e1c5e6655625b0f262fef71b3f0df0cad9af47e5d84
178fd1c7cb01,Equipment,Geometry,Prompts/Equipment/Meshy/BaseGeometry/equipment_cloth_boots_t07_base_geometry.txt,1920,268,6836dd8e001572948e62dda88f52e1c8f3683543c8d4aff3e6351e6b717110d5
45a5720fb0e9,Equipment,Geometry,Prompts/Equipment/Meshy/BaseGeometry/equipment_cloth_boots_t08_base_geometry.txt,1898,263,2600dbc402456e47c3f38179690c9c83187a4942dc131ac3e75049d56ab09711
d15f3e70da08,Equipment,Geometry,Prompts/Equipment/Meshy/BaseGeometry/equipment_cloth_boots_t09_base_geometry.txt,1921,266,5f73bff960e711b7887c301622ba5b3d86deac42968dfdd09fc903053ee7e97d
420fbcc17451,Equipment,Geometry,Prompts/Equipment/Meshy/BaseGeometry/equipment_cloth_gloves_t01_base_geometry.txt,1898,263,f468fc00efa43f2c8644f57bd78451236335b815971fdd22ebdb0358e0e6de00
be993d2520e2,Equipment,Geometry,Prompts/Equipment/Meshy/BaseGeometry/equipment_cloth_gloves_t02_base_geometry.txt,1913,262,30c6b228860a24d1dd78b723ca7085577ab5a80dc0805401c0ce783f65d7abb3
e8c4dede2a5b,Equipment,Geometry,Prompts/Equipment/Meshy/BaseGeometry/equipment_cloth_gloves_t03_base_geometry.txt,1915,265,45250114b8122eced396c089f80467e9f4826200c17058e2dd5c1fe76dd8739a
64cf518090c0,Equipment,Geometry,Prompts/Equipment/Meshy/BaseGeometry/equipment_cloth_gloves_t04_base_geometry.txt,1853,254,99905bbadd02d0df951f4555dc2b3a9f69d187edb3a2fce6a5759b90a0cb7437
e58d91e7b95e,Equipment,Geometry,Prompts/Equipment/Meshy/BaseGeometry/equipment_cloth_gloves_t05_base_geometry.txt,1920,264,934310c26e738030884f9ce411c0ea2f23d6bd7e69ad51bace9121092193ef3c
902a360ebcf0,Equipment,Geometry,Prompts/Equipment/Meshy/BaseGeometry/equipment_cloth_gloves_t06_base_geometry.txt,1913,263,38932f4caf9a6c6708a20acc658837deec9ef6a51d2172099e82504db8df5e00
c16f927a34ae,Equipment,Geometry,Prompts/Equipment/Meshy/BaseGeometry/equipment_cloth_gloves_t07_base_geometry.txt,1923,267,18c75ae772ffa5ac2283595ff357f4f73231bb0db3aa2e59f78391c0a1a6cc45
6b035c7b39c3,Equipment,Geometry,Prompts/Equipment/Meshy/BaseGeometry/equipment_cloth_gloves_t08_base_geometry.txt,1901,262,e0ee036af36ea553a283f749f65506f06c0f240ef1ef4b61442377011ef58c09
fee261c546b5,Equipment,Geometry,Prompts/Equipment/Meshy/BaseGeometry/equipment_cloth_gloves_t09_base_geometry.txt,1924,265,32ae8b6a53447472a9e4c365a132f338f87aef904f4ffb2d668e5280a66130e7
33758ad4f8da,Equipment,Geometry,Prompts/Equipment/Meshy/BaseGeometry/equipment_cloth_hood_t01_base_geometry.txt,1920,269,3608edf298576f6a3038edec4ee60e9df4d584aabd858e7f6b2073c7cacda40f
50ddda854afd,Equipment,Geometry,Prompts/Equipment/Meshy/BaseGeometry/equipment_cloth_hood_t02_base_geometry.txt,1935,268,027508408eada9569faa64062b18ab0f02269385a0ce3f14624aab65e596bd4a
5c6a45ca1a18,Equipment,Geometry,Prompts/Equipment/Meshy/BaseGeometry/equipment_cloth_hood_t03_base_geometry.txt,1937,271,a330c4c299dae749db3980e9093eaabaf7b1b198e14cbe74f71b1b1ad019295d
03455eadaa84,Equipment,Geometry,Prompts/Equipment/Meshy/BaseGeometry/equipment_cloth_hood_t04_base_geometry.txt,1875,260,dfd3e3e310e4373635120e45a163a65a7aa5240d2e53248da386556f6e82d841
24b358afa985,Equipment,Geometry,Prompts/Equipment/Meshy/BaseGeometry/equipment_cloth_hood_t05_base_geometry.txt,1942,270,f143b25d1536874261b9fb29b5318eb7078fb59544bd0214fbd77bc4a8ea4618
4dd25ba55390,Equipment,Geometry,Prompts/Equipment/Meshy/BaseGeometry/equipment_cloth_hood_t06_base_geometry.txt,1935,269,14d7185ee8507611051c5a4ec865800280c3d8dc22d621bfed6037adfa72ba86
2c76af88ab6c,Equipment,Geometry,Prompts/Equipment/Meshy/BaseGeometry/equipment_cloth_hood_t07_base_geometry.txt,1945,273,58c690305137120702a868dbf5309ebe089abba0997209ebecdea39b14ed9527
67138c56f62a,Equipment,Geometry,Prompts/Equipment/Meshy/BaseGeometry/equipment_cloth_hood_t08_base_geometry.txt,1923,268,ab34c4627b744d58f34bb2137e398ac92c2619453c6e4cc4146740fcdee33b47
972d6d99e867,Equipment,Geometry,Prompts/Equipment/Meshy/BaseGeometry/equipment_cloth_hood_t09_base_geometry.txt,1946,271,6229339c5a67953ae628bbe84b026f515d58301907fc016bbdb739bfb200d5a7
1a2ef97d6936,Equipment,Geometry,Prompts/Equipment/Meshy/BaseGeometry/equipment_cloth_robe_t01_base_geometry.txt,1920,268,33b2d31308e3cd1d01d23c68ba19aef98e7e89a08798dcb6445fb23be49108a1
a644e304caf1,Equipment,Geometry,Prompts/Equipment/Meshy/BaseGeometry/equipment_cloth_robe_t02_base_geometry.txt,1935,267,40a67b3240f349b13f78aa16a44711e05c794d48163a8e6c29a6b90d58520772
4b3b70e47928,Equipment,Geometry,Prompts/Equipment/Meshy/BaseGeometry/equipment_cloth_robe_t03_base_geometry.txt,1937,270,291d0c0c809727385b67ae695543a1e43f6fb6c0024cfdb3a533524f7b9c8f24
353f49c46120,Equipment,Geometry,Prompts/Equipment/Meshy/BaseGeometry/equipment_cloth_robe_t04_base_geometry.txt,1875,259,c75ce7ee278282ef2d436427f39a98c2f18891846da841fc3422e7ae0e690243
ba1a0ab374f3,Equipment,Geometry,Prompts/Equipment/Meshy/BaseGeometry/equipment_cloth_robe_t05_base_geometry.txt,1942,269,3a7743f25ce3c9d450d2e70f7f0ad6265a948c3c33723483c210e5f8d8c64157
1755185496d2,Equipment,Geometry,Prompts/Equipment/Meshy/BaseGeometry/equipment_cloth_robe_t06_base_geometry.txt,1935,268,b16e655ccdfefafe0ab1f5221960cfca003005855e762d95e7826d54d46805ab
99c9709d37c7,Equipment,Geometry,Prompts/Equipment/Meshy/BaseGeometry/equipment_cloth_robe_t07_base_geometry.txt,1945,272,d28daf4d500d8f3181aaea7c779127c351ca2c30ba87f91f67ef46a03d11aa67
d4e9fcb693a9,Equipment,Geometry,Prompts/Equipment/Meshy/BaseGeometry/equipment_cloth_robe_t08_base_geometry.txt,1923,267,087493fc3aff60b880f3056a999f0becb6ab82ee0ebd5a5a73398c39dbe88f61
55511fee8217,Equipment,Geometry,Prompts/Equipment/Meshy/BaseGeometry/equipment_cloth_robe_t09_base_geometry.txt,1946,270,97e3964a58ed4e56d45c914d7c7b41be971ccda033636b8ddeb60c5fb8aae127
3e7bb11a59bc,Equipment,Geometry,Prompts/Equipment/Meshy/BaseGeometry/equipment_heavy_boots_t01_base_geometry.txt,1881,261,9def9a4f573197e762efcc793233b1bdc781e2fc5a3d886f9da441f398ae6d64
97b1649a25c1,Equipment,Geometry,Prompts/Equipment/Meshy/BaseGeometry/equipment_heavy_boots_t02_base_geometry.txt,1891,259,a69386bfe8ac7ee9e5262caff26993358a283845950299a4ce56df6d225b757c
b13bd9005a26,Equipment,Geometry,Prompts/Equipment/Meshy/BaseGeometry/equipment_heavy_boots_t03_base_geometry.txt,1902,262,7321c1290673b6edc3c831b95e831015371ff0e487378d703f591d2c42ec9645
ca3a02a7bd0c,Equipment,Geometry,Prompts/Equipment/Meshy/BaseGeometry/equipment_heavy_boots_t04_base_geometry.txt,1871,257,c7c845730d5c09b550329e0d391c2a737a5bdaa5b922cf1b71793ad87e9b5bd8
de9c3629e6ac,Equipment,Geometry,Prompts/Equipment/Meshy/BaseGeometry/equipment_heavy_boots_t05_base_geometry.txt,1907,262,da6c3773a2c45521ee2ceb4905a50fdcd68399d2da29a708e842414e4eeed564
1ca920c10419,Equipment,Geometry,Prompts/Equipment/Meshy/BaseGeometry/equipment_heavy_boots_t06_base_geometry.txt,1899,261,406ea555edd64e86e75af8529d1efbd9a303fc0c03e217b3184f7c322e569fa0
f2fa4e91eabb,Equipment,Geometry,Prompts/Equipment/Meshy/BaseGeometry/equipment_heavy_boots_t07_base_geometry.txt,1909,264,fb93f40f5bc5948b2ec55351f42b637af9dce9d882652e3c1eaff4220e65c2a5
e54528cfde0d,Equipment,Geometry,Prompts/Equipment/Meshy/BaseGeometry/equipment_heavy_boots_t08_base_geometry.txt,1894,261,c80c85c3d02e74e0dc34656ee4864d91ab6a719346a683508cd1d8504611ec2c
33d947f71c6d,Equipment,Geometry,Prompts/Equipment/Meshy/BaseGeometry/equipment_heavy_boots_t09_base_geometry.txt,1914,264,272d688b2ce2d3e2e9f651e9100bb7e42ea7e84889c0f5ff77692fb225923d00
9b8e7b34d5ca,Equipment,Geometry,Prompts/Equipment/Meshy/BaseGeometry/equipment_heavy_chest_t01_base_geometry.txt,1908,263,43dda2956598449c08752bd5af54a635b14e3a768a6f8a2d325b065a91506be4
1e27bfd68d61,Equipment,Geometry,Prompts/Equipment/Meshy/BaseGeometry/equipment_heavy_chest_t02_base_geometry.txt,1918,261,c3ad4793b6bd3569b1a90219882a7478baeb793049094f09fb00588392b3249f
5206b6383703,Equipment,Geometry,Prompts/Equipment/Meshy/BaseGeometry/equipment_heavy_chest_t03_base_geometry.txt,1929,264,84949dca67132f2069997d2b620253f2b629e0b2721645ac25470e544a3d7e3c
3fd8d0d845da,Equipment,Geometry,Prompts/Equipment/Meshy/BaseGeometry/equipment_heavy_chest_t04_base_geometry.txt,1898,259,b57fa1476579d4f52be4bc05c7238d141e7837ea8064148ac6e9ad2548c3ec4a
6ca575a8ffa1,Equipment,Geometry,Prompts/Equipment/Meshy/BaseGeometry/equipment_heavy_chest_t05_base_geometry.txt,1934,264,ac4ac96edec958fcce57ac96847ddaac8e2144cfc81a6dfb0ba22b38d969cc39
c2ab7078da42,Equipment,Geometry,Prompts/Equipment/Meshy/BaseGeometry/equipment_heavy_chest_t06_base_geometry.txt,1926,263,69240266db46ee01fdf66c0985c32205dd7faf855b19fb645f3d654892f9f932
2a928e8eaa8c,Equipment,Geometry,Prompts/Equipment/Meshy/BaseGeometry/equipment_heavy_chest_t07_base_geometry.txt,1936,266,e33d006c172f4308742026bb8399fff1b1244c20a67f2637044cf450742e7665
017c5a11dcb0,Equipment,Geometry,Prompts/Equipment/Meshy/BaseGeometry/equipment_heavy_chest_t08_base_geometry.txt,1921,263,fd57a12f9561f38f357d0a2adc4b74da92f5ce2ee9daec03cfda19892a37e06e
7409bdc92667,Equipment,Geometry,Prompts/Equipment/Meshy/BaseGeometry/equipment_heavy_chest_t09_base_geometry.txt,1941,266,3408e144bf35873056730ca20c7a0f6c5458c982fd105761daaa16d0d3d412fb
46626cb0f12d,Equipment,Geometry,Prompts/Equipment/Meshy/BaseGeometry/equipment_heavy_gloves_t01_base_geometry.txt,1896,260,656e9e79170c3041b99fa4aa7072022e37398c7ab2c47d512e0056fb18a848e7
26bcbf35b8eb,Equipment,Geometry,Prompts/Equipment/Meshy/BaseGeometry/equipment_heavy_gloves_t02_base_geometry.txt,1906,258,b8c4a9a60f67cda90bd29db7c82171d63c6f9044b785c3e7c3cbf7149140ecbe
5c8129ad9d35,Equipment,Geometry,Prompts/Equipment/Meshy/BaseGeometry/equipment_heavy_gloves_t03_base_geometry.txt,1917,261,0540c795a821e99ac450709486b4166c2ddd6b3b5af2d7e6c20524603a3dfbe3
abe1ec56ba0a,Equipment,Geometry,Prompts/Equipment/Meshy/BaseGeometry/equipment_heavy_gloves_t04_base_geometry.txt,1886,256,3f2882fe837eb07ee078182a7890131a3361adaba77b880fe08c55e6ccf70285
95cb6d16ce79,Equipment,Geometry,Prompts/Equipment/Meshy/BaseGeometry/equipment_heavy_gloves_t05_base_geometry.txt,1922,261,d332db888e3286c7fdcb1a5268f86ff751f18e461ad102ee80f326578091ad9e
2ebdc5b7abd7,Equipment,Geometry,Prompts/Equipment/Meshy/BaseGeometry/equipment_heavy_gloves_t06_base_geometry.txt,1914,260,e19e3b6063bb72b64e1927e309145079efe6703c2ec5c3a7c8100092b7e27923
1d92a053061d,Equipment,Geometry,Prompts/Equipment/Meshy/BaseGeometry/equipment_heavy_gloves_t07_base_geometry.txt,1924,263,ddf6769873da48483cd97c1c4d167b04fe5db154e1dc50cf2f71d7dac135d684
ce7f61edfc7f,Equipment,Geometry,Prompts/Equipment/Meshy/BaseGeometry/equipment_heavy_gloves_t08_base_geometry.txt,1909,260,b5228e14acce7f8cf982e5b4bda8f125ab4ff32f9dc73402dbb1f57990cef92e
fd18b463cccc,Equipment,Geometry,Prompts/Equipment/Meshy/BaseGeometry/equipment_heavy_gloves_t09_base_geometry.txt,1929,263,f3e282e1acd2083f16d4e02a868cdb4d168cb91f431cd50731e7e0c505140f38
c300fdc8177b,Equipment,Geometry,Prompts/Equipment/Meshy/BaseGeometry/equipment_heavy_helmet_t01_base_geometry.txt,1893,263,1133ca8772b4a1480dcd71cad8f2515ef08bc1e8a6320648850efa91f9e8593b
953a0f35e834,Equipment,Geometry,Prompts/Equipment/Meshy/BaseGeometry/equipment_heavy_helmet_t02_base_geometry.txt,1903,261,97cff4c66542c6b63e212ad618e968d71f32adc4a7b3a4228b7da18099fe210d
495ee1dbdaf8,Equipment,Geometry,Prompts/Equipment/Meshy/BaseGeometry/equipment_heavy_helmet_t03_base_geometry.txt,1914,264,f9a18545b9911c2fd219e97b7e4923e7f44b893b1f1669874fd405f2347b82e5
db2b7d2b9449,Equipment,Geometry,Prompts/Equipment/Meshy/BaseGeometry/equipment_heavy_helmet_t04_base_geometry.txt,1883,259,df47218b36ca89847461ad7d076bee4bb32871d085cabaa27eff06d3a69ad23d
21a034e5776d,Equipment,Geometry,Prompts/Equipment/Meshy/BaseGeometry/equipment_heavy_helmet_t05_base_geometry.txt,1919,264,8cc9e8d147b4741ce4e1616b42c15c819a7afdee26613865f89ba4b59dee21fd
09aec2f8bda2,Equipment,Geometry,Prompts/Equipment/Meshy/BaseGeometry/equipment_heavy_helmet_t06_base_geometry.txt,1911,263,7be0e37155b8d82b3cca116eda29cdfd70ef054a866070c2b1edc341c5720077
e7b23d587025,Equipment,Geometry,Prompts/Equipment/Meshy/BaseGeometry/equipment_heavy_helmet_t07_base_geometry.txt,1921,266,a56f3ba8acf5ba0e3348f86b19356e549e1e2c64fac7a9ae8a3f58cc93510a33
9ad1333c09f0,Equipment,Geometry,Prompts/Equipment/Meshy/BaseGeometry/equipment_heavy_helmet_t08_base_geometry.txt,1906,263,8f5eb04b427a953f2ca72722a5d228e257dc858d6bfa313c43bf1255c959fd6f
b5f9605c6d62,Equipment,Geometry,Prompts/Equipment/Meshy/BaseGeometry/equipment_heavy_helmet_t09_base_geometry.txt,1926,266,3747426c13ed10065178d3e89abc1c4bd14d49616024ad39792decd70e71ac67
4c9fc02e534c,Equipment,Geometry,Prompts/Equipment/Meshy/BaseGeometry/equipment_light_boots_t01_base_geometry.txt,1879,261,a550aeac5838a47e66ee801b6da0db7269be4730315ef21aa2e617e010f945a7
0798ad35bb8d,Equipment,Geometry,Prompts/Equipment/Meshy/BaseGeometry/equipment_light_boots_t02_base_geometry.txt,1891,260,c2817c8af231d8053718094ef144d5299b3d029c4bfd375b3378f459f06ca4e0
34f18d0e1ed2,Equipment,Geometry,Prompts/Equipment/Meshy/BaseGeometry/equipment_light_boots_t03_base_geometry.txt,1891,262,a873ba825d7445d1dfb56c0b40133dace1d636313aea94b824415f763eae5b7c
5e31266f9509,Equipment,Geometry,Prompts/Equipment/Meshy/BaseGeometry/equipment_light_boots_t04_base_geometry.txt,1857,255,64886e787e82467b7c5a556a8f5f380c71c00d27af226aa23eb4adbdc51fe289
4c931df50009,Equipment,Geometry,Prompts/Equipment/Meshy/BaseGeometry/equipment_light_boots_t05_base_geometry.txt,1894,261,87d54aea20bde90e60d0ef59323aee8fc90f919c835668da772fb82a3009f82e
b5a028e24a6d,Equipment,Geometry,Prompts/Equipment/Meshy/BaseGeometry/equipment_light_boots_t06_base_geometry.txt,1882,260,b4afe8327798e41f1a4e71ca34748a4cd4a3a75efc8e55a7d5ad57084f097ad1
de5659a0d66d,Equipment,Geometry,Prompts/Equipment/Meshy/BaseGeometry/equipment_light_boots_t07_base_geometry.txt,1896,263,f5d5fd0138e4fa1be404ff7975ec4a006e3bbdae5bc882fe73d1968897323ad3
597119fc6997,Equipment,Geometry,Prompts/Equipment/Meshy/BaseGeometry/equipment_light_boots_t08_base_geometry.txt,1883,260,2c0a3d1f400643e1e249bd8598fdce74f9ce89da0312fbf1323ca0bb2d47f333
a638ef76b891,Equipment,Geometry,Prompts/Equipment/Meshy/BaseGeometry/equipment_light_boots_t09_base_geometry.txt,1897,262,af57720ce27a8f7c44d544bb742d51904acd0e4d088d777b55b86b102cfdd291
da0937041721,Equipment,Geometry,Prompts/Equipment/Meshy/BaseGeometry/equipment_light_chest_t01_base_geometry.txt,1897,262,bf793b83e502e86d10b2b73995b5dc1aa6b1fdabefdcc9c68ef2f20837bfeec1
8f8085e286dd,Equipment,Geometry,Prompts/Equipment/Meshy/BaseGeometry/equipment_light_chest_t02_base_geometry.txt,1909,261,41ee4e9a14332e7137c592d1c6322bcfef690e8babcb4aa02ac17ff69d7232ae
c6f819bbf250,Equipment,Geometry,Prompts/Equipment/Meshy/BaseGeometry/equipment_light_chest_t03_base_geometry.txt,1909,263,ffd5ee0f58ba389fd483b067d51e1065aad78a7486b03e2a80b98044bbf71046
30ef1ebe9a4e,Equipment,Geometry,Prompts/Equipment/Meshy/BaseGeometry/equipment_light_chest_t04_base_geometry.txt,1875,256,2b085af5b79804c48b41c1d9b1f185d5a55adfb59c113712960ca496ea5fc8ee
c7eeb71b164f,Equipment,Geometry,Prompts/Equipment/Meshy/BaseGeometry/equipment_light_chest_t05_base_geometry.txt,1912,262,6164b9a6967f8d23aac06bb6bf31561683e7ac19570996aec369186f6e6d4e4b
49db5575dfdd,Equipment,Geometry,Prompts/Equipment/Meshy/BaseGeometry/equipment_light_chest_t06_base_geometry.txt,1900,261,12af634ab7732954a31b2ba0e7b50a3ff6f44b1a1ad7f83f4cbe571b9e0aec8f
9128955c3f7f,Equipment,Geometry,Prompts/Equipment/Meshy/BaseGeometry/equipment_light_chest_t07_base_geometry.txt,1914,264,115aee11ed21687bfba0efedcaa312d550b236ee0324c6a84b054b6723a5731a
f510c3edb6d3,Equipment,Geometry,Prompts/Equipment/Meshy/BaseGeometry/equipment_light_chest_t08_base_geometry.txt,1901,261,810cc95d4c19132da29c76cd61ee7013a96ff93b1bc7836de144d9f6c8830fc2
0455f8f273db,Equipment,Geometry,Prompts/Equipment/Meshy/BaseGeometry/equipment_light_chest_t09_base_geometry.txt,1915,263,2d792703fc4d9708c2dbb828fd4874acc36ccd90a2cc71a51f03f70134ed0fd8
905ac24c1a9a,Equipment,Geometry,Prompts/Equipment/Meshy/BaseGeometry/equipment_light_gloves_t01_base_geometry.txt,1877,259,6bdb7439e838d5ba48c488e204be2a5e57e4fa4c79bccbe80e55593b95c239c7
d1449a2049d8,Equipment,Geometry,Prompts/Equipment/Meshy/BaseGeometry/equipment_light_gloves_t02_base_geometry.txt,1889,258,6d0426d94d050022c014eaa2d10979dc4512bcd08a4f44279866f8657094eec1
4dcb91c7fc05,Equipment,Geometry,Prompts/Equipment/Meshy/BaseGeometry/equipment_light_gloves_t03_base_geometry.txt,1889,260,0a340b54b1bada6a27f163928061577bcaeeb35cc5612fb75227681ee7bd3123
32d7225338a9,Equipment,Geometry,Prompts/Equipment/Meshy/BaseGeometry/equipment_light_gloves_t04_base_geometry.txt,1855,253,2c58d4f3784125cbad07de0a37b26ceffa159c2ec1ed2ca8d989711a145f88e8
9af6af0c0ddf,Equipment,Geometry,Prompts/Equipment/Meshy/BaseGeometry/equipment_light_gloves_t05_base_geometry.txt,1892,259,5e645b7c706bec26d8b8e0acd24dad34af9df174445aafdef4a3821bbdf72f38
1b0c3ed83e7e,Equipment,Geometry,Prompts/Equipment/Meshy/BaseGeometry/equipment_light_gloves_t06_base_geometry.txt,1880,258,06240377a75535a945a5153133056c7a9eee8baa4edefe012238aa60ff29e538
49e2bff0f94b,Equipment,Geometry,Prompts/Equipment/Meshy/BaseGeometry/equipment_light_gloves_t07_base_geometry.txt,1894,261,641fc2550a6c231deb296529852e1aec8d4f79b408c35721b797d9bbdf940f39
0b165acef2f7,Equipment,Geometry,Prompts/Equipment/Meshy/BaseGeometry/equipment_light_gloves_t08_base_geometry.txt,1881,258,03407cc2a015cfae994b5a79cd8d06eb060e55ab5ee2a05fa0d7d5aff640e0b0
f7894373df9a,Equipment,Geometry,Prompts/Equipment/Meshy/BaseGeometry/equipment_light_gloves_t09_base_geometry.txt,1895,260,400cb349b78bcf359db2b4e323d53d2544949c0c489a179d1591b0f026175151
098b4802123f,Equipment,Geometry,Prompts/Equipment/Meshy/BaseGeometry/equipment_light_hood_t01_base_geometry.txt,1889,263,7b3c6e272b3cdb7c651cd0afef42e8eb44665577518190b550cb67fdb7690d22
ac9a9e5ac3a8,Equipment,Geometry,Prompts/Equipment/Meshy/BaseGeometry/equipment_light_hood_t02_base_geometry.txt,1901,262,de8434c74d2a53010ef70fd301f926d053bb5ad16ea9eaaa36f5db358161067d
af736826055c,Equipment,Geometry,Prompts/Equipment/Meshy/BaseGeometry/equipment_light_hood_t03_base_geometry.txt,1901,264,f9f744aa96e14770d9ecaaa651ee6dd7554238958278f9b66338ec3f099bb8cb
06406dd9bcb7,Equipment,Geometry,Prompts/Equipment/Meshy/BaseGeometry/equipment_light_hood_t04_base_geometry.txt,1867,257,623e3615ac6456e943f1368782588763bdd56e8d80dcfb224699d228ba7103f7
c0144dffb05a,Equipment,Geometry,Prompts/Equipment/Meshy/BaseGeometry/equipment_light_hood_t05_base_geometry.txt,1904,263,3a4050c5416e718dd89358a9e852002efc759f425464d03ae4aef5acd0ae66e3
c3df4060633e,Equipment,Geometry,Prompts/Equipment/Meshy/BaseGeometry/equipment_light_hood_t06_base_geometry.txt,1892,262,705724dc07cece2ab97ee01a1495ebf359d5b7814ddc622ffa05ad2423087fe6
cb236a968cb1,Equipment,Geometry,Prompts/Equipment/Meshy/BaseGeometry/equipment_light_hood_t07_base_geometry.txt,1906,265,1f8f67cad027599cfaa4be87bd27522f0692cc8cab95322db04585234ab563c0
35a53306fed7,Equipment,Geometry,Prompts/Equipment/Meshy/BaseGeometry/equipment_light_hood_t08_base_geometry.txt,1893,262,fc9e588f86e7733c5d60bdf31aef8189a9fdcb815b85d556830be96bc92192cd
3a724eb3c9f5,Equipment,Geometry,Prompts/Equipment/Meshy/BaseGeometry/equipment_light_hood_t09_base_geometry.txt,1907,264,fbaff48697fa3a04917ed3f8a894a525187e99040d05e3c0737d6c75752ed746
fceaf9cf7839,Equipment,Geometry,Prompts/Equipment/Meshy/BaseGeometry/equipment_longbow_t01_base_geometry.txt,1861,259,0726272a595706a9ae3f5a2845872f24e61f5f08bf457aae0912e8e03a049851
58b8a84969d1,Equipment,Geometry,Prompts/Equipment/Meshy/BaseGeometry/equipment_longbow_t02_base_geometry.txt,1861,258,46e8ab67d68ab1839e479d3f94b2aa4de9894638b674e838d2b3ccc71709d878
ce5d3081b37a,Equipment,Geometry,Prompts/Equipment/Meshy/BaseGeometry/equipment_longbow_t03_base_geometry.txt,1884,261,ea03d96050b3d84fbd167697912c3e6c5e6e967a701a3adde715b1df0fc80cb9
79af783367d5,Equipment,Geometry,Prompts/Equipment/Meshy/BaseGeometry/equipment_longbow_t04_base_geometry.txt,1855,257,b9c3a1b5b56ca89f26a3d7b88284c8a9db58c084b1a35495e4f36f44a39c1224
c80b6165ab5d,Equipment,Geometry,Prompts/Equipment/Meshy/BaseGeometry/equipment_longbow_t05_base_geometry.txt,1891,262,4e8db6d204e9513a95d10c51dee94b44c57a01856a0f61aa3a5ffb1d7ace24b4
2aba806038b1,Equipment,Geometry,Prompts/Equipment/Meshy/BaseGeometry/equipment_longbow_t06_base_geometry.txt,1900,264,ca2a9f034b87974f248d6dd1d04a8b13022cbb3240ca9fd6f250ffb668f633cb
804ac5b1d4e3,Equipment,Geometry,Prompts/Equipment/Meshy/BaseGeometry/equipment_longbow_t07_base_geometry.txt,1883,262,ad39ba1f4389946a0b461ddaa539e184f1c4ece04a7e1580f8f49912da121a09
10808ec48775,Equipment,Geometry,Prompts/Equipment/Meshy/BaseGeometry/equipment_longbow_t08_base_geometry.txt,1887,261,c24cfd239a6bb3a8ab18c51725b466fea4be6cafb7421044104efd12f0cc8fbf
2667d51c2f19,Equipment,Geometry,Prompts/Equipment/Meshy/BaseGeometry/equipment_longbow_t09_base_geometry.txt,1902,263,4543410456ffdba876e4a62f24d71b573adb0cf18b6f071098928e6f4a10b6e1
648a3fb3cb52,Equipment,Geometry,Prompts/Equipment/Meshy/BaseGeometry/equipment_ring_t01_base_geometry.txt,1872,260,b2259a4df495ad82bc2e3730bcb544ef10543a9b6cb54a429f73efe50c529c65
54c6358b4794,Equipment,Geometry,Prompts/Equipment/Meshy/BaseGeometry/equipment_ring_t02_base_geometry.txt,1885,258,9cc2d0f817c50dddd768d334f2987260e1cd712ee738b7b32c710ed2b4ced60f
71c04b291237,Equipment,Geometry,Prompts/Equipment/Meshy/BaseGeometry/equipment_ring_t03_base_geometry.txt,1898,262,feee90db799cb3bfba4c461ded660947ec0d5f31b1aee74e7022055e33dbeb23
bfa751706fdc,Equipment,Geometry,Prompts/Equipment/Meshy/BaseGeometry/equipment_ring_t04_base_geometry.txt,1839,253,fc7f96618fea58313d36f3e6b195bd4da2ff576dd75d9a8efa07f93a23b4b6e3
b99d9b8fcb7a,Equipment,Geometry,Prompts/Equipment/Meshy/BaseGeometry/equipment_ring_t05_base_geometry.txt,1905,262,52c60c4cb0c36090d5e7b8a58c7bdde8dc166245e45e87823204dd64f9da7bdd
4159830b37a3,Equipment,Geometry,Prompts/Equipment/Meshy/BaseGeometry/equipment_ring_t06_base_geometry.txt,1902,261,66fed7173db8ea2245d81c901b037b0a317036fad2eb527fd098f448af02044a
65f53c6ef6c8,Equipment,Geometry,Prompts/Equipment/Meshy/BaseGeometry/equipment_ring_t07_base_geometry.txt,1908,265,87db3d7d0b456edea0f143fb732b3d15296f2257d06b84eac64a4025c00c4521
eefb439255d9,Equipment,Geometry,Prompts/Equipment/Meshy/BaseGeometry/equipment_ring_t08_base_geometry.txt,1884,260,2b3bb9bf5863221b37324cce18a0c942205aeba32a1c3b376ba45ccc340269d7
bb0424a046de,Equipment,Geometry,Prompts/Equipment/Meshy/BaseGeometry/equipment_ring_t09_base_geometry.txt,1913,264,72ce9e95ab4a150a69aea9375a33b1cff44b64a4d748d8d94b92d78730a64807
6a64549315b2,Equipment,Geometry,Prompts/Equipment/Meshy/BaseGeometry/equipment_shield_t01_base_geometry.txt,1870,261,3307f4562203b2acd35cb976866ae849178ebffa51e47ea2be826bca14191d98
f1986b197310,Equipment,Geometry,Prompts/Equipment/Meshy/BaseGeometry/equipment_shield_t02_base_geometry.txt,1880,259,dfcbbe0163337832e98dc00c255e1107dd3396bb17029cf0d147a1817672c44b
d07619364612,Equipment,Geometry,Prompts/Equipment/Meshy/BaseGeometry/equipment_shield_t03_base_geometry.txt,1891,262,20b2ef68c0c1b846db3f067488474d7a6d6f1d769536b2a05ec68275391a7756
de4f82a56e4f,Equipment,Geometry,Prompts/Equipment/Meshy/BaseGeometry/equipment_shield_t04_base_geometry.txt,1860,257,e47322d393e863b4e15bfdecb4fb0389373554a2dc59f0d2c4bb4fb3a37218b3
343a704a3a85,Equipment,Geometry,Prompts/Equipment/Meshy/BaseGeometry/equipment_shield_t05_base_geometry.txt,1896,262,954c77e7042f6249f48000f5b1e7761752fb79e23e7d98b3e1000188b5d3b8f2
ce5d834ee605,Equipment,Geometry,Prompts/Equipment/Meshy/BaseGeometry/equipment_shield_t06_base_geometry.txt,1888,261,c480c7cea08387b915701b529e2165e96e35f62494145b9528af5d3583d7302e
06e1bb7ac6ec,Equipment,Geometry,Prompts/Equipment/Meshy/BaseGeometry/equipment_shield_t07_base_geometry.txt,1898,264,54af99fb4e93e55dc82dd481159ab7f29566a82de3a0fa0bc3e9d25e95867dac
cc0d6217bcff,Equipment,Geometry,Prompts/Equipment/Meshy/BaseGeometry/equipment_shield_t08_base_geometry.txt,1883,261,01f316bc293b8786e04a636f268279ef59d02a7f9c05406c3fec7cb14743dc20
699a1b617100,Equipment,Geometry,Prompts/Equipment/Meshy/BaseGeometry/equipment_shield_t09_base_geometry.txt,1903,264,a37f825abc4ad384cc38dad0e12be7edfee39bddf94f1aa79b1dd500882e1b8b
747baf5fc60a,Equipment,Geometry,Prompts/Equipment/Meshy/BaseGeometry/equipment_staff_t01_base_geometry.txt,1874,259,933fe53d9bd276568dca2f418952892e7fa18e9c04de19d1c4e448e76b6897bd
da98550670bc,Equipment,Geometry,Prompts/Equipment/Meshy/BaseGeometry/equipment_staff_t02_base_geometry.txt,1877,258,2d7e35231ba9d27e348f8c0305f782bf9a7ea24b72d70177c764d8effe8a3b11
5bf57a22e344,Equipment,Geometry,Prompts/Equipment/Meshy/BaseGeometry/equipment_staff_t03_base_geometry.txt,1902,262,a3c3ae1cda9c0407027386c59ff2de565552c6d6f68587bb2ed7b5150a01295c
bd031f58bf90,Equipment,Geometry,Prompts/Equipment/Meshy/BaseGeometry/equipment_staff_t04_base_geometry.txt,1845,254,1919c6f8c84a3149bde2aa4d88d3f5621e6cf5005bca3cf97505d1f2de5aaaa6
3fd420c4f94f,Equipment,Geometry,Prompts/Equipment/Meshy/BaseGeometry/equipment_staff_t05_base_geometry.txt,1911,263,40ef44c2c73904225eded074ed2d53d7b8cc1631b6ce889b8cf6d233fc442f39
d04c8a70f860,Equipment,Geometry,Prompts/Equipment/Meshy/BaseGeometry/equipment_staff_t06_base_geometry.txt,1925,265,1ab2ff8d8bfe36f9c97835293504dceea93c6e0ac325af6351316543854e43e7
0b104579b2e7,Equipment,Geometry,Prompts/Equipment/Meshy/BaseGeometry/equipment_staff_t07_base_geometry.txt,1904,264,7845047106e4da594f1b3c0d05665aeb77b5820781778287b3d4a1e736b633d6
cb061b1f9b67,Equipment,Geometry,Prompts/Equipment/Meshy/BaseGeometry/equipment_staff_t08_base_geometry.txt,1899,261,8ae6a8482a97d208dc970253c06c9bf951d0d60941e36e2eff93b7732edf81a6
13069640ce2f,Equipment,Geometry,Prompts/Equipment/Meshy/BaseGeometry/equipment_staff_t09_base_geometry.txt,1923,264,b8dd920e412863f053bfff90923509d6be62cbc681d1a90e2cb8cba219c8d714
ccc6cb664b1e,Equipment,Geometry,Prompts/Equipment/Meshy/BaseGeometry/equipment_sword_1h_t01_base_geometry.txt,1877,259,87342f58686236cefd6fd5c5f6516ea50c8e51024a93cc1b68626bb61806ecda
e3e6905b9899,Equipment,Geometry,Prompts/Equipment/Meshy/BaseGeometry/equipment_sword_1h_t02_base_geometry.txt,1887,257,34eaea3a107ff6bf9f5032c158281b640885054539b8ecaa4610df94802256e5
4dc39aea301b,Equipment,Geometry,Prompts/Equipment/Meshy/BaseGeometry/equipment_sword_1h_t03_base_geometry.txt,1898,260,b71ea0aa152cfea3734fd0e44c7ff3df11ca0c3165fc6f9561ccd262eb52156d
a41c32f44159,Equipment,Geometry,Prompts/Equipment/Meshy/BaseGeometry/equipment_sword_1h_t04_base_geometry.txt,1867,255,c2bbb19b92748d90387f6cdfdc7ad2c51d78a3e4cd6e4bcb5001bf13aa93ada3
e5a5e10c1629,Equipment,Geometry,Prompts/Equipment/Meshy/BaseGeometry/equipment_sword_1h_t05_base_geometry.txt,1903,260,cad2e126eb2079c79b0fc916add24f345fc49c8c903f2b732f32aeb9b90f104d
08e3a7cc646c,Equipment,Geometry,Prompts/Equipment/Meshy/BaseGeometry/equipment_sword_1h_t06_base_geometry.txt,1895,259,9c575a6bedb8b986d439a7487df01d4120125422a96e5c22ec72500ada466b52
b7ada33f2276,Equipment,Geometry,Prompts/Equipment/Meshy/BaseGeometry/equipment_sword_1h_t07_base_geometry.txt,1905,262,20deaf51298810cbbc54bee87bca957011b6fbc60c1aa54b7093ff91649dd3ce
06a3f1b14ea7,Equipment,Geometry,Prompts/Equipment/Meshy/BaseGeometry/equipment_sword_1h_t08_base_geometry.txt,1890,259,4a325b0079a2b8c1832672c1ce93be1f7f02953e9c0a86eb9bb6eb12964ade84
e6b6e72bf5d8,Equipment,Geometry,Prompts/Equipment/Meshy/BaseGeometry/equipment_sword_1h_t09_base_geometry.txt,1910,262,5c4d112834bea559aa0ba086168c04b248cae55aec585d390b797c01d67c6a34
bbadd33e2a3c,Equipment,Texture,Prompts/Equipment/TextureVariants/equipment_amulet_t01_base_rarity_variants.txt,4528,641,628d649bdf530a129651b2839f712ad87ae93a5b983022d7194ae0157158ad7c
a4834c6ede33,Equipment,Texture,Prompts/Equipment/TextureVariants/equipment_amulet_t02_base_rarity_variants.txt,4597,634,fcb115a2a55d7b7acbb756bb29caeb53dbb1fbf36d320bc60e39ac7baa5b5d3b
3546d8b036fd,Equipment,Texture,Prompts/Equipment/TextureVariants/equipment_amulet_t03_base_rarity_variants.txt,4602,634,85ad8db09a868168caf85d92a2fed00944dd3d5fec5a7ac7fcfc51a61d8170a7
53e1c482b1c6,Equipment,Texture,Prompts/Equipment/TextureVariants/equipment_amulet_t04_base_rarity_variants.txt,4401,613,998165c8cc138954d4ce7c4ffe7a90e3db29c92cf293622f08569eb256a0b113
e1d1d05fdaa9,Equipment,Texture,Prompts/Equipment/TextureVariants/equipment_amulet_t05_base_rarity_variants.txt,4599,634,ab84b6099237a7ae4f710add2cf1add329dc77097752976f5e6ab9857db960c5
9e645282d163,Equipment,Texture,Prompts/Equipment/TextureVariants/equipment_amulet_t06_base_rarity_variants.txt,4633,634,49ce0981030307c772fe49c9d4cdcc620e800d1e7f49795646111983dc9b4d70
ca0c71d1be1a,Equipment,Texture,Prompts/Equipment/TextureVariants/equipment_amulet_t07_base_rarity_variants.txt,4561,641,14ae6a720887e7be37b97f96ff4814ea8abd7a17c42cebdc3b70c4945bda038a
a403ab53052c,Equipment,Texture,Prompts/Equipment/TextureVariants/equipment_amulet_t08_base_rarity_variants.txt,4508,627,b1009eed6a62bf10f485f1a29a86a2322f5882138f78d1d41395a14d8dbc508c
6a24a20a4d29,Equipment,Texture,Prompts/Equipment/TextureVariants/equipment_amulet_t09_base_rarity_variants.txt,4605,641,270a0fb0eb55c367fac490a821c4113d42454ae5d92a08095ffd94f875eef9e3
71d327d0b8ec,Equipment,Texture,Prompts/Equipment/TextureVariants/equipment_cloth_boots_t01_base_rarity_variants.txt,4504,635,1005ef5912d0b9e45c1671a79e5db23694aca5486dd08bfe19f0b6646ebf4b61
3cc3df801492,Equipment,Texture,Prompts/Equipment/TextureVariants/equipment_cloth_boots_t02_base_rarity_variants.txt,4587,635,2f83e94b1ee402d0d24d8e12d313ba9f8072339b9050e3380f57fbdf2d31b2ba
09dc80da438a,Equipment,Texture,Prompts/Equipment/TextureVariants/equipment_cloth_boots_t03_base_rarity_variants.txt,4515,628,b715c021e2b804595f21dcf8a0c7522111b8029c3741cbe1be7aec676cbf3d6f
2fdb112149bb,Equipment,Texture,Prompts/Equipment/TextureVariants/equipment_cloth_boots_t04_base_rarity_variants.txt,4293,593,b1401a040781242a34dd442b95bd7fc7d46917aaf38cf1ac309b5f30ff7f202f
379a5a7fd458,Equipment,Texture,Prompts/Equipment/TextureVariants/equipment_cloth_boots_t05_base_rarity_variants.txt,4498,621,5512654e413aa9041d8588fd955e0de0566d0725485178cd9cc3cb07bd303058
4f2e61588588,Equipment,Texture,Prompts/Equipment/TextureVariants/equipment_cloth_boots_t06_base_rarity_variants.txt,4504,621,887f93de657849b243458a873976d7dd1ffe29bbb8f44f7014a0e5bec741d0c2
6bd833cfff8d,Equipment,Texture,Prompts/Equipment/TextureVariants/equipment_cloth_boots_t07_base_rarity_variants.txt,4460,628,bfaa5130178bc126ef7f53f13449a592af0d9aa633947aa07e41d567d866dbed
f68c7c1fda15,Equipment,Texture,Prompts/Equipment/TextureVariants/equipment_cloth_boots_t08_base_rarity_variants.txt,4421,614,f3273a6abce13f7da9eba70318b59df9f00309562eaadc4fc90aa7cfe7e10b2b
137aede577d0,Equipment,Texture,Prompts/Equipment/TextureVariants/equipment_cloth_boots_t09_base_rarity_variants.txt,4476,621,3483894b83d82d111701adc5b8611052cc0704948afb04a8a65959a802132e0b
dbb1ac9de688,Equipment,Texture,Prompts/Equipment/TextureVariants/equipment_cloth_gloves_t01_base_rarity_variants.txt,4506,635,a29c4269efff1e016d088ed1aaf2abfb371c28e42a23be496faac6087225ac23
754da0496a5a,Equipment,Texture,Prompts/Equipment/TextureVariants/equipment_cloth_gloves_t02_base_rarity_variants.txt,4589,635,e263dd5c75085072fc59e635790b35c3906655ca98b546b5db8b80459ae4c1ba
356971d79b3c,Equipment,Texture,Prompts/Equipment/TextureVariants/equipment_cloth_gloves_t03_base_rarity_variants.txt,4517,628,4565c7171fafbcd0ab480210346cb0aa6789a63f1e44dfd69951bb68bf35d4eb
0b470a5702cb,Equipment,Texture,Prompts/Equipment/TextureVariants/equipment_cloth_gloves_t04_base_rarity_variants.txt,4295,593,0ff0b51de95565c58a4e6f6ca615397dfc2b659c8eeecc866e673118ed3701f6
2fc39813cf86,Equipment,Texture,Prompts/Equipment/TextureVariants/equipment_cloth_gloves_t05_base_rarity_variants.txt,4500,621,544d17bd5287aa1770b0f0028a48bdf7ae09c59ef8add1aaeb5cf55159351a35
60ea22632160,Equipment,Texture,Prompts/Equipment/TextureVariants/equipment_cloth_gloves_t06_base_rarity_variants.txt,4506,621,2a5d2334f7646b3e84e72e167e0522e8d9077e4f88a7b686a37fd16b19a9f61c
847a890afca6,Equipment,Texture,Prompts/Equipment/TextureVariants/equipment_cloth_gloves_t07_base_rarity_variants.txt,4462,628,c9fb6849a7143f7cca354481fb3f8871484d569d6444999afa8a15d3d1872a15
180f76b44682,Equipment,Texture,Prompts/Equipment/TextureVariants/equipment_cloth_gloves_t08_base_rarity_variants.txt,4423,614,3469601698982fe277846e862c57560580109f07aafe671a8d3fae5a9640f2f3
7fcf0d8f9f9e,Equipment,Texture,Prompts/Equipment/TextureVariants/equipment_cloth_gloves_t09_base_rarity_variants.txt,4478,621,af90e2905514b68ab87464bc04573a08b4dea6f6b37141145e93afa93ad72d4b
ff73bb0777fe,Equipment,Texture,Prompts/Equipment/TextureVariants/equipment_cloth_hood_t01_base_rarity_variants.txt,4502,635,6ad9bc19ec20981d23c11d5ea7b0fd159e02ad1a90ddd0ffceb53a278cd3e982
c5edee00a6fe,Equipment,Texture,Prompts/Equipment/TextureVariants/equipment_cloth_hood_t02_base_rarity_variants.txt,4585,635,e4bc72962bd456890c4e303e36d127eadff631d6f139b936875bae25f2691537
6e660732aed4,Equipment,Texture,Prompts/Equipment/TextureVariants/equipment_cloth_hood_t03_base_rarity_variants.txt,4513,628,e3650ca465fec5d6dc09aa8b53e69efe75e492343ad71b62ae3535f4ebdeccbe
fa1fd6b5f737,Equipment,Texture,Prompts/Equipment/TextureVariants/equipment_cloth_hood_t04_base_rarity_variants.txt,4291,593,d4f4643358e9f909be0a9f17d4e8a13c047f70026b23c1dfe448d15d96c677d3
9bec8571a215,Equipment,Texture,Prompts/Equipment/TextureVariants/equipment_cloth_hood_t05_base_rarity_variants.txt,4496,621,cfbb756209552f3dee3a5d7eadc40a3e7ee65f84c8185f4c123a86dacf386d5e
3fe4f4c9cdf8,Equipment,Texture,Prompts/Equipment/TextureVariants/equipment_cloth_hood_t06_base_rarity_variants.txt,4502,621,55c62d83602a4c7e436e955646c59b067ef7198718611da114b7049c39c92228
28fbae07a625,Equipment,Texture,Prompts/Equipment/TextureVariants/equipment_cloth_hood_t07_base_rarity_variants.txt,4458,628,16775bfb403e436e6e63bf9e94286fe1d93008aa80ff46411c1b3f19b3702ce0
ce0fb9388302,Equipment,Texture,Prompts/Equipment/TextureVariants/equipment_cloth_hood_t08_base_rarity_variants.txt,4419,614,4fd948d8cc12335c8f6db49b6b925f935e3fd592b1c4616e79b8a5564a360544
55e0cd5641b3,Equipment,Texture,Prompts/Equipment/TextureVariants/equipment_cloth_hood_t09_base_rarity_variants.txt,4474,621,75b6bb0c4a505fdb2a3f3d36ccbc7e104c2e8d4178aca6a523de2311dd64136e
25c01b3db615,Equipment,Texture,Prompts/Equipment/TextureVariants/equipment_cloth_robe_t01_base_rarity_variants.txt,4502,635,8ac95d9781631e77e1520e3d017ca2dffe7aa46354f5a33a8c36fc9d3f78ae55
50c9ce6c1655,Equipment,Texture,Prompts/Equipment/TextureVariants/equipment_cloth_robe_t02_base_rarity_variants.txt,4585,635,4af3dc95564ebfa8a914cca84c6259846633db32b8e21ab5fcb914643016d76a
79f707827314,Equipment,Texture,Prompts/Equipment/TextureVariants/equipment_cloth_robe_t03_base_rarity_variants.txt,4513,628,04890fa63db0bbf0feeffd02628739d8c4cb5ed246cb07a504561254e6910ef9
120584c8f268,Equipment,Texture,Prompts/Equipment/TextureVariants/equipment_cloth_robe_t04_base_rarity_variants.txt,4291,593,fb6830f7c491a705f4f76b76af47861454257cbe3561297cb7563a19945af861
fb0deee5321f,Equipment,Texture,Prompts/Equipment/TextureVariants/equipment_cloth_robe_t05_base_rarity_variants.txt,4496,621,2cf4575ebbd4087ff5a586204a9934b2163b82c0d8274eb5e2c5a6b0aea3778c
80881a129e5f,Equipment,Texture,Prompts/Equipment/TextureVariants/equipment_cloth_robe_t06_base_rarity_variants.txt,4502,621,ac8a762b5bec89141dcfbe74445915e403d3659a5678b5b03fee6a86571368e1
8f4b00a92023,Equipment,Texture,Prompts/Equipment/TextureVariants/equipment_cloth_robe_t07_base_rarity_variants.txt,4458,628,9be94d7a95d02d624734c660080aa69d03d34e579c7e0668eb73a844a989f5d7
8785c0abb6ef,Equipment,Texture,Prompts/Equipment/TextureVariants/equipment_cloth_robe_t08_base_rarity_variants.txt,4419,614,0f6c7f8ed34ec6361aa3b52510f1c3f6a751aa6e8e52db665549ba7fca38c72c
8610f8d88bc7,Equipment,Texture,Prompts/Equipment/TextureVariants/equipment_cloth_robe_t09_base_rarity_variants.txt,4474,621,b3e913da89658c8f6704c755a40cf7489688545ccdb30c9770be5b9008975d35
390122691a03,Equipment,Texture,Prompts/Equipment/TextureVariants/equipment_heavy_boots_t01_base_rarity_variants.txt,4664,663,fe9a31f16a3c8259ef13d85c7a85e1ff7c2c3bf9a5d56ecb00cb2087215ac5c4
c4473681ac95,Equipment,Texture,Prompts/Equipment/TextureVariants/equipment_heavy_boots_t02_base_rarity_variants.txt,4726,649,8082f7477c501df55e891642338d0dfb6588cc887722817ed43e97e7e1daa3a2
6b5852851cb7,Equipment,Texture,Prompts/Equipment/TextureVariants/equipment_heavy_boots_t03_base_rarity_variants.txt,4752,649,98422fc85eb4d6674a8c99f39ca7e87baf99edeca82d7a3a848001f50e0d421f
5ec4bc8b7e70,Equipment,Texture,Prompts/Equipment/TextureVariants/equipment_heavy_boots_t04_base_rarity_variants.txt,4551,628,eb3b961360a11789e5864f7bd330dfc702f930250236302c9bcb2b4b1a70a5ab
da6eeee5c4cb,Equipment,Texture,Prompts/Equipment/TextureVariants/equipment_heavy_boots_t05_base_rarity_variants.txt,4721,649,959fe8bfac86df11a5441990120a089ce99a6cc241e355c33c8cfaeb680b30e6
0a07e08a807f,Equipment,Texture,Prompts/Equipment/TextureVariants/equipment_heavy_boots_t06_base_rarity_variants.txt,4741,649,04502484febf85165b0b4bbc7d82284743d1b58426ada9bd94cdc9da338282ca
f22f8d0e169d,Equipment,Texture,Prompts/Equipment/TextureVariants/equipment_heavy_boots_t07_base_rarity_variants.txt,4669,656,c586e1ae90e7ee65d42a78f9059e0ab295691a50476a37dd87a35c9a6b206747
662ca38911bf,Equipment,Texture,Prompts/Equipment/TextureVariants/equipment_heavy_boots_t08_base_rarity_variants.txt,4609,642,ec132383dd04f2aaca2e18e2466f8de8c46e5ea68773830a4b7c3ce596a35d91
714dec6fcc6c,Equipment,Texture,Prompts/Equipment/TextureVariants/equipment_heavy_boots_t09_base_rarity_variants.txt,4713,656,b23920318f32fcae23906e70822f59a3935440d465ddb3a87c1b9a7f718634e3
68dafe32364c,Equipment,Texture,Prompts/Equipment/TextureVariants/equipment_heavy_chest_t01_base_rarity_variants.txt,4670,664,d0c279f51646a73ab37dabc3642d7674ce87469c09a23b49d3511972760decf7
682b0296b3b6,Equipment,Texture,Prompts/Equipment/TextureVariants/equipment_heavy_chest_t02_base_rarity_variants.txt,4732,650,c2ac72e253f30574d4759564ab893d401f1ecfc83a5d6236b035edb87745d23f
1f99d87e7d8c,Equipment,Texture,Prompts/Equipment/TextureVariants/equipment_heavy_chest_t03_base_rarity_variants.txt,4758,650,dd3ef0fd3c162107d6521cf9483635407bd3f83500b652424c6df0e33b0fd1bb
1c699bf4b695,Equipment,Texture,Prompts/Equipment/TextureVariants/equipment_heavy_chest_t04_base_rarity_variants.txt,4557,629,f069a755accd8310ab69ba9f3dd1625274774db6024c4075d7981a1c6fc0a7e9
95789e2d4932,Equipment,Texture,Prompts/Equipment/TextureVariants/equipment_heavy_chest_t05_base_rarity_variants.txt,4727,650,594e1b6fd67172dabdeaaf2e0ea4dad14359e82784f4034f0dabbd28e723cd9a
f51f584e9bd7,Equipment,Texture,Prompts/Equipment/TextureVariants/equipment_heavy_chest_t06_base_rarity_variants.txt,4747,650,e5f6ea7b5c4c8e47333b1c02f4f0b928e17504fb14e02df3be6972b0aa283c62
80a7429f6207,Equipment,Texture,Prompts/Equipment/TextureVariants/equipment_heavy_chest_t07_base_rarity_variants.txt,4675,657,c5826ddd7b09fd5271c3426138a581b7f84801f9d27529ccb0223084700d369a
77bee80be63e,Equipment,Texture,Prompts/Equipment/TextureVariants/equipment_heavy_chest_t08_base_rarity_variants.txt,4615,643,fca67a0492079680f420460240584e8b5f8c5453f60b6138b76d581b978ace93
357b45628c7f,Equipment,Texture,Prompts/Equipment/TextureVariants/equipment_heavy_chest_t09_base_rarity_variants.txt,4719,657,cb213448f1cf978b14f014040a46153623269a9953f010102f544fbf1867c74d
6d21a00bd7cd,Equipment,Texture,Prompts/Equipment/TextureVariants/equipment_heavy_gloves_t01_base_rarity_variants.txt,4669,663,6ba530fc7b5116ad6e27319c0f2e301bff65007048c12ce0bdd1cfdd0ed76c19
386be54d225d,Equipment,Texture,Prompts/Equipment/TextureVariants/equipment_heavy_gloves_t02_base_rarity_variants.txt,4731,649,7abeed3a7ecded8c972438874cc141c85942a0e86f5a5b4ad2f55728895cf2e1
af3f1416745b,Equipment,Texture,Prompts/Equipment/TextureVariants/equipment_heavy_gloves_t03_base_rarity_variants.txt,4757,649,7218be4c37a7d531fa4af629930ff1c3f52dfd50f999bbcea9c5f9058a5be262
27b63488cc2f,Equipment,Texture,Prompts/Equipment/TextureVariants/equipment_heavy_gloves_t04_base_rarity_variants.txt,4556,628,f89cb6c6cd90a6091e52b864e606f4edf794363615f3fdb4b4fcafadf8b77689
509e2cf103d1,Equipment,Texture,Prompts/Equipment/TextureVariants/equipment_heavy_gloves_t05_base_rarity_variants.txt,4726,649,447bdd408d0003863495577b71faeb17bf7085a7c82e5b973909d52d8e908a38
545480584712,Equipment,Texture,Prompts/Equipment/TextureVariants/equipment_heavy_gloves_t06_base_rarity_variants.txt,4746,649,839042d18142bec772dd6bb9e003ac3c6b1130168a8e3ffeb01f6628a10f869c
ae7239cbafb2,Equipment,Texture,Prompts/Equipment/TextureVariants/equipment_heavy_gloves_t07_base_rarity_variants.txt,4674,656,37eda81983f0bdc47f073e67036a0120c581462de20db90eb885ec913a32252d
922070561341,Equipment,Texture,Prompts/Equipment/TextureVariants/equipment_heavy_gloves_t08_base_rarity_variants.txt,4614,642,b948d050ec377a8d69f92dcedb65d59372862050eb666a4241d5fea0bf5dd239
308afd03fe6d,Equipment,Texture,Prompts/Equipment/TextureVariants/equipment_heavy_gloves_t09_base_rarity_variants.txt,4718,656,39fe45d1c24a14d1d9a213b99d30d0c7095ce3925ab156245de4aa132012b1e6
c3717e9f1c81,Equipment,Texture,Prompts/Equipment/TextureVariants/equipment_heavy_helmet_t01_base_rarity_variants.txt,4666,663,2b37db1b936c2d042018b27386f09e96399fb6197488ffc7f21536d99f6ae4dd
d40c512b07ec,Equipment,Texture,Prompts/Equipment/TextureVariants/equipment_heavy_helmet_t02_base_rarity_variants.txt,4728,649,178720b3a3ed8e8707d4f169d7aebde2d719166bc1c8f61ca6feb532e94e035c
f81f297a0a9b,Equipment,Texture,Prompts/Equipment/TextureVariants/equipment_heavy_helmet_t03_base_rarity_variants.txt,4754,649,9417b52f92cb101fe95e01b930d01c075610cd0c3bc1a92c22e2bc254faa5fc9
cc0fc019c650,Equipment,Texture,Prompts/Equipment/TextureVariants/equipment_heavy_helmet_t04_base_rarity_variants.txt,4553,628,8be2e74fddf798b741793f09a33134d9a01c7d86c1f3eae3fa6f3aa53ee95bf9
9cc7ccad49ec,Equipment,Texture,Prompts/Equipment/TextureVariants/equipment_heavy_helmet_t05_base_rarity_variants.txt,4723,649,83e79143491600dba2bbb631bb414d4abfb43d46e177476e919fc0a8b55811f4
139050b94bca,Equipment,Texture,Prompts/Equipment/TextureVariants/equipment_heavy_helmet_t06_base_rarity_variants.txt,4743,649,658d1b25018336e5d6321dd1ec003bbef44a5c76b4513c054e3947a005198599
b3310d1cbbb3,Equipment,Texture,Prompts/Equipment/TextureVariants/equipment_heavy_helmet_t07_base_rarity_variants.txt,4671,656,bf49d461cf2648083a4b2ed82d138ac32ec7c9aa89006af8c1845560a377ebea
056b7b7b6ed0,Equipment,Texture,Prompts/Equipment/TextureVariants/equipment_heavy_helmet_t08_base_rarity_variants.txt,4611,642,b43edcf8c46d4deec9cdb5d8c0444b4b101af3a1f55dfb6f6564953e264c9698
ab564bdcdcda,Equipment,Texture,Prompts/Equipment/TextureVariants/equipment_heavy_helmet_t09_base_rarity_variants.txt,4715,656,927040c63ec488a95ede035a457f06ee48f94a0bb48d04f4325cdb752818bb1a
d0b4add5e165,Equipment,Texture,Prompts/Equipment/TextureVariants/equipment_light_boots_t01_base_rarity_variants.txt,4629,656,1768323e30b3b754cab04ab494302ac6a5102951a81e1bffd1a8715cd32bb9b4
5905380bb8bf,Equipment,Texture,Prompts/Equipment/TextureVariants/equipment_light_boots_t02_base_rarity_variants.txt,4705,649,64630d02fa1a3e4e583607676accf3d173ff4efde4cebbf15d52fe51c019e63c
2bce0a33999f,Equipment,Texture,Prompts/Equipment/TextureVariants/equipment_light_boots_t03_base_rarity_variants.txt,4654,642,76f17196c66c28c4466efe8ae871e8609f36f3001834f34722112e375bf1952d
7419e94d4812,Equipment,Texture,Prompts/Equipment/TextureVariants/equipment_light_boots_t04_base_rarity_variants.txt,4432,607,1519cd15a4554f5ef6173ddf185dfaa11ad3083ce0b0d0d560e25dc5e82f31fc
b2ced835d220,Equipment,Texture,Prompts/Equipment/TextureVariants/equipment_light_boots_t05_base_rarity_variants.txt,4609,635,84e23d87b0fb8c0682885c73a22f101fd1757dc615eed309f261871a796f0cdd
ab74f06aa5b9,Equipment,Texture,Prompts/Equipment/TextureVariants/equipment_light_boots_t06_base_rarity_variants.txt,4601,635,3b543b437132e7300a278eba94d7e68a63359dcc71e105d14d4a0a26773c264e
d2ce61cd0c4a,Equipment,Texture,Prompts/Equipment/TextureVariants/equipment_light_boots_t07_base_rarity_variants.txt,4557,642,60de2cc11b6c55003d7d005199c33ac203c591fe973785024e5d779766c84741
6cd24946a99d,Equipment,Texture,Prompts/Equipment/TextureVariants/equipment_light_boots_t08_base_rarity_variants.txt,4511,628,1cb74b93bc9e61bca8c4e237d784c21db958c799826319617896036ab469e230
0d1131841e75,Equipment,Texture,Prompts/Equipment/TextureVariants/equipment_light_boots_t09_base_rarity_variants.txt,4573,635,11cd6c39a9678b50da9117f42ff39c4538304d589223c6c7fa4506cc06c4faad
e11fd2f27e28,Equipment,Texture,Prompts/Equipment/TextureVariants/equipment_light_chest_t01_base_rarity_variants.txt,4635,657,53ea0151374048206c4ab457d8eb3f55ec872af64e616566435dabce28710c3e
4c5dcac192e0,Equipment,Texture,Prompts/Equipment/TextureVariants/equipment_light_chest_t02_base_rarity_variants.txt,4711,650,f921f6e5a3cf4d424d61da53813aae9ed8c08b67b4a4ac3605dcd612d8ee6f42
d2ddcc523cd1,Equipment,Texture,Prompts/Equipment/TextureVariants/equipment_light_chest_t03_base_rarity_variants.txt,4660,643,19277e5bff784961733b8e700850db80e57b977aeeda6152d9a7307b97ca5f05
3143210ea316,Equipment,Texture,Prompts/Equipment/TextureVariants/equipment_light_chest_t04_base_rarity_variants.txt,4438,608,b082f0d7f755fa18d32a9987cb6b53e2a97540cc0a018c08afd1a2c36f73acc3
581db8f787d5,Equipment,Texture,Prompts/Equipment/TextureVariants/equipment_light_chest_t05_base_rarity_variants.txt,4615,636,f0cd021e0cdb8aa5d78a0ca1cc284badb31302bf45fece0efd721552e04ddfe0
8c7cfc54884c,Equipment,Texture,Prompts/Equipment/TextureVariants/equipment_light_chest_t06_base_rarity_variants.txt,4607,636,e74ed799eb4226a13614be196c491b0631666178490f12fe070fe7a7f4733696
56dd055c54fd,Equipment,Texture,Prompts/Equipment/TextureVariants/equipment_light_chest_t07_base_rarity_variants.txt,4563,643,f43b6037f876c3535b030bba8bbc3fdf98e6c2cf4a8efd89b2138a6c1e23061b
2660d3d0753c,Equipment,Texture,Prompts/Equipment/TextureVariants/equipment_light_chest_t08_base_rarity_variants.txt,4517,629,9e9b7abde723787d0b45554b62f3971b78b3044a1b9ee9a16389380d46211fe3
f19093182958,Equipment,Texture,Prompts/Equipment/TextureVariants/equipment_light_chest_t09_base_rarity_variants.txt,4579,636,03fa358ddab1dc6ab029c81949629c64f09e19f5eb7b59dff728c698fad6cc50
2bf94c162569,Equipment,Texture,Prompts/Equipment/TextureVariants/equipment_light_gloves_t01_base_rarity_variants.txt,4631,656,d0cca86b04225c6f72b4e82dddfffbac64f9cc4ad927a007ed4457267c199150
794363aa3850,Equipment,Texture,Prompts/Equipment/TextureVariants/equipment_light_gloves_t02_base_rarity_variants.txt,4707,649,545b75ce621d8c45773a2f4a151e9ec33b6cadfbc73a22f6c367a5fb3b411539
57cdadcde8b2,Equipment,Texture,Prompts/Equipment/TextureVariants/equipment_light_gloves_t03_base_rarity_variants.txt,4656,642,2b8a604e4c8671636c42863d2ee0aa3807e0cdc0c9916e84cc3b48bb7ea497b8
8f21fe6608c6,Equipment,Texture,Prompts/Equipment/TextureVariants/equipment_light_gloves_t04_base_rarity_variants.txt,4434,607,dc8c83cb78a3104696c67ceeac5e58d5092ca56d83583a9b10d1a52d4276d8e9
921961498a51,Equipment,Texture,Prompts/Equipment/TextureVariants/equipment_light_gloves_t05_base_rarity_variants.txt,4611,635,6003668b171513e1938635d1891e463de507d67c486249e1823892b10f96f4d4
bbd89dc403cf,Equipment,Texture,Prompts/Equipment/TextureVariants/equipment_light_gloves_t06_base_rarity_variants.txt,4603,635,de5bd1f0fddd0ec6c031552a4f1ec05ac2e19f1bafde56ffa466fffa0eadfc03
9849f75a94cf,Equipment,Texture,Prompts/Equipment/TextureVariants/equipment_light_gloves_t07_base_rarity_variants.txt,4559,642,6bb5c6808c7ce1aca16901c5944e2365e760eeba36434c89d22b28006ec30260
75f0114ab6cd,Equipment,Texture,Prompts/Equipment/TextureVariants/equipment_light_gloves_t08_base_rarity_variants.txt,4513,628,3261232ca15c81c5ca87f3703b4dc394c61865494869b0dd8140579bb04572f0
284afd8032e3,Equipment,Texture,Prompts/Equipment/TextureVariants/equipment_light_gloves_t09_base_rarity_variants.txt,4575,635,d8ffd5aef4d968496011daf495f0543359baaaca610eae9f74435a396eecaaf2
4e724c05a7da,Equipment,Texture,Prompts/Equipment/TextureVariants/equipment_light_hood_t01_base_rarity_variants.txt,4627,656,6975e0e904d280a0f38660ffb7d744f55f1729d6e2ea057634eb5a7caaace0d6
ef0dcbf988f9,Equipment,Texture,Prompts/Equipment/TextureVariants/equipment_light_hood_t02_base_rarity_variants.txt,4703,649,61461c1bd8984408ce7693b0aa122233ac071c3607d14c67ee2925cba1c48419
bf8f3e0656e0,Equipment,Texture,Prompts/Equipment/TextureVariants/equipment_light_hood_t03_base_rarity_variants.txt,4652,642,419469292e6186eaec21c5f91f045a4b5b07e04c352c7a904c073c0d4c6530e2
1995828419ff,Equipment,Texture,Prompts/Equipment/TextureVariants/equipment_light_hood_t04_base_rarity_variants.txt,4430,607,8f90c3d4137e657301d8ecd37582191fa40db6d07cd44315268b8111d7896a92
75135f8e88ad,Equipment,Texture,Prompts/Equipment/TextureVariants/equipment_light_hood_t05_base_rarity_variants.txt,4607,635,e8b2b9498c64fcbd347450563e46686075e94908195ccf16dd33b878c6efee5b
d39490d8bead,Equipment,Texture,Prompts/Equipment/TextureVariants/equipment_light_hood_t06_base_rarity_variants.txt,4599,635,b3f14116ae98342f18f4a38d5e5be01070c823404ac0312de7b8aea6501f977d
c4edcbd35318,Equipment,Texture,Prompts/Equipment/TextureVariants/equipment_light_hood_t07_base_rarity_variants.txt,4555,642,bf95da59557c04ffa3f92246bef5b4d454c9c3b418e306e245906411e4e718f7
14d4af8a0bd1,Equipment,Texture,Prompts/Equipment/TextureVariants/equipment_light_hood_t08_base_rarity_variants.txt,4509,628,4aeb9169951602355ef06e6ee8c3ab421c681ffe650548a1fc5eb7542f7dd77f
0616262f7a3d,Equipment,Texture,Prompts/Equipment/TextureVariants/equipment_light_hood_t09_base_rarity_variants.txt,4571,635,72172713772f05dabeb02df577bfb350ceecaf0056f265f6d7e01daa5cf59405
9f008fa0ac72,Equipment,Texture,Prompts/Equipment/TextureVariants/equipment_longbow_t01_base_rarity_variants.txt,4565,641,89fd5acec23dd9f82baf453935c6d6822016ec3299de2d75b1b6e7d0fec47c03
03b162098d2e,Equipment,Texture,Prompts/Equipment/TextureVariants/equipment_longbow_t02_base_rarity_variants.txt,4557,634,6ad79dbf1e7df7418abe01ca2fd9981c81c2b3ebca4ceb972008a0bebb99fca0
1c4c90cee6ed,Equipment,Texture,Prompts/Equipment/TextureVariants/equipment_longbow_t03_base_rarity_variants.txt,4667,634,509f51c46002136222f02af1b63bbd8453366e657e6e0074eb4a15cc502404ae
d8726278d3ea,Equipment,Texture,Prompts/Equipment/TextureVariants/equipment_longbow_t04_base_rarity_variants.txt,4480,620,832be42852c44f8deb28996a9f05b9817e411353921fd69a97c58aeca13b6ef7
3a13ff2d58c9,Equipment,Texture,Prompts/Equipment/TextureVariants/equipment_longbow_t05_base_rarity_variants.txt,4650,641,85bcf8de1b983e7c75073a8229db6d936359a9c6c46682d7499dc4015161e627
9dfebb8a8ba6,Equipment,Texture,Prompts/Equipment/TextureVariants/equipment_longbow_t06_base_rarity_variants.txt,4789,662,cda44df07ae30279067380b5fe6f2f6f55dde9ef9647ad5d0572baf1943818be
7cec01a44ad9,Equipment,Texture,Prompts/Equipment/TextureVariants/equipment_longbow_t07_base_rarity_variants.txt,4528,634,f272a525703b00823198e6fce5b24ba2c053de80418b93bcecd40478560f7034
d0542e5d7d74,Equipment,Texture,Prompts/Equipment/TextureVariants/equipment_longbow_t08_base_rarity_variants.txt,4601,634,e41a3eb55807285e90888ae5b1b2287d3262acb9a35d5b11909a4c346bc4319a
364e9a0a38a1,Equipment,Texture,Prompts/Equipment/TextureVariants/equipment_longbow_t09_base_rarity_variants.txt,4670,641,a8a0e0dd15918f6c4e4c3b89596f83ded648c8748af0376560da7a03dd13a838
010e2a2cc6a5,Equipment,Texture,Prompts/Equipment/TextureVariants/equipment_ring_t01_base_rarity_variants.txt,4524,641,e07ebff09186e44bb23bddf3d079eac79ab540bfb568dfb45b0ddc21cf7651e8
075c5d2f97c3,Equipment,Texture,Prompts/Equipment/TextureVariants/equipment_ring_t02_base_rarity_variants.txt,4593,634,e57c51b0e5d2f692a72d3fe4a14b4e9f1d7d407c5f39a9c25ab4d976fbc0f0fb
3130a9e5b2dc,Equipment,Texture,Prompts/Equipment/TextureVariants/equipment_ring_t03_base_rarity_variants.txt,4598,634,2b1d82226f2816a92091f80e376267f5ff91f51b6ddf8b3152cef2ee953e74e8
8ba220c64cec,Equipment,Texture,Prompts/Equipment/TextureVariants/equipment_ring_t04_base_rarity_variants.txt,4397,613,cb4bea1e97c9bedff23e329fc69ddeada19fe8b057d7ade755455ea9bb16870a
605dc46e52a4,Equipment,Texture,Prompts/Equipment/TextureVariants/equipment_ring_t05_base_rarity_variants.txt,4595,634,c2e70de9fb7d95e610b11e371e480de7ad22b965de910b177bd1c8dc8ec285db
b5c23dd034e0,Equipment,Texture,Prompts/Equipment/TextureVariants/equipment_ring_t06_base_rarity_variants.txt,4629,634,ec3d459f44231d97480b68adeeb8371792f6b881bc593c956d8880491e0c130b
afd1281dfcbd,Equipment,Texture,Prompts/Equipment/TextureVariants/equipment_ring_t07_base_rarity_variants.txt,4557,641,ab529f98cd22920b2b1744bdfbe190b77a3fe1de1600ce73e39ab1c6f1751909
6100a720cad6,Equipment,Texture,Prompts/Equipment/TextureVariants/equipment_ring_t08_base_rarity_variants.txt,4504,627,5a4c1209e4ec385c7fcb95728f73af567651d51ee5b1e594cf945ad9decca7d4
1bda2648eb7a,Equipment,Texture,Prompts/Equipment/TextureVariants/equipment_ring_t09_base_rarity_variants.txt,4601,641,32323e35cb019a779e6dc26bd8acf9a55d3a9498b75c4dae7106a4d681c43a0f
2ffe52a80117,Equipment,Texture,Prompts/Equipment/TextureVariants/equipment_shield_t01_base_rarity_variants.txt,4654,662,66507aa0a6014922d5333fff7404861a8072684f93eb03226030930587e3881f
7a6eb6caaf02,Equipment,Texture,Prompts/Equipment/TextureVariants/equipment_shield_t02_base_rarity_variants.txt,4716,648,413705d4b7d4ef8fc76ce44200872127dc2e134a560ddf3fdc9b2953a66db327
352619d07220,Equipment,Texture,Prompts/Equipment/TextureVariants/equipment_shield_t03_base_rarity_variants.txt,4742,648,de2a4a64251c33b787bd47f2e06204f8544cbf31aa0931270ef6377075230858
1a555b878612,Equipment,Texture,Prompts/Equipment/TextureVariants/equipment_shield_t04_base_rarity_variants.txt,4541,627,90cc2dd326f41ee6be269559bb4c77b7eadf65d35cf0542f0743a6861132aa83
11a61f016847,Equipment,Texture,Prompts/Equipment/TextureVariants/equipment_shield_t05_base_rarity_variants.txt,4711,648,8944a21d99285ea7a2de2514af31a6e0c3c20ecd82b9ffa0646d781c85197b3a
af700c51e449,Equipment,Texture,Prompts/Equipment/TextureVariants/equipment_shield_t06_base_rarity_variants.txt,4731,648,8bf74e7bcb09dd19d42d463d296c2514e7a577b3a37283183de6b8c452ccdd4f
c99950efb4ed,Equipment,Texture,Prompts/Equipment/TextureVariants/equipment_shield_t07_base_rarity_variants.txt,4659,655,bc82bb0c571abd06a781a695f9e025002328d274767ce1881118774681176aa6
4f8229fbd165,Equipment,Texture,Prompts/Equipment/TextureVariants/equipment_shield_t08_base_rarity_variants.txt,4599,641,f29bb1a5109a27cf4edc7331a29b28d64db339976f894a609bf2eef3dc167344
3534f3e805f6,Equipment,Texture,Prompts/Equipment/TextureVariants/equipment_shield_t09_base_rarity_variants.txt,4703,655,0aead81960ee8045fc3687e7c1ad499817df2e03f7285e5ba931ff435120da12
6d6ab37f3478,Equipment,Texture,Prompts/Equipment/TextureVariants/equipment_staff_t01_base_rarity_variants.txt,4435,620,1d57bb8529ee63e48e99c277302c44098b9337a5a492e49316e4dbc028a5e1d3
2089d861896d,Equipment,Texture,Prompts/Equipment/TextureVariants/equipment_staff_t02_base_rarity_variants.txt,4434,620,f8e7ffe5c8ef92129aaf6a742987dd63af0488fdd3b69d305075ea947ca2f1b1
c62df17d1b66,Equipment,Texture,Prompts/Equipment/TextureVariants/equipment_staff_t03_base_rarity_variants.txt,4523,620,6baccc005f7f04305ecf44a25ea3d1989a26da0ec3d8c9d261ff65d835ae8ee0
98f2df263f1c,Equipment,Texture,Prompts/Equipment/TextureVariants/equipment_staff_t04_base_rarity_variants.txt,4336,606,4f82e6e9d459d00f2226811512b98893aebe74765f4dec42899a3b8041f50432
8e9655d9595b,Equipment,Texture,Prompts/Equipment/TextureVariants/equipment_staff_t05_base_rarity_variants.txt,4534,627,6de5aaedcc5eac2b5eba241518e9121fac794c70ae4e21c977968ed7b92649e6
dcec1bbad702,Equipment,Texture,Prompts/Equipment/TextureVariants/equipment_staff_t06_base_rarity_variants.txt,4687,648,13f354a3f70e768c109589e1369f11650a301fb6ac6184a6501f75f4bc8a3131
e7030f822fc4,Equipment,Texture,Prompts/Equipment/TextureVariants/equipment_staff_t07_base_rarity_variants.txt,4426,620,3ebddd07c8fa2dae769b32450814bdc10cc65dae3c01e34f158a12489723607d
048bc4368bb4,Equipment,Texture,Prompts/Equipment/TextureVariants/equipment_staff_t08_base_rarity_variants.txt,4506,620,cc11ba055a878c0da85bb541493503a79feff8305d66b8382e707d5dced42892
092b3447595c,Equipment,Texture,Prompts/Equipment/TextureVariants/equipment_staff_t09_base_rarity_variants.txt,4568,627,58413b5aaee73683edde510d9c304ba3f84c568ed053a4677185059c33dd3696
3f470dbbaddd,Equipment,Texture,Prompts/Equipment/TextureVariants/equipment_sword_1h_t01_base_rarity_variants.txt,4666,663,bad2830f27d00a6c50cf447c1b10e9ea68a8a4aa3c796c69c76612158f6e8b87
029080b06ca5,Equipment,Texture,Prompts/Equipment/TextureVariants/equipment_sword_1h_t02_base_rarity_variants.txt,4728,649,ae0e05b3f847c409189e0aec925db2d649de875adc506cfde4b8ae44f90fb255
cee359f03c02,Equipment,Texture,Prompts/Equipment/TextureVariants/equipment_sword_1h_t03_base_rarity_variants.txt,4754,649,a7e6be3c6c847a5328baa0736f21bd15ef39875cb8076f368ed08979d16bb9d3
4483d92ee8e3,Equipment,Texture,Prompts/Equipment/TextureVariants/equipment_sword_1h_t04_base_rarity_variants.txt,4553,628,07daaece4a34b318b4448786653dae6ef24b28ed8a42c7690360aedbc4262301
acceccf6e167,Equipment,Texture,Prompts/Equipment/TextureVariants/equipment_sword_1h_t05_base_rarity_variants.txt,4723,649,5c5243d9af0c700e09aa700461aa4ae0b3ab331ce5cc329d819a66ca56aee715
ce1d1660af9e,Equipment,Texture,Prompts/Equipment/TextureVariants/equipment_sword_1h_t06_base_rarity_variants.txt,4743,649,8caf9d8da0cafc62cc486db8d5db44e5f4556cf2f893a294dbd3a67eba2753ed
f596def4766f,Equipment,Texture,Prompts/Equipment/TextureVariants/equipment_sword_1h_t07_base_rarity_variants.txt,4671,656,e7f06d3e2a9bf231cda87eab8262f6d01baf9839b8c4b6fb407c76be085d889f
4e50974df3b0,Equipment,Texture,Prompts/Equipment/TextureVariants/equipment_sword_1h_t08_base_rarity_variants.txt,4611,642,dbcce002fa8483dda33ba458f295a9529b14d112c0cfd22e018887e412564d58
5f3124451fd4,Equipment,Texture,Prompts/Equipment/TextureVariants/equipment_sword_1h_t09_base_rarity_variants.txt,4715,656,58618f41394bcb89ff565f815d56045e96f310f3cf9e59dd323f4c4cc9bb829c
5fa94e321cb4,EnvironmentStation,Geometry,Prompts/EnvironmentStations/BiomeOverview/biome_goblin_mine_kit_overview.txt,2029,272,e62c2516ef6d827939152d98eca634fade9b984e943ce9ce819a5be9c423cc13
c6812651350c,EnvironmentStation,Geometry,Prompts/EnvironmentStations/BiomeOverview/biome_infernal_fortress_kit_overview.txt,2086,278,3f2f190eea0efc3da05b4e2ec4ae6f7516c443e220560429cf2e9b0b0c5c35b3
ffc81e578f8c,EnvironmentStation,Geometry,Prompts/EnvironmentStations/BiomeOverview/biome_undead_crypt_kit_overview.txt,2079,281,35c653a54e61a765fd4bdf7e8cbaf740d6abf678f05d6f26beca0a0e29fc7dc4
e47aae18fceb,EnvironmentStation,Concept,Prompts/EnvironmentStations/ConceptArt/env_goblin_mine_camp_gate_001_concept_sheet.txt,2414,315,5115d6d48410d98cfe24b2cae0f90c384caa439299b0ba4bb5c44091faa66e9b
b9564d6e2d18,EnvironmentStation,Concept,Prompts/EnvironmentStations/ConceptArt/env_goblin_mine_goblin_barrel_001_concept_sheet.txt,2407,311,1045204a6a7e16bd3669c93d34100ccafcd7694e5f4500ebe82b29bb9ecc726e
a209affc2343,EnvironmentStation,Concept,Prompts/EnvironmentStations/ConceptArt/env_goblin_mine_goblin_crate_001_concept_sheet.txt,2415,312,4305c8db9ad3b2a4aa15f826dac2957a8ed592e55f13e7d2b05610399f5ac4c3
c54918c8b9db,EnvironmentStation,Concept,Prompts/EnvironmentStations/ConceptArt/env_goblin_mine_goblin_king_throne_001_concept_sheet.txt,2448,317,0f994cc7e067fb837dd7c8a6fc0a1296f3e61eccdd5257e4477730b3d317053f
5c4b8eeb1f55,EnvironmentStation,Concept,Prompts/EnvironmentStations/ConceptArt/env_goblin_mine_goblin_tent_001_concept_sheet.txt,2421,314,aeb4819b90c51de69447b5e170e63dc37be5e35951d881762c82e2152892ab0b
f9b2de3209fd,EnvironmentStation,Concept,Prompts/EnvironmentStations/ConceptArt/env_goblin_mine_ground_dirt_tile_001_concept_sheet.txt,2421,315,4418990406dd2d800f93c4083ce867e140b709d407e6295b6c102122e11cc0cb
7605140a7e83,EnvironmentStation,Concept,Prompts/EnvironmentStations/ConceptArt/env_goblin_mine_ground_stone_tile_001_concept_sheet.txt,2406,315,c736db4aa6474b1c2ddcc12d9337195e270b0d60d9d84b4c48b6124ceadd9654
5bc4609e09c0,EnvironmentStation,Concept,Prompts/EnvironmentStations/ConceptArt/env_goblin_mine_mine_arch_001_concept_sheet.txt,2393,309,2d934477eafbaa0ff9be2e15cd482ffa2ca6eb14475cc8f6b15636de0028bc54
b48cb5c77b50,EnvironmentStation,Concept,Prompts/EnvironmentStations/ConceptArt/env_goblin_mine_mine_cart_001_concept_sheet.txt,2389,310,aebdbdb0a231353290705977325863b82aec04d8e8b59b9ac8efebe514aa40da
51865a817105,EnvironmentStation,Concept,Prompts/EnvironmentStations/ConceptArt/env_goblin_mine_mine_track_curve_001_concept_sheet.txt,2395,312,7206a85fb7f870e1468be4c804277d405aa740d5e95efa65ce650d220b7a0fa8
f60eafdd5fee,EnvironmentStation,Concept,Prompts/EnvironmentStations/ConceptArt/env_goblin_mine_mine_track_straight_001_concept_sheet.txt,2400,312,a2a007fc9a167311ed96871d7bec55df6af366fed39d208b7a676bdddd7b4445
e89dbfaedf06,EnvironmentStation,Concept,Prompts/EnvironmentStations/ConceptArt/env_goblin_mine_mine_wall_corner_001_concept_sheet.txt,2402,311,e5361845f5d592711dac1a80489d5da27c5227371ac927305a8c9a2f38ece4f1
17322210243c,EnvironmentStation,Concept,Prompts/EnvironmentStations/ConceptArt/env_goblin_mine_mine_wall_straight_001_concept_sheet.txt,2404,312,5a4b78334fa220d1b27351ccbcd8944740662f5e5a63b73515efe48c78edd745
f74e17649c85,EnvironmentStation,Concept,Prompts/EnvironmentStations/ConceptArt/env_goblin_mine_ore_pile_001_concept_sheet.txt,2390,312,1f35d379178196b2b768e58deb95de9402d9793c95f02ef2b780ffd41eb55d61
c4fbc784c58b,EnvironmentStation,Concept,Prompts/EnvironmentStations/ConceptArt/env_goblin_mine_rope_bridge_001_concept_sheet.txt,2416,313,a6cbb7a5e5895fa7f0a0317997cbff38d680c8554c3978e924cdc20e533a3d4f
803dfd8c40ea,EnvironmentStation,Concept,Prompts/EnvironmentStations/ConceptArt/env_goblin_mine_scrap_barricade_001_concept_sheet.txt,2427,314,aa7b0a9d79b7ad8491c4d3ec3f9f613941c7c0213aefdf8568d78a1193aab0d2
ccf22e023b2f,EnvironmentStation,Concept,Prompts/EnvironmentStations/ConceptArt/env_goblin_mine_wall_torch_001_concept_sheet.txt,2395,310,da707896c6f236ed48fdccac17a70767a5340c2e6529d05f6121c5a32ee67f4f
4bf674222756,EnvironmentStation,Concept,Prompts/EnvironmentStations/ConceptArt/env_goblin_mine_watchtower_001_concept_sheet.txt,2410,310,259f04af185ed4e206b0eb914336222ab0c4fd65d98480ee96f6921f84d98985
036ba5c5183c,EnvironmentStation,Concept,Prompts/EnvironmentStations/ConceptArt/env_goblin_mine_wood_cage_001_concept_sheet.txt,2403,311,8a4acee184a215769f50274f4b16cfbf9ea1ce978572d61cc0a1381cb27cf60c
516ba4e8dd9d,EnvironmentStation,Concept,Prompts/EnvironmentStations/ConceptArt/env_goblin_mine_wood_support_beam_001_concept_sheet.txt,2399,314,763c43a5c7f35c272288ed92c795fe7ab37866b91e621d18d67daf7181656213
44bec611054c,EnvironmentStation,Concept,Prompts/EnvironmentStations/ConceptArt/env_infernal_fortress_basalt_floor_tile_001_concept_sheet.txt,2479,322,11575bac4280982e38c39436724e27064553bf5cb185ab3a0f6804e36a5ccba7
8ad66d78aafd,EnvironmentStation,Concept,Prompts/EnvironmentStations/ConceptArt/env_infernal_fortress_demon_lord_throne_001_concept_sheet.txt,2499,323,9a19f900f8324f8c7379f9ed35e4448b1ccb46e9d0ef127eaa13bd48e9707884
23756eddef94,EnvironmentStation,Concept,Prompts/EnvironmentStations/ConceptArt/env_infernal_fortress_demon_weapon_rack_001_concept_sheet.txt,2474,318,d8efe9e84758b73ca886dd02803f1648d65f022e91cea157be581fd7b91f3c37
1f147bc5b84e,EnvironmentStation,Concept,Prompts/EnvironmentStations/ConceptArt/env_infernal_fortress_demonic_pillar_001_concept_sheet.txt,2453,315,a46a5b710dceb695798cf35b14bd63b5928ee533901df8fe796d52142e22ee46
96df451ed1bc,EnvironmentStation,Concept,Prompts/EnvironmentStations/ConceptArt/env_infernal_fortress_infernal_arch_001_concept_sheet.txt,2447,316,b3508031a1324113e75f06f897874dfaa832b129e756bf9622e0da5cb0ac9d18
08bdf0d13f6b,EnvironmentStation,Concept,Prompts/EnvironmentStations/ConceptArt/env_infernal_fortress_infernal_arena_ring_001_concept_sheet.txt,2480,320,6f41b6d4968eeada70298725fdf71be1905aede5c5100ff881ccbec4609aa07c
5035d537599a,EnvironmentStation,Concept,Prompts/EnvironmentStations/ConceptArt/env_infernal_fortress_infernal_brazier_001_concept_sheet.txt,2451,313,df17041bc07f870158dd7ec7aca6a2b68e88d90ae75ff68649a6e883d941d63d
244094b4e94c,EnvironmentStation,Concept,Prompts/EnvironmentStations/ConceptArt/env_infernal_fortress_infernal_bridge_001_concept_sheet.txt,2449,314,de7a42b21acd3483c0a5ce91c75e9104a533ff3748f4d3f9ac9fffd10caf4207
f7d94667fc0b,EnvironmentStation,Concept,Prompts/EnvironmentStations/ConceptArt/env_infernal_fortress_infernal_cage_001_concept_sheet.txt,2455,315,31a0c99d688e617ef9415db8da104789f0ea5afebf7e64063e52eaac3cf87a59
65c395600285,EnvironmentStation,Concept,Prompts/EnvironmentStations/ConceptArt/env_infernal_fortress_infernal_chain_001_concept_sheet.txt,2466,316,d7b7409ade0a783cbfeb538ed7d6eedee398eb0e40db9f42f629aee32143efb6
3d9cc190ad74,EnvironmentStation,Concept,Prompts/EnvironmentStations/ConceptArt/env_infernal_fortress_infernal_crystal_001_concept_sheet.txt,2464,316,49887568b089812ab47cb3f6b78a308928498a367060414e798936612ec8cbfa
8f3f0da892fb,EnvironmentStation,Concept,Prompts/EnvironmentStations/ConceptArt/env_infernal_fortress_infernal_gate_001_concept_sheet.txt,2463,320,bf6a19658706c58576af7699f8051ec4c6f39a41be4128c81d89e0da1010992a
68d97f0833c1,EnvironmentStation,Concept,Prompts/EnvironmentStations/ConceptArt/env_infernal_fortress_infernal_platform_001_concept_sheet.txt,2462,315,1bc39645db650fcc0e94d31c1e312ea990ec299401aca6177ee83deaef73f397
81a8675ff62a,EnvironmentStation,Concept,Prompts/EnvironmentStations/ConceptArt/env_infernal_fortress_infernal_portal_001_concept_sheet.txt,2478,317,a91c0efcd6ff423e0692dea06ef6416b02ee8db1eb0ebc73875e415deb54ac29
a6062ad26af9,EnvironmentStation,Concept,Prompts/EnvironmentStations/ConceptArt/env_infernal_fortress_infernal_wall_corner_001_concept_sheet.txt,2467,319,e08b2623b36285b169d00d4370f573a337644bba40cb7a3a2d58e72de0ab0de3
e3c65f635b05,EnvironmentStation,Concept,Prompts/EnvironmentStations/ConceptArt/env_infernal_fortress_infernal_wall_straight_001_concept_sheet.txt,2462,316,ea333041e9651d00be9a35ef3fafad8d7394b57abbd5d002c51d1018b2eb22f9
fa03aa22a12c,EnvironmentStation,Concept,Prompts/EnvironmentStations/ConceptArt/env_infernal_fortress_lava_channel_bend_001_concept_sheet.txt,2472,321,b08efcef28e88a5cc3e81cde6ec231543ef0f197464d3888ff6bdbd9686a2cae
d5e91e580ca5,EnvironmentStation,Concept,Prompts/EnvironmentStations/ConceptArt/env_infernal_fortress_lava_channel_straight_001_concept_sheet.txt,2479,321,4079fe5a0ae497d07bc9a54f7156326570eca95a74414706db04e164a8336c6c
00ba70ea93da,EnvironmentStation,Concept,Prompts/EnvironmentStations/ConceptArt/env_infernal_fortress_lava_fall_001_concept_sheet.txt,2483,324,156ab61739777cc1fa3e4e841f46a887ddf8873959a966e2df9d1c4f0aea95b7
480220746227,EnvironmentStation,Concept,Prompts/EnvironmentStations/ConceptArt/env_infernal_fortress_spike_barricade_001_concept_sheet.txt,2468,315,985e0c06b134fd71a4c4ea5b4393fff633577f7190be0ffb65fba766ce28a11b
70d42bc25640,EnvironmentStation,Concept,Prompts/EnvironmentStations/ConceptArt/env_undead_crypt_bone_pile_001_concept_sheet.txt,2466,322,22e986a95cc5fb0621f4615dc561d5401aa6904ba20d5f0432ac614320f2ad38
21a80f3b7ab3,EnvironmentStation,Concept,Prompts/EnvironmentStations/ConceptArt/env_undead_crypt_broken_statue_001_concept_sheet.txt,2458,319,13177281919eee56c7da6c4da665203d9110c76cb876acb969d00b177722513b
33e5a48a0382,EnvironmentStation,Concept,Prompts/EnvironmentStations/ConceptArt/env_undead_crypt_coffin_001_concept_sheet.txt,2436,317,4c8eff1a1ac4bf563e8f91e714f7f0658bc2cabd8b1f34627054ae82ceda11c1
aa311def8443,EnvironmentStation,Concept,Prompts/EnvironmentStations/ConceptArt/env_undead_crypt_crypt_arch_001_concept_sheet.txt,2428,318,4e0d5ae8ace1b4e1d0c8d058a70767506f5783c67233182c18b6c0b275b2ec20
f67d58c45cfb,EnvironmentStation,Concept,Prompts/EnvironmentStations/ConceptArt/env_undead_crypt_crypt_column_001_concept_sheet.txt,2423,316,5c116e6ffc4212d89b55d62d5c3d2ee68b38434342d7d8eea18a602a669033ee
a37194b01625,EnvironmentStation,Concept,Prompts/EnvironmentStations/ConceptArt/env_undead_crypt_crypt_door_001_concept_sheet.txt,2428,317,077b2d39e3dac4d8e45b196fb93a9209c7e7021182a912f866cf0a48bc998414
3d5978d20bb0,EnvironmentStation,Concept,Prompts/EnvironmentStations/ConceptArt/env_undead_crypt_crypt_floor_tile_001_concept_sheet.txt,2452,323,09644f1db9ec3d5d659e566d28c37f6021d19c497d8284656eb3bebc353553c5
f77c4100a9c3,EnvironmentStation,Concept,Prompts/EnvironmentStations/ConceptArt/env_undead_crypt_crypt_iron_gate_001_concept_sheet.txt,2430,318,a6a1830f6ccc7206ccda9b314a1fd6f24a58a3aba42c148d81f0ce1c6a8a161f
d85050d2f31e,EnvironmentStation,Concept,Prompts/EnvironmentStations/ConceptArt/env_undead_crypt_crypt_wall_corner_001_concept_sheet.txt,2440,319,5ba0eb81f64093cd9ccce2158d2f357bb7bf023fde6e19e9ac7c1605dc162691
88603a8ba817,EnvironmentStation,Concept,Prompts/EnvironmentStations/ConceptArt/env_undead_crypt_crypt_wall_straight_001_concept_sheet.txt,2432,317,163b7dcc51b736d3ff63645faf7d5cb1b122ab12eceb03e8529a659c2d9ee156
9832102685e1,EnvironmentStation,Concept,Prompts/EnvironmentStations/ConceptArt/env_undead_crypt_grave_marker_001_concept_sheet.txt,2452,319,ea8392ded0d364d75c00514af6b0b339cdaeed8362d9f9b764b2a559347f2e06
1f3522e3edc6,EnvironmentStation,Concept,Prompts/EnvironmentStations/ConceptArt/env_undead_crypt_hanging_chain_001_concept_sheet.txt,2462,322,04eaa3c998a2a7346c51598811951323db191d9e38b641c6bca384ff661e7380
a14da0472386,EnvironmentStation,Concept,Prompts/EnvironmentStations/ConceptArt/env_undead_crypt_lich_throne_001_concept_sheet.txt,2469,322,50d572abd2dc36ede12e10ea196d2cc190c03d6a0f169dd63ce92c5c5fa3bdc1
a789aacd6a50,EnvironmentStation,Concept,Prompts/EnvironmentStations/ConceptArt/env_undead_crypt_necromantic_crystal_001_concept_sheet.txt,2468,318,0f15dfa85d8b28819ba68984bbb83a251f44fe9b740dbf83f01b1201086db1ae
514d2573e4d4,EnvironmentStation,Concept,Prompts/EnvironmentStations/ConceptArt/env_undead_crypt_necromantic_portal_001_concept_sheet.txt,2470,322,be923aac5950eb6b86292586793f31e1bcd10366bf4bc8b74aeb6da1284c86d6
b5c2d46fe321,EnvironmentStation,Concept,Prompts/EnvironmentStations/ConceptArt/env_undead_crypt_ossuary_001_concept_sheet.txt,2457,316,c98e796db4f23f4fb99eb8edb54ab48b4241ea626ca96e3f3d71df39c264bdd7
2365bb581d56,EnvironmentStation,Concept,Prompts/EnvironmentStations/ConceptArt/env_undead_crypt_ritual_altar_001_concept_sheet.txt,2464,320,f760b2ee0542d8bc76a8b92853f19439dc81f049ab075f8ec5565b010c09632e
458f5946f30f,EnvironmentStation,Concept,Prompts/EnvironmentStations/ConceptArt/env_undead_crypt_sarcophagus_001_concept_sheet.txt,2460,319,8ae56671a12ae833c38626b8b71be1055aed996bc85d2c8bd190a2a3b97a209c
08f384a2b709,EnvironmentStation,Concept,Prompts/EnvironmentStations/ConceptArt/env_undead_crypt_spectral_brazier_001_concept_sheet.txt,2471,321,f168e76fce59e5584d7018b165bc5ab82920c55f33395a60cd8f5b0b2cc66d0f
0bcc83a21219,EnvironmentStation,Concept,Prompts/EnvironmentStations/ConceptArt/env_undead_crypt_spectral_candle_001_concept_sheet.txt,2458,320,d22a73c075c0b11413245fa8dcd2c77b8370b582354c6225064ad48f9c624d55
ea2d4c859113,EnvironmentStation,Concept,Prompts/EnvironmentStations/ConceptArt/station_alchemist_t01_001_concept_sheet.txt,2243,298,0e233712e946d46449daa4bf42bbbf388470fa81bfcdfee2a58d37a2e94b2db8
c7db0a04f55a,EnvironmentStation,Concept,Prompts/EnvironmentStations/ConceptArt/station_alchemist_t03_001_concept_sheet.txt,2337,307,37c1ab44d6b2bfdc154a444eb9a063ee3e0979b01f8e332c8a5aef9f27617f28
0c45425d55a3,EnvironmentStation,Concept,Prompts/EnvironmentStations/ConceptArt/station_alchemist_t05_001_concept_sheet.txt,2350,307,344883763f080a183204d88c05d668eba4c754f571a14622ab6a1a6fdf4e1c3d
202e387ece0f,EnvironmentStation,Concept,Prompts/EnvironmentStations/ConceptArt/station_alchemist_t07_001_concept_sheet.txt,2350,305,1db0d8d51977bd9501d0cca3c3a835927eee05e5d7c1b50289a39002ba5a9692
0eeffafeab27,EnvironmentStation,Concept,Prompts/EnvironmentStations/ConceptArt/station_alchemist_t09_001_concept_sheet.txt,2353,307,1729c1e0034f5db4f196aacafb75ceb9329f43370fab65b41ff00a37c208234e
f200ebf82f0f,EnvironmentStation,Concept,Prompts/EnvironmentStations/ConceptArt/station_blacksmith_t01_001_concept_sheet.txt,2216,299,ac6962834b267dfa7c46a36f0661a3b9184d9f7d9fc7a4525dd776e83cec96eb
0b74956315f5,EnvironmentStation,Concept,Prompts/EnvironmentStations/ConceptArt/station_blacksmith_t03_001_concept_sheet.txt,2310,308,21211fb45e0087a2a23c3ff7d7e6357338536529fc9c7aafdfdbec6631586146
c4edf6cdb6bf,EnvironmentStation,Concept,Prompts/EnvironmentStations/ConceptArt/station_blacksmith_t05_001_concept_sheet.txt,2323,308,aae347e3864ad77434d1797740451e4f8b81df850843e0363a5052b81ea88d65
862e0ca70ea8,EnvironmentStation,Concept,Prompts/EnvironmentStations/ConceptArt/station_blacksmith_t07_001_concept_sheet.txt,2323,306,33b3da122fb60a50813ac1ac2b6dc2fd8442a785fe0a4e7e7da4582d05e2afc4
1909d0f8942a,EnvironmentStation,Concept,Prompts/EnvironmentStations/ConceptArt/station_blacksmith_t09_001_concept_sheet.txt,2326,308,00cd4ad9346b33e03d8234d9a9494df6a50a5cf6bda33fa6858b6b7a19550491
d8706b275543,EnvironmentStation,Concept,Prompts/EnvironmentStations/ConceptArt/station_enchanter_t01_001_concept_sheet.txt,2285,302,e40ba1ef60317cb9ecbaed6109a55980acafd858d379d9414a0e86d55c780e74
f73c7f922dcd,EnvironmentStation,Concept,Prompts/EnvironmentStations/ConceptArt/station_enchanter_t03_001_concept_sheet.txt,2379,311,07c2072e93f77eb2c759d2d1709f3096b1e7b5253778b65d786962a5bf9b0157
cff48dc651f4,EnvironmentStation,Concept,Prompts/EnvironmentStations/ConceptArt/station_enchanter_t05_001_concept_sheet.txt,2392,311,3c2275cc310d0cf49f0754ceecf4793f431f41b3cacad2f3a29f384c6563e700
8b9e1be74283,EnvironmentStation,Concept,Prompts/EnvironmentStations/ConceptArt/station_enchanter_t07_001_concept_sheet.txt,2392,309,b2a9ececed2307d4a0b27c9cdf8a0b68131b2fcc1ecf5789ee4daeb62d102fa7
a4c6159daa25,EnvironmentStation,Concept,Prompts/EnvironmentStations/ConceptArt/station_enchanter_t09_001_concept_sheet.txt,2395,311,aad14d62d35e98fefda997b296da07336bb6d5ebc250348c1dccf1839247fc7f
769bb373d811,EnvironmentStation,Concept,Prompts/EnvironmentStations/ConceptArt/station_gatherer_t01_001_concept_sheet.txt,2261,301,4855b6f542308622aa58508b1d8fa6c5eee46ea4eac12594cc1540e8d0f70710
e6740c64fbed,EnvironmentStation,Concept,Prompts/EnvironmentStations/ConceptArt/station_gatherer_t03_001_concept_sheet.txt,2355,310,c35ce3ced52fd1124dcf0afbf56246361fabb61077eeef3c6eb272563f2a0076
70f6ae7586eb,EnvironmentStation,Concept,Prompts/EnvironmentStations/ConceptArt/station_gatherer_t05_001_concept_sheet.txt,2368,310,f160f26acab2dd9ca003f6b96923ca93d582b4abf6a8af3a86ad06c64ec481f9
23e5d7e49138,EnvironmentStation,Concept,Prompts/EnvironmentStations/ConceptArt/station_gatherer_t07_001_concept_sheet.txt,2368,308,d64081f57dc24906760991cc5295f6c916329a8612bb9c402de5f5f506ef0887
f0763829fa81,EnvironmentStation,Concept,Prompts/EnvironmentStations/ConceptArt/station_gatherer_t09_001_concept_sheet.txt,2371,310,66b75be90c0565eb16bb00914c2cfe4599944f7495686ca01389de2a07daff7c
c20dcac0b8d9,EnvironmentStation,Concept,Prompts/EnvironmentStations/ConceptArt/station_tailor_t01_001_concept_sheet.txt,2266,301,b1d9e65240c4420891465c49add3a832a6983cb032d66ae57fa47ed5831f183b
cc932024df90,EnvironmentStation,Concept,Prompts/EnvironmentStations/ConceptArt/station_tailor_t03_001_concept_sheet.txt,2360,310,aa398f18c5346cca52b75d4a5da1aecd40b3c3f1e59aa6975df04b9c5e174e0b
b221b81d1618,EnvironmentStation,Concept,Prompts/EnvironmentStations/ConceptArt/station_tailor_t05_001_concept_sheet.txt,2373,310,8cd830e09bce8a9e1a34cfaed31a22e58fe05b569df09412401d67f6ebaa8187
bf283fcc6744,EnvironmentStation,Concept,Prompts/EnvironmentStations/ConceptArt/station_tailor_t07_001_concept_sheet.txt,2373,308,b16dfb077b8d9585fda937be57697650f8b4468570f24617dca8cbaa82ad59cf
49359ec97508,EnvironmentStation,Concept,Prompts/EnvironmentStations/ConceptArt/station_tailor_t09_001_concept_sheet.txt,2376,310,f10e3ea9385c9097ce8ac59247a7dbfef91dafe31a56a2a05cbc883f163d61d1
ca06f7c21952,EnvironmentStation,Geometry,Prompts/EnvironmentStations/Meshy/env_goblin_mine_camp_gate_001_geometry.txt,2642,355,6977690a0fe0ca17fb4a75694199d72cfced85c0fa79f3b3b1dd1d5f03430575
1f753d7a7427,EnvironmentStation,Geometry,Prompts/EnvironmentStations/Meshy/env_goblin_mine_goblin_barrel_001_geometry.txt,2570,345,e7e4aa1b603fda61fee7ec765476d7089f8177e68cca7a8ae69f67c968f1b795
1196ce62d652,EnvironmentStation,Geometry,Prompts/EnvironmentStations/Meshy/env_goblin_mine_goblin_crate_001_geometry.txt,2578,346,f90779f5cc9c5ae596b70fb877a05fdfd716ae078aebc7769e42ca80a55c7987
d61596b55617,EnvironmentStation,Geometry,Prompts/EnvironmentStations/Meshy/env_goblin_mine_goblin_king_throne_001_geometry.txt,2627,352,741febee248e1207609114e54949291e6b4c4249979484d5ae63377ee65b9690
ed2a4d753c88,EnvironmentStation,Geometry,Prompts/EnvironmentStations/Meshy/env_goblin_mine_goblin_tent_001_geometry.txt,2583,348,6b97930fe6aec3c2b3289cbec9a8f19b96f721b13e264cdb2991760adf2d1bf7
4e6941acceb2,EnvironmentStation,Geometry,Prompts/EnvironmentStations/Meshy/env_goblin_mine_ground_dirt_tile_001_geometry.txt,2610,352,3d81a3e4915c1c33ae883fef239d4761866d2f0917bdc26e996ff579c620260e
d155ea105475,EnvironmentStation,Geometry,Prompts/EnvironmentStations/Meshy/env_goblin_mine_ground_stone_tile_001_geometry.txt,2595,352,563dc8cfb0965aa0c98d3773219bdd8729c9aa1f4206c9d0a959ecb3f504e167
e03e1b15dfff,EnvironmentStation,Geometry,Prompts/EnvironmentStations/Meshy/env_goblin_mine_mine_arch_001_geometry.txt,2588,346,2a5d9483fe0c2e1b9f615cac738bd32095e070950e12727fde1809a1d8f856cd
8b9876d99a52,EnvironmentStation,Geometry,Prompts/EnvironmentStations/Meshy/env_goblin_mine_mine_cart_001_geometry.txt,2549,343,eb57b100be10541f46beaa0f1b169871013d2b6335918c874e7847ccb3574a0b
82ec68f5c5f9,EnvironmentStation,Geometry,Prompts/EnvironmentStations/Meshy/env_goblin_mine_mine_track_curve_001_geometry.txt,2592,350,da03e69366c777362d2b9477a6fdfdac8e887d49badfd339bacd2e970b79a8ae
e7438eb79dbb,EnvironmentStation,Geometry,Prompts/EnvironmentStations/Meshy/env_goblin_mine_mine_track_straight_001_geometry.txt,2597,350,62083e8278b2bf07eea6a89130dadfa6c842c1236ff7c3ffe6eda0cb2c1cdd14
826468d3dbda,EnvironmentStation,Geometry,Prompts/EnvironmentStations/Meshy/env_goblin_mine_mine_wall_corner_001_geometry.txt,2592,348,95d4d5c7974eb4910ec7ea392238ee5758b78454bd5e17e15e757eb51b52a001
a765be146fd9,EnvironmentStation,Geometry,Prompts/EnvironmentStations/Meshy/env_goblin_mine_mine_wall_straight_001_geometry.txt,2594,349,68ba1520f89fedde98bf8722e9e1a8aff67148ea8f81003148e809c98b0930c5
3fa7b16fa642,EnvironmentStation,Geometry,Prompts/EnvironmentStations/Meshy/env_goblin_mine_ore_pile_001_geometry.txt,2554,346,82c610e473622c2ea4661ca07840b08e2af8b42b2881f900fcb60568265be5e8
6bf915b2454c,EnvironmentStation,Geometry,Prompts/EnvironmentStations/Meshy/env_goblin_mine_rope_bridge_001_geometry.txt,2626,352,f599bc2e65a81830fde753675ed9182ca1ae63b69da07b13f5b61c4be4cc95c4
9fc314a0d927,EnvironmentStation,Geometry,Prompts/EnvironmentStations/Meshy/env_goblin_mine_scrap_barricade_001_geometry.txt,2591,348,f16036a2609db5aeb6c45fda506948d750e9bb4213f504f37c9ec08ea60c2eac
a6ab84d16091,EnvironmentStation,Geometry,Prompts/EnvironmentStations/Meshy/env_goblin_mine_wall_torch_001_geometry.txt,2546,343,6a5d0b5a8f21b9e230f30b5715ecb0e38e873d19e5b645b0a78534c90a3cb235
34f1840abbb7,EnvironmentStation,Geometry,Prompts/EnvironmentStations/Meshy/env_goblin_mine_watchtower_001_geometry.txt,2572,344,4b9bbe83c467a2e2179bff56f18062c8e59e33893c90dbfab8ebe8388cbaf08f
4c655d3f58be,EnvironmentStation,Geometry,Prompts/EnvironmentStations/Meshy/env_goblin_mine_wood_cage_001_geometry.txt,2562,344,4076d872dfe1f5acf0a37cffaabdc3792822e41c622445596b96c3c711d917a7
3c89680c8ce5,EnvironmentStation,Geometry,Prompts/EnvironmentStations/Meshy/env_goblin_mine_wood_support_beam_001_geometry.txt,2593,351,3e8800ef949fa0676774f9e87e03e330bf3d5a60054a26fbb3f210a486be7e90
da6def9c5a6a,EnvironmentStation,Geometry,Prompts/EnvironmentStations/Meshy/env_infernal_fortress_basalt_floor_tile_001_geometry.txt,2669,357,40cb3e407083c38d7c44451c62d492b8ecd7d56edac47e2789cb798d64ffab9b
1f9fe8630d29,EnvironmentStation,Geometry,Prompts/EnvironmentStations/Meshy/env_infernal_fortress_demon_lord_throne_001_geometry.txt,2679,356,e1fd3e3dd4ea3b4ea15204d4798d3b8ca455501d826b86b447dc09dc0435a1e3
e1a7de899496,EnvironmentStation,Geometry,Prompts/EnvironmentStations/Meshy/env_infernal_fortress_demon_weapon_rack_001_geometry.txt,2640,350,02a26a1cf5c4ac6b908bd14113be409811cc728018ef7834b8c7d2030743598b
0008807ba808,EnvironmentStation,Geometry,Prompts/EnvironmentStations/Meshy/env_infernal_fortress_demonic_pillar_001_geometry.txt,2649,350,8ae7871e83bf914a13c07f2d2c81d274a23f2c4be35f5f9f2d597896db0282cd
d54dec3624eb,EnvironmentStation,Geometry,Prompts/EnvironmentStations/Meshy/env_infernal_fortress_infernal_arch_001_geometry.txt,2643,351,bf602b3950f636bc2beff9fa6bd8cd6db173eccf4eab9d6da93c5b8a7e802492
ebec23c8e105,EnvironmentStation,Geometry,Prompts/EnvironmentStations/Meshy/env_infernal_fortress_infernal_arena_ring_001_geometry.txt,2691,357,0154873e7852549a038df6c80aa775cd1dbf9ba72e1809c6edf61d4c5d76cf5e
bf56208df109,EnvironmentStation,Geometry,Prompts/EnvironmentStations/Meshy/env_infernal_fortress_infernal_brazier_001_geometry.txt,2604,344,f5a8212b25d663faa9c481733150ce2547a1c9da27081fbd744d327ddbdc8f1a
396c00171a6a,EnvironmentStation,Geometry,Prompts/EnvironmentStations/Meshy/env_infernal_fortress_infernal_bridge_001_geometry.txt,2660,351,bc4fe7514bbe9f9552c4350f9eca46da43534b9600455d3d91302b2022effbdc
6ad7a7a88f0e,EnvironmentStation,Geometry,Prompts/EnvironmentStations/Meshy/env_infernal_fortress_infernal_cage_001_geometry.txt,2616,346,5d7f77ec38d73cdd4cecb4cda51b23d2d1011e8a0b9e1ca9caffacb72a998008
39e1c4f35336,EnvironmentStation,Geometry,Prompts/EnvironmentStations/Meshy/env_infernal_fortress_infernal_chain_001_geometry.txt,2631,348,4fdc41677eac01c5947d077f22fb9ee77aab5a12c6f891f0179ccb7577679f5b
3e9293e9180e,EnvironmentStation,Geometry,Prompts/EnvironmentStations/Meshy/env_infernal_fortress_infernal_crystal_001_geometry.txt,2624,347,ca14ef3c01ea2358ec9e18d01b0bf680823f6284e2e936e9fd0d9821d9e8d35d
e4f8fdf1f602,EnvironmentStation,Geometry,Prompts/EnvironmentStations/Meshy/env_infernal_fortress_infernal_gate_001_geometry.txt,2692,358,536e39b56e2747c4197681b620939aecf23b1cd2da34107f668d42c76ed96e97
80de54d5e273,EnvironmentStation,Geometry,Prompts/EnvironmentStations/Meshy/env_infernal_fortress_infernal_platform_001_geometry.txt,2673,352,fa1028bdd370d90e4877b7fb9df7a34f8119e3af338d80fb2ac815bf3eee1d79
a794d0d828b5,EnvironmentStation,Geometry,Prompts/EnvironmentStations/Meshy/env_infernal_fortress_infernal_portal_001_geometry.txt,2675,351,94f1241170e4e5c3a05eda40e42583b8f6900ce57afc8952259e82b06ec46929
3a40fa0c3cc4,EnvironmentStation,Geometry,Prompts/EnvironmentStations/Meshy/env_infernal_fortress_infernal_wall_corner_001_geometry.txt,2658,354,d8bc8610c131bf89e731c6bf2920bed187bd8ea1fb076df4c4774e5e6a447294
d5cc25003456,EnvironmentStation,Geometry,Prompts/EnvironmentStations/Meshy/env_infernal_fortress_infernal_wall_straight_001_geometry.txt,2653,351,7020032495ba3d7920d154fd9c38890268435f5fc665b8cb2ec73cc6f3dbf534
1bdf19630895,EnvironmentStation,Geometry,Prompts/EnvironmentStations/Meshy/env_infernal_fortress_lava_channel_bend_001_geometry.txt,2672,357,6574ea572ce0bc28b81433db040aec66e0c49092712bb9f27afad0398e159d10
172b82e29e6e,EnvironmentStation,Geometry,Prompts/EnvironmentStations/Meshy/env_infernal_fortress_lava_channel_straight_001_geometry.txt,2679,357,d10bf917cd76376b52de6c0e67d38ed498591c77ca7ed0d4c62fbf868ff79953
31007046d1f6,EnvironmentStation,Geometry,Prompts/EnvironmentStations/Meshy/env_infernal_fortress_lava_fall_001_geometry.txt,2655,357,cb7d30ffceea60401d7703f2a9784fed8e346dda64991a533be4355ee0b1ec28
b125cdf3e6cc,EnvironmentStation,Geometry,Prompts/EnvironmentStations/Meshy/env_infernal_fortress_spike_barricade_001_geometry.txt,2634,347,c5eb31e98124ee3b6bdc703c5959755bea1dd289475eb2136ef360b85023ad46
0bfeb05768b4,EnvironmentStation,Geometry,Prompts/EnvironmentStations/Meshy/env_undead_crypt_bone_pile_001_geometry.txt,2624,354,825b57cfbcf2353de0c021dad5f0209f2e3a23e2cbcbc26d5224c3d9637c3571
68fa703d1987,EnvironmentStation,Geometry,Prompts/EnvironmentStations/Meshy/env_undead_crypt_broken_statue_001_geometry.txt,2617,351,0bf8246a374befd42b6d47151d100433b5d634290f4aa5be4ee9894c5586e8cf
e6b485db2613,EnvironmentStation,Geometry,Prompts/EnvironmentStations/Meshy/env_undead_crypt_coffin_001_geometry.txt,2589,348,01da214013e5cf0041eb9fc94b16c3fd9d7a621c67d02253e84f8401026d0f28
6cefe35e9168,EnvironmentStation,Geometry,Prompts/EnvironmentStations/Meshy/env_undead_crypt_crypt_arch_001_geometry.txt,2617,353,6419e73d415e2af8b365b0973523016372c0e9ab2638c06c77a8f6b033258d9d
adf762a77b43,EnvironmentStation,Geometry,Prompts/EnvironmentStations/Meshy/env_undead_crypt_crypt_column_001_geometry.txt,2611,351,06c525298bc109ce216f24fb627c7e311adc52912e29c8c595fb23c10e69523e
d1ab7d7ab8d1,EnvironmentStation,Geometry,Prompts/EnvironmentStations/Meshy/env_undead_crypt_crypt_door_001_geometry.txt,2635,353,54e76d267d34d58bf107e68b2918a72751dba20b07877902e4564badcbaf53d9
582274c2edae,EnvironmentStation,Geometry,Prompts/EnvironmentStations/Meshy/env_undead_crypt_crypt_floor_tile_001_geometry.txt,2635,358,5de55dc5f7fcd372e568d323733407e75849eecb4dcb803b4758cef8d8b87b5e
579a8160488b,EnvironmentStation,Geometry,Prompts/EnvironmentStations/Meshy/env_undead_crypt_crypt_iron_gate_001_geometry.txt,2631,354,5cc90be18d5cb6bd2cdea518adc1556d19b5349cbf6576c0bd5737ee86aeef8a
3a3e33db0e57,EnvironmentStation,Geometry,Prompts/EnvironmentStations/Meshy/env_undead_crypt_crypt_wall_corner_001_geometry.txt,2624,354,cb0e463cd6f07a202e40edc6fbb81ee5b2cd09b59b68c197ca6dc46a7bed27a2
0d13c7659d32,EnvironmentStation,Geometry,Prompts/EnvironmentStations/Meshy/env_undead_crypt_crypt_wall_straight_001_geometry.txt,2616,352,aff4e9557395bc440e494cc6a77735f1356e61db47e35d5f12298f3c6c6e7e61
1d2adedadedd,EnvironmentStation,Geometry,Prompts/EnvironmentStations/Meshy/env_undead_crypt_grave_marker_001_geometry.txt,2610,351,c9c33ac0fbee937a1b492d6f933e9b71e94070ae6d82c04c66074783b6041826
7ab7ffcd39da,EnvironmentStation,Geometry,Prompts/EnvironmentStations/Meshy/env_undead_crypt_hanging_chain_001_geometry.txt,2619,354,af7d33caf1be8ae83e329b219348a6d61c42a2f1f08e08afe4bbaad02e5b4221
bdafd0721e7b,EnvironmentStation,Geometry,Prompts/EnvironmentStations/Meshy/env_undead_crypt_lich_throne_001_geometry.txt,2642,355,ef8aa4b6669e0abd99ee1e74fe1b3373674d07f39db87ade47c7e11f076729e8
cc9576edfcf2,EnvironmentStation,Geometry,Prompts/EnvironmentStations/Meshy/env_undead_crypt_necromantic_crystal_001_geometry.txt,2621,349,399f83794d8c90e25a8dcda998736e24ce9354ee5a3e29317279b4aa513db556
e0b869d38d5f,EnvironmentStation,Geometry,Prompts/EnvironmentStations/Meshy/env_undead_crypt_necromantic_portal_001_geometry.txt,2660,356,169fca9a1d49abe31dcdd95c8e41707a0e1460eb46054ecaf7de765f0e42c595
eda43faa11e8,EnvironmentStation,Geometry,Prompts/EnvironmentStations/Meshy/env_undead_crypt_ossuary_001_geometry.txt,2616,348,8597a16bef5adef44a635f1443ece50ab31f8fc32444c4b96acb1271ff95c74d
a69bd64ebc84,EnvironmentStation,Geometry,Prompts/EnvironmentStations/Meshy/env_undead_crypt_ritual_altar_001_geometry.txt,2637,353,4870008bcaded1b0f0a6c746bb460c85ece839b6451df1f7d30c992333823938
205cb58a2e76,EnvironmentStation,Geometry,Prompts/EnvironmentStations/Meshy/env_undead_crypt_sarcophagus_001_geometry.txt,2614,350,5008dd28cdcb68b50dc0762e3f8bf2c0f6ce659709f8cc9baa42c2d3de07484e
05008be79339,EnvironmentStation,Geometry,Prompts/EnvironmentStations/Meshy/env_undead_crypt_spectral_brazier_001_geometry.txt,2617,352,65c7fd99f20900053c5f6648172f9de86fd4959be051cd877551b72548ea78ae
1dc485a3a575,EnvironmentStation,Geometry,Prompts/EnvironmentStations/Meshy/env_undead_crypt_spectral_candle_001_geometry.txt,2603,351,6646a0428b4e96b19fe5f9a50ae6d8b2671320ca699f3668a0f6884270fce307
80cfb233fcdd,EnvironmentStation,Geometry,Prompts/EnvironmentStations/Meshy/station_alchemist_t01_001_geometry.txt,2632,358,5a28389fbac71ccdff96add6a9ba4749050b7f05f7603c66ffc1fdbc9f40288c
45f64deac408,EnvironmentStation,Geometry,Prompts/EnvironmentStations/Meshy/station_alchemist_t03_001_geometry.txt,2714,364,68568b52430d5243c3bac19cdd42be7e09b94e5047fbedc8f6aad596dc23f255
820a5cfb3e2c,EnvironmentStation,Geometry,Prompts/EnvironmentStations/Meshy/station_alchemist_t05_001_geometry.txt,2716,363,b7b95e14f184c94d30c956a8ce9417514d9e5b3ed8f264dbc9eaf5d4081d4a49
b82dafe5f726,EnvironmentStation,Geometry,Prompts/EnvironmentStations/Meshy/station_alchemist_t07_001_geometry.txt,2736,361,ab9b08e9dd9ca18afc99b0f11fca3fe60c281b5223336bc471a01a5e0e7a3b3c
8d6bf0cc04bc,EnvironmentStation,Geometry,Prompts/EnvironmentStations/Meshy/station_alchemist_t09_001_geometry.txt,2750,366,25b6bbbf759fa6c39dfc794faefd1ef8612401f3f4d034584ee5b9fa2607b1ac
2d5659382950,EnvironmentStation,Geometry,Prompts/EnvironmentStations/Meshy/station_blacksmith_t01_001_geometry.txt,2609,359,5f6c120ce64b97de895e0122d788c6a90f3b704c123ce3b7486ebff17728a146
2f09b6a27849,EnvironmentStation,Geometry,Prompts/EnvironmentStations/Meshy/station_blacksmith_t03_001_geometry.txt,2691,365,b15126357e03123885d0f028b2b01a26e87384da615ba36aaf8077e892ad02cd
8c3214936e0f,EnvironmentStation,Geometry,Prompts/EnvironmentStations/Meshy/station_blacksmith_t05_001_geometry.txt,2693,364,189d89c236a526a3a488df92cb330666163fd9e0934d9d797be3e8988a8d30f0
a5a19ff06d15,EnvironmentStation,Geometry,Prompts/EnvironmentStations/Meshy/station_blacksmith_t07_001_geometry.txt,2713,362,79e0eb23e14d674517afbcc0c3809ec89ab7bf65da824f1aa063934a7e8b7944
3beeffc84004,EnvironmentStation,Geometry,Prompts/EnvironmentStations/Meshy/station_blacksmith_t09_001_geometry.txt,2727,367,290a6fe7377d011f37b9dd979eee55728f7161c8d46f26c82b89264955888177
78a060bc627e,EnvironmentStation,Geometry,Prompts/EnvironmentStations/Meshy/station_enchanter_t01_001_geometry.txt,2666,361,3f1b351da78f351ed7525cc14a6470b2eaf1aae2b40b76b6ca134f9afa383a55
b247a7627e19,EnvironmentStation,Geometry,Prompts/EnvironmentStations/Meshy/station_enchanter_t03_001_geometry.txt,2748,367,1b184e52713dba1379e3fee47c457bf6645cc6223cdfcd0b8442cc0169ca761b
4807a12bbf2e,EnvironmentStation,Geometry,Prompts/EnvironmentStations/Meshy/station_enchanter_t05_001_geometry.txt,2750,366,816ad927ecb43d8b15fed5ad505575a6b586ec465bb96c05228c86bd622c4cbc
0a21c3e15fe2,EnvironmentStation,Geometry,Prompts/EnvironmentStations/Meshy/station_enchanter_t07_001_geometry.txt,2770,364,1efe7a690847320a864b8b4daa74ebf6e7bc93e177e3775f4e284b644a8813a6
a0eafacfa7de,EnvironmentStation,Geometry,Prompts/EnvironmentStations/Meshy/station_enchanter_t09_001_geometry.txt,2784,369,e54be0b539d70bfa45985da35a03a7232c38fecee80bd11ebfb1a2164bed978b
119a936e6a46,EnvironmentStation,Geometry,Prompts/EnvironmentStations/Meshy/station_gatherer_t01_001_geometry.txt,2635,359,5f73314813e43adbf02b8ec958f2b73d1b4133862709d36874f7206f4ec75afe
5a50e714a017,EnvironmentStation,Geometry,Prompts/EnvironmentStations/Meshy/station_gatherer_t03_001_geometry.txt,2717,365,a91e8972c4f13b69efbb1818b30d871bb0960c27e5c187198457d8728de65209
518676f10718,EnvironmentStation,Geometry,Prompts/EnvironmentStations/Meshy/station_gatherer_t05_001_geometry.txt,2719,364,9a6702361869c863a3a37a1d66cd86ee45e743a5f495e57424ef6f943c02ad7f
f02b5c533bb1,EnvironmentStation,Geometry,Prompts/EnvironmentStations/Meshy/station_gatherer_t07_001_geometry.txt,2739,362,68a4ecbe3dd9fc389ae876198d05e091f3aa2ad9ad3d01efb5edaccc6395c9e6
5e0f32b87168,EnvironmentStation,Geometry,Prompts/EnvironmentStations/Meshy/station_gatherer_t09_001_geometry.txt,2753,367,d8b76d2a20b72b9474b909e27163743416b43b7e6aa3533239d092787482f3ad
24b9a9f6ca49,EnvironmentStation,Geometry,Prompts/EnvironmentStations/Meshy/station_tailor_t01_001_geometry.txt,2651,361,f32184eeae311c4b13eed7c6b6f41e5ef905f5d4543b47782a9b4bca48d9f2b2
ce35442b5045,EnvironmentStation,Geometry,Prompts/EnvironmentStations/Meshy/station_tailor_t03_001_geometry.txt,2733,367,15cb3080b3f0bbf0159136c37745b6ef6ac34a9eae2b9e47a7bcd15a8961045f
70c8325fcdb5,EnvironmentStation,Geometry,Prompts/EnvironmentStations/Meshy/station_tailor_t05_001_geometry.txt,2735,366,e8d736018616ae12952a3adf575fd459abfce5e6057d2e3c36ebbc30c7d9ae99
d8955daeec99,EnvironmentStation,Geometry,Prompts/EnvironmentStations/Meshy/station_tailor_t07_001_geometry.txt,2755,364,9d534cc19e4a251ea77fa1b407f1e456deb9e12eda1c299fab821879b96f94da
f56e095fefb3,EnvironmentStation,Geometry,Prompts/EnvironmentStations/Meshy/station_tailor_t09_001_geometry.txt,2769,369,ecb73d6317523a7292aabe4e6ebd43236e9f7f2ebe9e14d9355bbe288c6615f1
79a3a1d4e49d,EnvironmentStation,Geometry,Prompts/EnvironmentStations/StationEvolution/station_alchemist_t01_t09_evolution.txt,2781,357,ca8213f27e8d3cb3bdb7900d890fd936ca275d21a85142e865d33ab6a83bb1cb
a338d8c71cbe,EnvironmentStation,Geometry,Prompts/EnvironmentStations/StationEvolution/station_blacksmith_t01_t09_evolution.txt,2760,358,1383465c1a2faebd9dd68d7cf4384a49fb30871dc15738e8368216c229d0d9f3
50aa7e38d731,EnvironmentStation,Geometry,Prompts/EnvironmentStations/StationEvolution/station_enchanter_t01_t09_evolution.txt,2813,360,eee004b5b8b3b941548886221f4e0223b7eb1e6770a2ae842ac8421ef31664c6
ca066bd05be3,EnvironmentStation,Geometry,Prompts/EnvironmentStations/StationEvolution/station_gatherer_t01_t09_evolution.txt,2784,358,b02417c3fc2addd79e33f30bc7aa3645e59d614a9cf31ecfe78ee712dae266cf
7a1270e58b58,EnvironmentStation,Geometry,Prompts/EnvironmentStations/StationEvolution/station_tailor_t01_t09_evolution.txt,2806,360,c317aef3c34bfae3bb98c2181f8492df1a138d9d46869d3b0a1d57b607d77350
421a89da916d,EnvironmentStation,Texture,Prompts/EnvironmentStations/Texture/env_goblin_mine_camp_gate_001_texture.txt,1713,230,bc244da8e3c903870bc4396e5afd13fd9a5d4667d31c4fd924a6652ce483358e
67a75303f1c1,EnvironmentStation,Texture,Prompts/EnvironmentStations/Texture/env_goblin_mine_goblin_barrel_001_texture.txt,1721,230,3b2413ac7808c629e51efb97b628c9f624077f61ab88d117faa2323a2501d597
a0322aded32d,EnvironmentStation,Texture,Prompts/EnvironmentStations/Texture/env_goblin_mine_goblin_crate_001_texture.txt,1719,230,a696ac5da45fc002c46f3496982d091bc12f69006e40dc00172affac1facbe88
6c202f2b0d1f,EnvironmentStation,Texture,Prompts/EnvironmentStations/Texture/env_goblin_mine_goblin_king_throne_001_texture.txt,1731,231,57964361694c1b72445c67e3288d2893d7472f9f501ce78c8a4e275c575fe1ca
dcd137d5633f,EnvironmentStation,Texture,Prompts/EnvironmentStations/Texture/env_goblin_mine_goblin_tent_001_texture.txt,1717,230,8038eec9e011d8168cef8d0222c9906c4b4e3fab182804affc5d3f9a1b88fe7a
5ab9c0ecd4d4,EnvironmentStation,Texture,Prompts/EnvironmentStations/Texture/env_goblin_mine_ground_dirt_tile_001_texture.txt,1727,231,3be43381c6cbd80f44d5c1c858eedb9fa602567d3b7913bbddae96c9f58e40be
d9dca1f41187,EnvironmentStation,Texture,Prompts/EnvironmentStations/Texture/env_goblin_mine_ground_stone_tile_001_texture.txt,1729,231,73d8e7664d03e6155226fbd96eda788bd0f823744c12dd3ccb95f08e4ffa86d7
fd5183081167,EnvironmentStation,Texture,Prompts/EnvironmentStations/Texture/env_goblin_mine_mine_arch_001_texture.txt,1713,230,516885a59d8e09eddff9b880bddea0218e589a956da5af6545607993e4a155e9
a2d6155c2940,EnvironmentStation,Texture,Prompts/EnvironmentStations/Texture/env_goblin_mine_mine_cart_001_texture.txt,1713,230,6f0d5792cc1074d5decc20043bfe65a9da086b34d887c5c131ba62bd1060a20e
abdc37c78e06,EnvironmentStation,Texture,Prompts/EnvironmentStations/Texture/env_goblin_mine_mine_track_curve_001_texture.txt,1728,231,a42f18fe5dc55e8d5edc0b016acb255e718ac37e0c689d8831cb4b423fcf8349
3ece55a43d7a,EnvironmentStation,Texture,Prompts/EnvironmentStations/Texture/env_goblin_mine_mine_track_straight_001_texture.txt,1733,231,7e48c4b8ae1e69a6bfca7d5c5180a7dfd898af9f213ae86cfcc491362b9ed6fe
ae15a90bbafa,EnvironmentStation,Texture,Prompts/EnvironmentStations/Texture/env_goblin_mine_mine_wall_corner_001_texture.txt,1727,231,9784304ac1928bcc05260292323bc8ea3cdc9ae6bcf98e8fdc4bf3483eebb39d
f358192b2762,EnvironmentStation,Texture,Prompts/EnvironmentStations/Texture/env_goblin_mine_mine_wall_straight_001_texture.txt,1731,231,b8570c785672b3937bf7769752cc0a8adb9a9d5ab001ac545b22416f41420eca
98be94b2373a,EnvironmentStation,Texture,Prompts/EnvironmentStations/Texture/env_goblin_mine_ore_pile_001_texture.txt,1711,230,f7ebad5031f6b825bb0152841240851e40a69a658fa1fedd10b8d4b96d1e1d69
53695016568f,EnvironmentStation,Texture,Prompts/EnvironmentStations/Texture/env_goblin_mine_rope_bridge_001_texture.txt,1717,230,0ed6283997f8f9b781033a4b681d5c22776b1f06160443d7d4378c6ef07715cb
37fcc2d9e7af,EnvironmentStation,Texture,Prompts/EnvironmentStations/Texture/env_goblin_mine_scrap_barricade_001_texture.txt,1725,230,265e752f10724f3358d65488bce8bb064cccec96e4a524813240626318b5a721
f3ab8159d172,EnvironmentStation,Texture,Prompts/EnvironmentStations/Texture/env_goblin_mine_wall_torch_001_texture.txt,1715,230,df040344c7d90244fc841fceba85bc99a05d3257cd9ae3cb49aa7b4f71f19474
bddf12e2be26,EnvironmentStation,Texture,Prompts/EnvironmentStations/Texture/env_goblin_mine_watchtower_001_texture.txt,1722,230,c18373803f4bf25385f45628bedd749b123c12f5b52673824550ff0ae67cc71e
b85172e1827d,EnvironmentStation,Texture,Prompts/EnvironmentStations/Texture/env_goblin_mine_wood_cage_001_texture.txt,1715,230,cfb3ff21b70d63bd93622e6e7397757ce926f8a432b351e42033e12a8f45ce9b
ba4a1653ce98,EnvironmentStation,Texture,Prompts/EnvironmentStations/Texture/env_goblin_mine_wood_support_beam_001_texture.txt,1729,231,7cbf71d8a6b37dda0f5f7271aea49738da454a5495ac53a80105240ce92f5574
61632b482ce3,EnvironmentStation,Texture,Prompts/EnvironmentStations/Texture/env_infernal_fortress_basalt_floor_tile_001_texture.txt,1750,227,409a5a52f4dfbd10239e049915f42ca36439668a96753e9cd6d3de6d473e71d6
2b9c5952d904,EnvironmentStation,Texture,Prompts/EnvironmentStations/Texture/env_infernal_fortress_demon_lord_throne_001_texture.txt,1750,227,f9c3c4c575d5f42d93fc1fd086bb371a8cc5ba44a5ec1b9b69d38af03fd02022
4a949f7f91ff,EnvironmentStation,Texture,Prompts/EnvironmentStations/Texture/env_infernal_fortress_demon_weapon_rack_001_texture.txt,1750,227,eed3bb85650d01d7034eccabad775aff115b17dbbc2ce149d1de1f652e65e335
f2123ccb9812,EnvironmentStation,Texture,Prompts/EnvironmentStations/Texture/env_infernal_fortress_demonic_pillar_001_texture.txt,1744,226,3b2d2504279256238cb5626ba165bdfc981d6fa88dc460d58b403895dc5a4937
b6df19b7539f,EnvironmentStation,Texture,Prompts/EnvironmentStations/Texture/env_infernal_fortress_infernal_arch_001_texture.txt,1742,226,30873e9ff934117ca4a25a5e8a0c4ae6b7530d422bb70c817d5519664d8a024a
5962e87d535a,EnvironmentStation,Texture,Prompts/EnvironmentStations/Texture/env_infernal_fortress_infernal_arena_ring_001_texture.txt,1754,227,1bfb530e83457aa61645f4bc03f3df23b157a5ba59f16192869ca6dc9fb7c8be
7266bb664d12,EnvironmentStation,Texture,Prompts/EnvironmentStations/Texture/env_infernal_fortress_infernal_brazier_001_texture.txt,1748,226,b64c7b2c4258e73dad3dd615055e079040698766430499ed00622c2fcbe60f7d
938bc46759dc,EnvironmentStation,Texture,Prompts/EnvironmentStations/Texture/env_infernal_fortress_infernal_bridge_001_texture.txt,1746,226,4b1c730471cd0ffac44b11c4e2b71d56c1197d7b55b93d1c797f75d6af0a0248
6fbe98ea8960,EnvironmentStation,Texture,Prompts/EnvironmentStations/Texture/env_infernal_fortress_infernal_cage_001_texture.txt,1742,226,1871b8294641dcb4439239785a72025f3fb57d7ec21fc3a010c19ee3bb76a80e
a948f906996f,EnvironmentStation,Texture,Prompts/EnvironmentStations/Texture/env_infernal_fortress_infernal_chain_001_texture.txt,1744,226,8a89c9f8b645a7717f6d191875240165394cb7d9e2795bdbd722d87e76f8fc51
a24fe70eeb5b,EnvironmentStation,Texture,Prompts/EnvironmentStations/Texture/env_infernal_fortress_infernal_crystal_001_texture.txt,1748,226,670c27fdf1ca689b53ed2b9e7996bb65e39098278263ebab6aa7a228219ec75c
71783f6f5ff5,EnvironmentStation,Texture,Prompts/EnvironmentStations/Texture/env_infernal_fortress_infernal_gate_001_texture.txt,1742,226,a1f76d23037e89b06917a415b1a21c29a2f0bba06d642eeeb89ffe55dd234839
eab17b3b77c8,EnvironmentStation,Texture,Prompts/EnvironmentStations/Texture/env_infernal_fortress_infernal_platform_001_texture.txt,1750,226,6f2ae8ffa96af360867a1adc17f496f0c8dfbae257f9495b558d6f030eb1e360
123c1ed8ee48,EnvironmentStation,Texture,Prompts/EnvironmentStations/Texture/env_infernal_fortress_infernal_portal_001_texture.txt,1746,226,60a634bd8acb225a2d2bdf97553aef4417a6686f87134975f8f0215ee573fdfa
1e714ee1a7ee,EnvironmentStation,Texture,Prompts/EnvironmentStations/Texture/env_infernal_fortress_infernal_wall_corner_001_texture.txt,1756,227,f5dbb9fd32d5a0f0075ee611bac984d76f4b03f13fddf22763585b50e7db4408
14776278e4b7,EnvironmentStation,Texture,Prompts/EnvironmentStations/Texture/env_infernal_fortress_infernal_wall_straight_001_texture.txt,1751,226,01e1d8ee87b6cf6e6ae81d59c13e7759ee9ce556b9e4e97234ca18c61d450d34
728d8fe5dad8,EnvironmentStation,Texture,Prompts/EnvironmentStations/Texture/env_infernal_fortress_lava_channel_bend_001_texture.txt,1750,227,6d27912ece43c3b6a2dba6455668c14310831aed14232c79c84fe45e868bd73f
8a1621dd5d2b,EnvironmentStation,Texture,Prompts/EnvironmentStations/Texture/env_infernal_fortress_lava_channel_straight_001_texture.txt,1758,227,6a0b2a092ed86db36e9c7700fee1c66f5fc743fb52002ba0083de93b567a3529
69db821a4320,EnvironmentStation,Texture,Prompts/EnvironmentStations/Texture/env_infernal_fortress_lava_fall_001_texture.txt,1734,226,c01e8ce491b0c1cd5f3dd7c53fba8492193de37a55d1448220e16b5001deaf55
5d69c7c91f71,EnvironmentStation,Texture,Prompts/EnvironmentStations/Texture/env_infernal_fortress_spike_barricade_001_texture.txt,1746,226,e139f6420f8dd9ebc84ab11d5239f17d3f7740e233c5923ca668a7bba26e6656
352e36bca23a,EnvironmentStation,Texture,Prompts/EnvironmentStations/Texture/env_undead_crypt_bone_pile_001_texture.txt,1735,232,88a2fda60081c1a0957bb6c136bfcda2b0e2dd4acaad87d9f10c3566ed496951
145153ff5cd4,EnvironmentStation,Texture,Prompts/EnvironmentStations/Texture/env_undead_crypt_broken_statue_001_texture.txt,1743,232,8ce58d9fa255f0390c0693bfe98c309e471a6e53112e5d464cfba5e4db29ead6
38d0789c3b9f,EnvironmentStation,Texture,Prompts/EnvironmentStations/Texture/env_undead_crypt_coffin_001_texture.txt,1729,231,50a395f9d01373f3c78210a52693789eb6c453b0dfd27c29690d9bb07d0be30d
b6b592975f16,EnvironmentStation,Texture,Prompts/EnvironmentStations/Texture/env_undead_crypt_crypt_arch_001_texture.txt,1740,232,d3d5ddc0ef8d921cba62f404af346b9187e64590d8ed4a8ccff78529180180e2
922983a173e5,EnvironmentStation,Texture,Prompts/EnvironmentStations/Texture/env_undead_crypt_crypt_column_001_texture.txt,1741,232,87c50d826ce61d5f9a5e12190d52e60e8f9ca6d8c03f41456987f03753ea37c3
6a7e56f5ce01,EnvironmentStation,Texture,Prompts/EnvironmentStations/Texture/env_undead_crypt_crypt_door_001_texture.txt,1737,232,6e9d9d93d32608e495f8334a123d1c3c07f54dfa36745593b71eb3f4ecd241fc
5d18b9c72d50,EnvironmentStation,Texture,Prompts/EnvironmentStations/Texture/env_undead_crypt_crypt_floor_tile_001_texture.txt,1749,233,90bfb27e301bd2ec40dc60735e622b04ed90d0341bffd2939a3d0267c9b61109
043272165bbd,EnvironmentStation,Texture,Prompts/EnvironmentStations/Texture/env_undead_crypt_crypt_iron_gate_001_texture.txt,1747,233,5a3c9e3fa51ae20e767cee872f6098a6f6c7b5b84fb7a9cd9b85bd3e7053214b
455858014fbb,EnvironmentStation,Texture,Prompts/EnvironmentStations/Texture/env_undead_crypt_crypt_wall_corner_001_texture.txt,1751,233,ba1d4f81a29c98ecd1d12ff49e15672c4062fa89eb8364076c6bfbe775ae2bd7
b9ba98ff4a87,EnvironmentStation,Texture,Prompts/EnvironmentStations/Texture/env_undead_crypt_crypt_wall_straight_001_texture.txt,1746,232,f0febb9c4ded03c2ee63d540ffa2802c73ffa936c99e6b351fa9dc3d6b697389
81eff6a28872,EnvironmentStation,Texture,Prompts/EnvironmentStations/Texture/env_undead_crypt_grave_marker_001_texture.txt,1741,232,4cb3a8fdf2e509498279c90eca35432c71ee250d9e2be7634f49bb605520ae32
94755c471ab4,EnvironmentStation,Texture,Prompts/EnvironmentStations/Texture/env_undead_crypt_hanging_chain_001_texture.txt,1743,232,1cf2f99ab038e094e8f0f7edb98455332aec6b32c343690cc4c4ebd06ef987c5
755c7c96d691,EnvironmentStation,Texture,Prompts/EnvironmentStations/Texture/env_undead_crypt_lich_throne_001_texture.txt,1739,232,4df709916b2620b20afd6913fd66face43c7edcf143903e4bf0ca2daf72d4287
bfaabd41973c,EnvironmentStation,Texture,Prompts/EnvironmentStations/Texture/env_undead_crypt_necromantic_crystal_001_texture.txt,1755,232,5a80d624d2215567e2617accf808f964c9d808641ead51b3c67413d214dccace
3fa5d2f3b9fb,EnvironmentStation,Texture,Prompts/EnvironmentStations/Texture/env_undead_crypt_necromantic_portal_001_texture.txt,1753,232,20d9265923d22f0beddc88f646c5d407a55d34519eb8c76ae0b1ff5bf588f949
bc18646ceaba,EnvironmentStation,Texture,Prompts/EnvironmentStations/Texture/env_undead_crypt_ossuary_001_texture.txt,1731,231,02d2232c00d3ffe9b07c025adf3432de60532b9b1e12c10a46e731b23bcd0536
3e2b5d4b57e1,EnvironmentStation,Texture,Prompts/EnvironmentStations/Texture/env_undead_crypt_ritual_altar_001_texture.txt,1741,232,262504bf201c0969c9069882fffd9ca278c4d4408c19ba16308a505da0b488a7
b3c24c46fc3f,EnvironmentStation,Texture,Prompts/EnvironmentStations/Texture/env_undead_crypt_sarcophagus_001_texture.txt,1739,231,06d2520211f4509d19b4702d5630799c8cdf4b17122b54f8f1a59826878d58bc
9a8440baae05,EnvironmentStation,Texture,Prompts/EnvironmentStations/Texture/env_undead_crypt_spectral_brazier_001_texture.txt,1749,232,7bb28099f7f1eb0e93dc5b803729b9ae2aff96928e8fabb56eea7ab18e4f5f92
325d66989bbd,EnvironmentStation,Texture,Prompts/EnvironmentStations/Texture/env_undead_crypt_spectral_candle_001_texture.txt,1747,232,f8d98b5ec39fe61cfa3993e9a919261ec0e07fccd9191140406c2f2236c2e657
eea927ac7cce,EnvironmentStation,Texture,Prompts/EnvironmentStations/Texture/station_alchemist_t01_001_texture.txt,1471,203,ee5144586404d71309ea9020685a25c77d91bea3989dba53531a14b7a2ed6263
958803c915fd,EnvironmentStation,Texture,Prompts/EnvironmentStations/Texture/station_alchemist_t03_001_texture.txt,1495,201,e8bd37cfbe364e2be792954429d37f926f0067d2bc7624ee6479ad7d3f065e98
f5c2b2f55447,EnvironmentStation,Texture,Prompts/EnvironmentStations/Texture/station_alchemist_t05_001_texture.txt,1464,198,5aeae183a2a56ab4434b23294ee673d7665cf7dc54e99384e98a2cf1b30f455c
350cedfafae5,EnvironmentStation,Texture,Prompts/EnvironmentStations/Texture/station_alchemist_t07_001_texture.txt,1506,195,a12222992d18b8dd6d73ec8b6b7600761fc2b4b345f93417265251729e958914
02e9ca0e1540,EnvironmentStation,Texture,Prompts/EnvironmentStations/Texture/station_alchemist_t09_001_texture.txt,1515,200,f3f5c64f248b224be5f78539d28eb2e91df6a4467fdaa7d910d3a9fe25af2ca2
a688c18bc8f2,EnvironmentStation,Texture,Prompts/EnvironmentStations/Texture/station_blacksmith_t01_001_texture.txt,1451,201,03e3ab6fedfe5eff0fe701c2d5a80ee1e234be4decd3491150026f5f20417e07
b06d853d18ec,EnvironmentStation,Texture,Prompts/EnvironmentStations/Texture/station_blacksmith_t03_001_texture.txt,1475,199,53e1d62ee33741f21cba0d1542198a531960eb4048fdeab7ab693334086c6470
579e0b609921,EnvironmentStation,Texture,Prompts/EnvironmentStations/Texture/station_blacksmith_t05_001_texture.txt,1444,196,7d4d3ebdaf407c3a132405457b263d4a900429906d129c60a2175289f48003f5
451725e138c2,EnvironmentStation,Texture,Prompts/EnvironmentStations/Texture/station_blacksmith_t07_001_texture.txt,1486,193,fbe832503452ee707ca70db152a5d0aa3bbbcf5ea0ada92bc9a6724ca14d76a8
e30c90f4a357,EnvironmentStation,Texture,Prompts/EnvironmentStations/Texture/station_blacksmith_t09_001_texture.txt,1495,198,cbc5ad5aec5b8c24e72b03e6d8b864afc9c7db6578de2e2282c185d99bdd3d68
fb51bdb9c136,EnvironmentStation,Texture,Prompts/EnvironmentStations/Texture/station_enchanter_t01_001_texture.txt,1473,203,52ac1d7df003c0c4c3d0c510b5837c389a0e03c4fb79776b4e715e7b720310c2
4711aa1764eb,EnvironmentStation,Texture,Prompts/EnvironmentStations/Texture/station_enchanter_t03_001_texture.txt,1497,201,849ffe4960b9b3e7f387b06711f25f41b1d26e6b3ff9213791b00d7bd226f2ee
63ce84dc1fe1,EnvironmentStation,Texture,Prompts/EnvironmentStations/Texture/station_enchanter_t05_001_texture.txt,1466,198,87589b9428cfad3e20f57615668331bd39c6a33f7b23c9966119a149407e77c5
a4aac75a7068,EnvironmentStation,Texture,Prompts/EnvironmentStations/Texture/station_enchanter_t07_001_texture.txt,1508,195,b061cde91165d04f38affbf66bb3f4eece0e4503f6de9e942de5e431f829b699
d77fb68830f8,EnvironmentStation,Texture,Prompts/EnvironmentStations/Texture/station_enchanter_t09_001_texture.txt,1517,200,43bbce9752159a6042553188a77a5fd6daa425d1713a1761c7223e57a7ee30a6
5977d4e8466f,EnvironmentStation,Texture,Prompts/EnvironmentStations/Texture/station_gatherer_t01_001_texture.txt,1453,201,7b7696b797b2e0c4567293fe784bed8ce48bba002de019e62d648bfeffbc4673
d62d5d40a0cc,EnvironmentStation,Texture,Prompts/EnvironmentStations/Texture/station_gatherer_t03_001_texture.txt,1477,199,abbb0170b0dd13657b6ed69e606a993b8fa7872643f7f48d11c8a1157c3cddcf
9031197c4214,EnvironmentStation,Texture,Prompts/EnvironmentStations/Texture/station_gatherer_t05_001_texture.txt,1446,196,01bf82fdf2da15163b5e6d78cd7aa70da3f66bc2f0c99dffe7f648fff737484f
f9c14c871d29,EnvironmentStation,Texture,Prompts/EnvironmentStations/Texture/station_gatherer_t07_001_texture.txt,1488,193,2a6481bf2b065d2c5e6bb425e727c98599690dc81e34afd3af8c8896bb55504e
7efce24d2423,EnvironmentStation,Texture,Prompts/EnvironmentStations/Texture/station_gatherer_t09_001_texture.txt,1497,198,11ce9aef395907dca9c2522a69cb92bf1016060474a5aeeddc94b65882ba8b90
b58503957219,EnvironmentStation,Texture,Prompts/EnvironmentStations/Texture/station_tailor_t01_001_texture.txt,1462,202,6b4b6fd2dc31e9db12a46c6efd239a77f80eafcc6dafa6dcc446d700538d76e0
910839defd3f,EnvironmentStation,Texture,Prompts/EnvironmentStations/Texture/station_tailor_t03_001_texture.txt,1486,200,f473a0fbe8622fd65c04359645b9fb1ba862d54b2c095d262a3129c462c51df4
995486bd48a3,EnvironmentStation,Texture,Prompts/EnvironmentStations/Texture/station_tailor_t05_001_texture.txt,1455,197,3aeb84c694b343f83a059db2adf598e971d48e37f645784f8e30cbcbf9b12693
5496f9d5f99f,EnvironmentStation,Texture,Prompts/EnvironmentStations/Texture/station_tailor_t07_001_texture.txt,1497,194,f9fd60bd7412563d3315fabfa41b861f5b560d9638e767148ee30921bae86613
b3aba57a2f56,EnvironmentStation,Texture,Prompts/EnvironmentStations/Texture/station_tailor_t09_001_texture.txt,1506,199,42ae58555c3d094e1f65665c307fae51c1b2aead659df0bf1233a8ed2f2ee0a6
