"asset_id","display_name_pt","display_name_en","canonical_task","canonical_catalog","source_catalogs","definition_count","asset_class","domain","category","production_phase","priority","tier","generation_method","catalog_status","task019_queue","prompt_count","concept_prompt_path","geometry_prompt_path","texture_prompt_path","pipeline_path","unity_target_path","unity_target_kind"
"anim_boss_demon_lord","Animações — Lorde Demônio","Demon Lord Animation Set","Task015","IdleMedievalLegends_Task015_AssetCatalog/Examples/ASSET_MASTER_CATALOG.csv","Task015","1","Animation","Animation","Animation Set","Season 1","P1","N/A","Meshy Animate + manual cleanup","Planned","No","0","","","","","Assets/_Game/Art/Animations/Demon","Planned destination; existence not asserted"
"anim_boss_goblin_chieftain","Animações — Chefe Goblin","Goblin Chieftain Animation Set","Task015","IdleMedievalLegends_Task015_AssetCatalog/Examples/ASSET_MASTER_CATALOG.csv","Task015","1","Animation","Animation","Animation Set","Season 1","P1","N/A","Meshy Animate + manual cleanup","Planned","No","0","","","","","Assets/_Game/Art/Animations/Goblin","Planned destination; existence not asserted"
"anim_boss_goblin_king","Animações — Rei Goblin","Goblin King Animation Set","Task015","IdleMedievalLegends_Task015_AssetCatalog/Examples/ASSET_MASTER_CATALOG.csv","Task015","1","Animation","Animation","Animation Set","Season 1","P1","N/A","Meshy Animate + manual cleanup","Planned","No","0","","","","","Assets/_Game/Art/Animations/Goblin","Planned destination; existence not asserted"
"anim_boss_incubus_warden","Animações — Guardião Íncubo","Incubus Warden Animation Set","Task015","IdleMedievalLegends_Task015_AssetCatalog/Examples/ASSET_MASTER_CATALOG.csv","Task015","1","Animation","Animation","Animation Set","Season 1","P1","N/A","Meshy Animate + manual cleanup","Planned","No","0","","","","","Assets/_Game/Art/Animations/Demon","Planned destination; existence not asserted"
"anim_boss_lich","Animações — Lich","Lich Boss Animation Set","Task015","IdleMedievalLegends_Task015_AssetCatalog/Examples/ASSET_MASTER_CATALOG.csv","Task015","1","Animation","Animation","Animation Set","Season 1","P1","N/A","Meshy Animate + manual cleanup","Planned","No","0","","","","","Assets/_Game/Art/Animations/Undead","Planned destination; existence not asserted"
"anim_enemy_ghoul","Animações — Carniçal","Ghoul Animation Set","Task015","IdleMedievalLegends_Task015_AssetCatalog/Examples/ASSET_MASTER_CATALOG.csv","Task015","1","Animation","Animation","Animation Set","Season 1","P1","N/A","Meshy Animate + manual cleanup","Planned","No","0","","","","","Assets/_Game/Art/Animations/Undead","Planned destination; existence not asserted"
"anim_enemy_goblin_caster","Animações — Goblin Caster","Goblin Caster Animation Set","Task015","IdleMedievalLegends_Task015_AssetCatalog/Examples/ASSET_MASTER_CATALOG.csv","Task015","1","Animation","Animation","Animation Set","Vertical Slice","P0","N/A","Meshy Animate + manual cleanup","Planned","No","0","","","","","Assets/_Game/Art/Animations/Goblin","Planned destination; existence not asserted"
"anim_enemy_goblin_melee","Animações — Goblin Melee","Goblin Melee Animation Set","Task015","IdleMedievalLegends_Task015_AssetCatalog/Examples/ASSET_MASTER_CATALOG.csv","Task015","1","Animation","Animation","Animation Set","Vertical Slice","P0","N/A","Meshy Animate + manual cleanup","Planned","No","0","","","","","Assets/_Game/Art/Animations/Goblin","Planned destination; existence not asserted"
"anim_enemy_goblin_ranged","Animações — Goblin Ranged","Goblin Ranged Animation Set","Task015","IdleMedievalLegends_Task015_AssetCatalog/Examples/ASSET_MASTER_CATALOG.csv","Task015","1","Animation","Animation","Animation Set","Vertical Slice","P0","N/A","Meshy Animate + manual cleanup","Planned","No","0","","","","","Assets/_Game/Art/Animations/Goblin","Planned destination; existence not asserted"
"anim_enemy_humanoid_caster","Animações — Inimigo Caster","Enemy Caster Animation Set","Task015","IdleMedievalLegends_Task015_AssetCatalog/Examples/ASSET_MASTER_CATALOG.csv","Task015","1","Animation","Animation","Animation Set","Season 1","P1","N/A","Meshy Animate + manual cleanup","Planned","No","0","","","","","Assets/_Game/Art/Animations/Global","Planned destination; existence not asserted"
"anim_enemy_humanoid_melee","Animações — Inimigo Melee","Enemy Melee Animation Set","Task015","IdleMedievalLegends_Task015_AssetCatalog/Examples/ASSET_MASTER_CATALOG.csv","Task015","1","Animation","Animation","Animation Set","Season 1","P1","N/A","Meshy Animate + manual cleanup","Planned","No","0","","","","","Assets/_Game/Art/Animations/Global","Planned destination; existence not asserted"
"anim_enemy_humanoid_ranged","Animações — Inimigo Ranged","Enemy Ranged Animation Set","Task015","IdleMedievalLegends_Task015_AssetCatalog/Examples/ASSET_MASTER_CATALOG.csv","Task015","1","Animation","Animation","Animation Set","Season 1","P1","N/A","Meshy Animate + manual cleanup","Planned","No","0","","","","","Assets/_Game/Art/Animations/Global","Planned destination; existence not asserted"
"anim_enemy_imp","Animações — Diabrete","Imp Animation Set","Task015","IdleMedievalLegends_Task015_AssetCatalog/Examples/ASSET_MASTER_CATALOG.csv","Task015","1","Animation","Animation","Animation Set","Season 1","P1","N/A","Meshy Animate + manual cleanup","Planned","No","0","","","","","Assets/_Game/Art/Animations/Demon","Planned destination; existence not asserted"
"anim_hero_caster_humanoid","Animações — Herói Conjurador","Hero Caster Animation Set","Task015","IdleMedievalLegends_Task015_AssetCatalog/Examples/ASSET_MASTER_CATALOG.csv","Task015","1","Animation","Animation","Animation Set","Vertical Slice","P0","N/A","Meshy Animate + manual cleanup","Planned","No","0","","","","","Assets/_Game/Art/Animations/Heroes","Planned destination; existence not asserted"
"anim_hero_ranged_humanoid","Animações — Herói Ranged","Hero Ranged Animation Set","Task015","IdleMedievalLegends_Task015_AssetCatalog/Examples/ASSET_MASTER_CATALOG.csv","Task015","1","Animation","Animation","Animation Set","Vertical Slice","P0","N/A","Meshy Animate + manual cleanup","Planned","No","0","","","","","Assets/_Game/Art/Animations/Heroes","Planned destination; existence not asserted"
"anim_hero_tank_humanoid","Animações — Herói Tanque","Hero Tank Animation Set","Task015","IdleMedievalLegends_Task015_AssetCatalog/Examples/ASSET_MASTER_CATALOG.csv","Task015","1","Animation","Animation","Animation Set","Vertical Slice","P0","N/A","Meshy Animate + manual cleanup","Planned","No","0","","","","","Assets/_Game/Art/Animations/Heroes","Planned destination; existence not asserted"
"anim_loot_chest","Animações — Baú","Loot Chest Animation Set","Task015","IdleMedievalLegends_Task015_AssetCatalog/Examples/ASSET_MASTER_CATALOG.csv","Task015","1","Animation","Animation","Animation Set","Vertical Slice","P0","N/A","Meshy Animate + manual cleanup","Planned","No","0","","","","","Assets/_Game/Art/Animations/Rewards","Planned destination; existence not asserted"
"boss_bone_knight_001","Cavaleiro Ósseo","Bone Knight","Task015","IdleMedievalLegends_Task015_AssetCatalog/Examples/ASSET_MASTER_CATALOG.csv","Task015","1","3D Model","Character","Enemy Boss","Season 1 - Arc 2","P1","N/A","Multi-view Image to 3D","Planned","No","0","","","","","Assets/_Game/Art/Characters/Enemies/Undead/bone_knight_001/Models","Planned destination; existence not asserted"
"boss_demon_lord_001","Lorde Demônio","Demon Lord","Task015","IdleMedievalLegends_Task015_AssetCatalog/Examples/ASSET_MASTER_CATALOG.csv","Task015","1","3D Model","Character","Enemy Boss","Season 1 - Arc 3","P1","N/A","Multi-view Image to 3D","Planned","No","0","","","","","Assets/_Game/Art/Characters/Enemies/Demon/demon_lord_001/Models","Planned destination; existence not asserted"
"boss_goblin_chieftain_001","Chefe Goblin","Goblin Chieftain","Task016","IdleMedievalLegends_Task016_CharacterDesignPack/Examples/CHARACTER_PRODUCTION_SHEETS.csv","Task015;Task016;Task019","2","3D Model","Character","Mid-Boss","MVP","P1","N/A","Multi-view Image to 3D","Planned","Yes","3","IdleMedievalLegends_Task019_MeshyOperations/Prompts/Characters/ConceptArt/boss_goblin_chieftain_001_concept_sheet.txt","IdleMedievalLegends_Task019_MeshyOperations/Prompts/Characters/Meshy/boss_goblin_chieftain_001_meshy_character.txt","IdleMedievalLegends_Task019_MeshyOperations/Prompts/Characters/Texture/boss_goblin_chieftain_001_texture.txt","IdleMedievalLegends_Task019_MeshyOperations/Combined/boss_goblin_chieftain_001_PIPELINE.md","Assets/_Game/Art/Characters/boss_goblin_chieftain_001","Planned destination; existence not asserted"
"boss_goblin_king_001","Rei Goblin","Goblin King","Task016","IdleMedievalLegends_Task016_CharacterDesignPack/Examples/CHARACTER_PRODUCTION_SHEETS.csv","Task015;Task016;Task019","2","3D Model","Character","Final Boss","MVP","P1","N/A","Multi-view Image to 3D","Planned","Yes","3","IdleMedievalLegends_Task019_MeshyOperations/Prompts/Characters/ConceptArt/boss_goblin_king_001_concept_sheet.txt","IdleMedievalLegends_Task019_MeshyOperations/Prompts/Characters/Meshy/boss_goblin_king_001_meshy_character.txt","IdleMedievalLegends_Task019_MeshyOperations/Prompts/Characters/Texture/boss_goblin_king_001_texture.txt","IdleMedievalLegends_Task019_MeshyOperations/Combined/boss_goblin_king_001_PIPELINE.md","Assets/_Game/Art/Characters/boss_goblin_king_001","Planned destination; existence not asserted"
"boss_incubus_warden_001","Guardião Íncubo","Incubus Warden","Task015","IdleMedievalLegends_Task015_AssetCatalog/Examples/ASSET_MASTER_CATALOG.csv","Task015","1","3D Model","Character","Enemy Boss","Season 1 - Arc 3","P1","N/A","Multi-view Image to 3D","Planned","No","0","","","","","Assets/_Game/Art/Characters/Enemies/Demon/incubus_warden_001/Models","Planned destination; existence not asserted"
"boss_lich_001","Lich","Lich","Task015","IdleMedievalLegends_Task015_AssetCatalog/Examples/ASSET_MASTER_CATALOG.csv","Task015","1","3D Model","Character","Enemy Boss","Season 1 - Arc 2","P1","N/A","Multi-view Image to 3D","Planned","No","0","","","","","Assets/_Game/Art/Characters/Enemies/Undead/lich_001/Models","Planned destination; existence not asserted"
"currency_gold_coin_pile_001","Pilha de Moedas de Ouro","Gold Coin Pile","Task015","IdleMedievalLegends_Task015_AssetCatalog/Examples/ASSET_MASTER_CATALOG.csv","Task015","1","3D Model","Loot","Currency","Vertical Slice","P0","N/A","Text to 3D","Planned","No","0","","","","","Assets/_Game/Art/Props/Loot/Core","Planned destination; existence not asserted"
"currency_premium_gem_001","Gema Premium","Premium Gem","Task015","IdleMedievalLegends_Task015_AssetCatalog/Examples/ASSET_MASTER_CATALOG.csv","Task015","1","3D Model","Loot","Currency","Vertical Slice","P0","N/A","Text to 3D","Planned","No","0","","","","","Assets/_Game/Art/Props/Loot/Core","Planned destination; existence not asserted"
"enemy_bone_acolyte_001","Acólito Ósseo","Bone Acolyte","Task015","IdleMedievalLegends_Task015_AssetCatalog/Examples/ASSET_MASTER_CATALOG.csv","Task015","1","3D Model","Character","Enemy","Season 1 - Arc 2","P1","N/A","Image to 3D","Planned","No","0","","","","","Assets/_Game/Art/Characters/Enemies/Undead/bone_acolyte_001/Models","Planned destination; existence not asserted"
"enemy_bone_archmage_001","Arquimago Ósseo","Bone Archmage","Task015","IdleMedievalLegends_Task015_AssetCatalog/Examples/ASSET_MASTER_CATALOG.csv","Task015","1","3D Model","Character","Enemy","Season 1 - Arc 2","P2","N/A","Image to 3D","Planned","No","0","","","","","Assets/_Game/Art/Characters/Enemies/Undead/bone_archmage_001/Models","Planned destination; existence not asserted"
"enemy_death_knight_001","Cavaleiro da Morte","Death Knight","Task015","IdleMedievalLegends_Task015_AssetCatalog/Examples/ASSET_MASTER_CATALOG.csv","Task015","1","3D Model","Character","Enemy","Season 1 - Arc 2","P2","N/A","Image to 3D","Planned","No","0","","","","","Assets/_Game/Art/Characters/Enemies/Undead/death_knight_001/Models","Planned destination; existence not asserted"
"enemy_demon_knight_001","Cavaleiro Demoníaco","Demon Knight","Task015","IdleMedievalLegends_Task015_AssetCatalog/Examples/ASSET_MASTER_CATALOG.csv","Task015","1","3D Model","Character","Enemy","Season 1 - Arc 3","P2","N/A","Image to 3D","Planned","No","0","","","","","Assets/_Game/Art/Characters/Enemies/Demon/demon_knight_001/Models","Planned destination; existence not asserted"
"enemy_demon_ranger_001","Patrulheiro Demoníaco","Demon Ranger","Task015","IdleMedievalLegends_Task015_AssetCatalog/Examples/ASSET_MASTER_CATALOG.csv","Task015","1","3D Model","Character","Enemy","Season 1 - Arc 3","P2","N/A","Image to 3D","Planned","No","0","","","","","Assets/_Game/Art/Characters/Enemies/Demon/demon_ranger_001/Models","Planned destination; existence not asserted"
"enemy_ghoul_reaver_001","Carniçal Dilacerador","Ghoul Reaver","Task015","IdleMedievalLegends_Task015_AssetCatalog/Examples/ASSET_MASTER_CATALOG.csv","Task015","1","3D Model","Character","Enemy","Season 1 - Arc 2","P2","N/A","Image to 3D","Planned","No","0","","","","","Assets/_Game/Art/Characters/Enemies/Undead/ghoul_reaver_001/Models","Planned destination; existence not asserted"
"enemy_goblin_archer_001","Arqueiro Goblin","Goblin Archer","Task016","IdleMedievalLegends_Task016_CharacterDesignPack/Examples/CHARACTER_PRODUCTION_SHEETS.csv","Task015;Task016;Task019","2","3D Model","Character","Common Enemy","Vertical Slice","P0","N/A","Image to 3D","Planned","Yes","3","IdleMedievalLegends_Task019_MeshyOperations/Prompts/Characters/ConceptArt/enemy_goblin_archer_001_concept_sheet.txt","IdleMedievalLegends_Task019_MeshyOperations/Prompts/Characters/Meshy/enemy_goblin_archer_001_meshy_character.txt","IdleMedievalLegends_Task019_MeshyOperations/Prompts/Characters/Texture/enemy_goblin_archer_001_texture.txt","IdleMedievalLegends_Task019_MeshyOperations/Combined/enemy_goblin_archer_001_PIPELINE.md","Assets/_Game/Art/Characters/enemy_goblin_archer_001","Planned destination; existence not asserted"
"enemy_goblin_high_shaman_001","Alto Xamã Goblin","Goblin High Shaman","Task016","IdleMedievalLegends_Task016_CharacterDesignPack/Examples/CHARACTER_PRODUCTION_SHEETS.csv","Task015;Task016;Task019","2","3D Model","Character","Elite Enemy","MVP","P2","N/A","Multi-view Image to 3D","Planned","Yes","3","IdleMedievalLegends_Task019_MeshyOperations/Prompts/Characters/ConceptArt/enemy_goblin_high_shaman_001_concept_sheet.txt","IdleMedievalLegends_Task019_MeshyOperations/Prompts/Characters/Meshy/enemy_goblin_high_shaman_001_meshy_character.txt","IdleMedievalLegends_Task019_MeshyOperations/Prompts/Characters/Texture/enemy_goblin_high_shaman_001_texture.txt","IdleMedievalLegends_Task019_MeshyOperations/Combined/enemy_goblin_high_shaman_001_PIPELINE.md","Assets/_Game/Art/Characters/enemy_goblin_high_shaman_001","Planned destination; existence not asserted"
"enemy_goblin_ranger_001","Patrulheiro Goblin","Goblin Ranger","Task016","IdleMedievalLegends_Task016_CharacterDesignPack/Examples/CHARACTER_PRODUCTION_SHEETS.csv","Task015;Task016;Task019","2","3D Model","Character","Elite Enemy","MVP","P2","N/A","Multi-view Image to 3D","Planned","Yes","3","IdleMedievalLegends_Task019_MeshyOperations/Prompts/Characters/ConceptArt/enemy_goblin_ranger_001_concept_sheet.txt","IdleMedievalLegends_Task019_MeshyOperations/Prompts/Characters/Meshy/enemy_goblin_ranger_001_meshy_character.txt","IdleMedievalLegends_Task019_MeshyOperations/Prompts/Characters/Texture/enemy_goblin_ranger_001_texture.txt","IdleMedievalLegends_Task019_MeshyOperations/Combined/enemy_goblin_ranger_001_PIPELINE.md","Assets/_Game/Art/Characters/enemy_goblin_ranger_001","Planned destination; existence not asserted"
"enemy_goblin_scavenger_001","Goblin Saqueador","Goblin Scavenger","Task016","IdleMedievalLegends_Task016_CharacterDesignPack/Examples/CHARACTER_PRODUCTION_SHEETS.csv","Task015;Task016;Task019","2","3D Model","Character","Common Enemy","Vertical Slice","P0","N/A","Image to 3D","Planned","Yes","3","IdleMedievalLegends_Task019_MeshyOperations/Prompts/Characters/ConceptArt/enemy_goblin_scavenger_001_concept_sheet.txt","IdleMedievalLegends_Task019_MeshyOperations/Prompts/Characters/Meshy/enemy_goblin_scavenger_001_meshy_character.txt","IdleMedievalLegends_Task019_MeshyOperations/Prompts/Characters/Texture/enemy_goblin_scavenger_001_texture.txt","IdleMedievalLegends_Task019_MeshyOperations/Combined/enemy_goblin_scavenger_001_PIPELINE.md","Assets/_Game/Art/Characters/enemy_goblin_scavenger_001","Planned destination; existence not asserted"
"enemy_goblin_shaman_001","Xamã Goblin","Goblin Shaman","Task016","IdleMedievalLegends_Task016_CharacterDesignPack/Examples/CHARACTER_PRODUCTION_SHEETS.csv","Task015;Task016;Task019","2","3D Model","Character","Special Enemy","MVP","P1","N/A","Image to 3D","Planned","Yes","3","IdleMedievalLegends_Task019_MeshyOperations/Prompts/Characters/ConceptArt/enemy_goblin_shaman_001_concept_sheet.txt","IdleMedievalLegends_Task019_MeshyOperations/Prompts/Characters/Meshy/enemy_goblin_shaman_001_meshy_character.txt","IdleMedievalLegends_Task019_MeshyOperations/Prompts/Characters/Texture/enemy_goblin_shaman_001_texture.txt","IdleMedievalLegends_Task019_MeshyOperations/Combined/enemy_goblin_shaman_001_PIPELINE.md","Assets/_Game/Art/Characters/enemy_goblin_shaman_001","Planned destination; existence not asserted"
"enemy_goblin_warrior_001","Guerreiro Goblin","Goblin Warrior","Task016","IdleMedievalLegends_Task016_CharacterDesignPack/Examples/CHARACTER_PRODUCTION_SHEETS.csv","Task015;Task016;Task019","2","3D Model","Character","Common Enemy","Vertical Slice","P0","N/A","Image to 3D","Planned","Yes","3","IdleMedievalLegends_Task019_MeshyOperations/Prompts/Characters/ConceptArt/enemy_goblin_warrior_001_concept_sheet.txt","IdleMedievalLegends_Task019_MeshyOperations/Prompts/Characters/Meshy/enemy_goblin_warrior_001_meshy_character.txt","IdleMedievalLegends_Task019_MeshyOperations/Prompts/Characters/Texture/enemy_goblin_warrior_001_texture.txt","IdleMedievalLegends_Task019_MeshyOperations/Combined/enemy_goblin_warrior_001_PIPELINE.md","Assets/_Game/Art/Characters/enemy_goblin_warrior_001","Planned destination; existence not asserted"
"enemy_grave_ranger_001","Patrulheiro da Tumba","Grave Ranger","Task015","IdleMedievalLegends_Task015_AssetCatalog/Examples/ASSET_MASTER_CATALOG.csv","Task015","1","3D Model","Character","Enemy","Season 1 - Arc 2","P2","N/A","Image to 3D","Planned","No","0","","","","","Assets/_Game/Art/Characters/Enemies/Undead/grave_ranger_001/Models","Planned destination; existence not asserted"
"enemy_hobgoblin_knight_001","Cavaleiro Hobgoblin","Hobgoblin Knight","Task016","IdleMedievalLegends_Task016_CharacterDesignPack/Examples/CHARACTER_PRODUCTION_SHEETS.csv","Task015;Task016;Task019","2","3D Model","Character","Elite Enemy","MVP","P2","N/A","Multi-view Image to 3D","Planned","Yes","3","IdleMedievalLegends_Task019_MeshyOperations/Prompts/Characters/ConceptArt/enemy_hobgoblin_knight_001_concept_sheet.txt","IdleMedievalLegends_Task019_MeshyOperations/Prompts/Characters/Meshy/enemy_hobgoblin_knight_001_meshy_character.txt","IdleMedievalLegends_Task019_MeshyOperations/Prompts/Characters/Texture/enemy_hobgoblin_knight_001_texture.txt","IdleMedievalLegends_Task019_MeshyOperations/Combined/enemy_hobgoblin_knight_001_PIPELINE.md","Assets/_Game/Art/Characters/enemy_hobgoblin_knight_001","Planned destination; existence not asserted"
"enemy_imp_001","Diabrete","Imp","Task015","IdleMedievalLegends_Task015_AssetCatalog/Examples/ASSET_MASTER_CATALOG.csv","Task015","1","3D Model","Character","Enemy","Season 1 - Arc 3","P1","N/A","Image to 3D","Planned","No","0","","","","","Assets/_Game/Art/Characters/Enemies/Demon/imp_001/Models","Planned destination; existence not asserted"
"enemy_imp_legionary_001","Legionário Diabrete","Imp Legionary","Task015","IdleMedievalLegends_Task015_AssetCatalog/Examples/ASSET_MASTER_CATALOG.csv","Task015","1","3D Model","Character","Enemy","Season 1 - Arc 3","P1","N/A","Image to 3D","Planned","No","0","","","","","Assets/_Game/Art/Characters/Enemies/Demon/imp_legionary_001/Models","Planned destination; existence not asserted"
"enemy_imp_pyromancer_001","Piromante Diabrete","Imp Pyromancer","Task015","IdleMedievalLegends_Task015_AssetCatalog/Examples/ASSET_MASTER_CATALOG.csv","Task015","1","3D Model","Character","Enemy","Season 1 - Arc 3","P1","N/A","Image to 3D","Planned","No","0","","","","","Assets/_Game/Art/Characters/Enemies/Demon/imp_pyromancer_001/Models","Planned destination; existence not asserted"
"enemy_imp_skirmisher_001","Escaramuçador Diabrete","Imp Skirmisher","Task015","IdleMedievalLegends_Task015_AssetCatalog/Examples/ASSET_MASTER_CATALOG.csv","Task015","1","3D Model","Character","Enemy","Season 1 - Arc 3","P1","N/A","Image to 3D","Planned","No","0","","","","","Assets/_Game/Art/Characters/Enemies/Demon/imp_skirmisher_001/Models","Planned destination; existence not asserted"
"enemy_restless_skeleton_001","Esqueleto Inquieto","Restless Skeleton","Task015","IdleMedievalLegends_Task015_AssetCatalog/Examples/ASSET_MASTER_CATALOG.csv","Task015","1","3D Model","Character","Enemy","Season 1 - Arc 2","P1","N/A","Image to 3D","Planned","No","0","","","","","Assets/_Game/Art/Characters/Enemies/Undead/restless_skeleton_001/Models","Planned destination; existence not asserted"
"enemy_skeleton_archer_001","Arqueiro Esqueleto","Skeleton Archer","Task015","IdleMedievalLegends_Task015_AssetCatalog/Examples/ASSET_MASTER_CATALOG.csv","Task015","1","3D Model","Character","Enemy","Season 1 - Arc 2","P1","N/A","Image to 3D","Planned","No","0","","","","","Assets/_Game/Art/Characters/Enemies/Undead/skeleton_archer_001/Models","Planned destination; existence not asserted"
"enemy_skeleton_soldier_001","Soldado Esqueleto","Skeleton Soldier","Task015","IdleMedievalLegends_Task015_AssetCatalog/Examples/ASSET_MASTER_CATALOG.csv","Task015","1","3D Model","Character","Enemy","Season 1 - Arc 2","P1","N/A","Image to 3D","Planned","No","0","","","","","Assets/_Game/Art/Characters/Enemies/Undead/skeleton_soldier_001/Models","Planned destination; existence not asserted"
"enemy_succubus_enchantress_001","Encantadora Súcubo","Succubus Enchantress","Task015","IdleMedievalLegends_Task015_AssetCatalog/Examples/ASSET_MASTER_CATALOG.csv","Task015","1","3D Model","Character","Enemy","Season 1 - Arc 3","P2","N/A","Image to 3D","Planned","No","0","","","","","Assets/_Game/Art/Characters/Enemies/Demon/succubus_enchantress_001/Models","Planned destination; existence not asserted"
"env_goblin_mine_camp_gate_001","Portão do Acampamento","Camp Gate","Task018","IdleMedievalLegends_Task018_EnvironmentStations/Examples/ENVIRONMENT_STATION_PRODUCTION_CATALOG.csv","Task015;Task018;Task019","2","3D Model","Environment","large prop","Vertical Slice","P0","N/A","Image to 3D","Planned","Yes","3","IdleMedievalLegends_Task019_MeshyOperations/Prompts/EnvironmentStations/ConceptArt/env_goblin_mine_camp_gate_001_concept_sheet.txt","IdleMedievalLegends_Task019_MeshyOperations/Prompts/EnvironmentStations/Meshy/env_goblin_mine_camp_gate_001_geometry.txt","IdleMedievalLegends_Task019_MeshyOperations/Prompts/EnvironmentStations/Texture/env_goblin_mine_camp_gate_001_texture.txt","IdleMedievalLegends_Task019_MeshyOperations/Combined/env_goblin_mine_camp_gate_001_PIPELINE.md","Assets/_Game/Art/Environments/goblin_mine/Models","Planned destination; existence not asserted"
"env_goblin_mine_goblin_barrel_001","Barril Goblin","Goblin Barrel","Task018","IdleMedievalLegends_Task018_EnvironmentStations/Examples/ENVIRONMENT_STATION_PRODUCTION_CATALOG.csv","Task015;Task018;Task019","2","3D Model","Environment","prop","Vertical Slice","P0","N/A","Text to 3D","Planned","Yes","3","IdleMedievalLegends_Task019_MeshyOperations/Prompts/EnvironmentStations/ConceptArt/env_goblin_mine_goblin_barrel_001_concept_sheet.txt","IdleMedievalLegends_Task019_MeshyOperations/Prompts/EnvironmentStations/Meshy/env_goblin_mine_goblin_barrel_001_geometry.txt","IdleMedievalLegends_Task019_MeshyOperations/Prompts/EnvironmentStations/Texture/env_goblin_mine_goblin_barrel_001_texture.txt","IdleMedievalLegends_Task019_MeshyOperations/Combined/env_goblin_mine_goblin_barrel_001_PIPELINE.md","Assets/_Game/Art/Environments/goblin_mine/Models","Planned destination; existence not asserted"
"env_goblin_mine_goblin_crate_001","Caixote Goblin","Goblin Crate","Task018","IdleMedievalLegends_Task018_EnvironmentStations/Examples/ENVIRONMENT_STATION_PRODUCTION_CATALOG.csv","Task015;Task018;Task019","2","3D Model","Environment","prop","Vertical Slice","P0","N/A","Text to 3D","Planned","Yes","3","IdleMedievalLegends_Task019_MeshyOperations/Prompts/EnvironmentStations/ConceptArt/env_goblin_mine_goblin_crate_001_concept_sheet.txt","IdleMedievalLegends_Task019_MeshyOperations/Prompts/EnvironmentStations/Meshy/env_goblin_mine_goblin_crate_001_geometry.txt","IdleMedievalLegends_Task019_MeshyOperations/Prompts/EnvironmentStations/Texture/env_goblin_mine_goblin_crate_001_texture.txt","IdleMedievalLegends_Task019_MeshyOperations/Combined/env_goblin_mine_goblin_crate_001_PIPELINE.md","Assets/_Game/Art/Environments/goblin_mine/Models","Planned destination; existence not asserted"
"env_goblin_mine_goblin_king_throne_001","Trono do Rei Goblin","Goblin King Throne","Task018","IdleMedievalLegends_Task018_EnvironmentStations/Examples/ENVIRONMENT_STATION_PRODUCTION_CATALOG.csv","Task015;Task018;Task019","2","3D Model","Environment","hero prop","Vertical Slice","P0","N/A","Image to 3D","Planned","Yes","3","IdleMedievalLegends_Task019_MeshyOperations/Prompts/EnvironmentStations/ConceptArt/env_goblin_mine_goblin_king_throne_001_concept_sheet.txt","IdleMedievalLegends_Task019_MeshyOperations/Prompts/EnvironmentStations/Meshy/env_goblin_mine_goblin_king_throne_001_geometry.txt","IdleMedievalLegends_Task019_MeshyOperations/Prompts/EnvironmentStations/Texture/env_goblin_mine_goblin_king_throne_001_texture.txt","IdleMedievalLegends_Task019_MeshyOperations/Combined/env_goblin_mine_goblin_king_throne_001_PIPELINE.md","Assets/_Game/Art/Environments/goblin_mine/Models","Planned destination; existence not asserted"
"env_goblin_mine_goblin_tent_001","Tenda Goblin","Goblin Tent","Task018","IdleMedievalLegends_Task018_EnvironmentStations/Examples/ENVIRONMENT_STATION_PRODUCTION_CATALOG.csv","Task015;Task018;Task019","2","3D Model","Environment","large prop","Vertical Slice","P0","N/A","Image to 3D","Planned","Yes","3","IdleMedievalLegends_Task019_MeshyOperations/Prompts/EnvironmentStations/ConceptArt/env_goblin_mine_goblin_tent_001_concept_sheet.txt","IdleMedievalLegends_Task019_MeshyOperations/Prompts/EnvironmentStations/Meshy/env_goblin_mine_goblin_tent_001_geometry.txt","IdleMedievalLegends_Task019_MeshyOperations/Prompts/EnvironmentStations/Texture/env_goblin_mine_goblin_tent_001_texture.txt","IdleMedievalLegends_Task019_MeshyOperations/Combined/env_goblin_mine_goblin_tent_001_PIPELINE.md","Assets/_Game/Art/Environments/goblin_mine/Models","Planned destination; existence not asserted"
"env_goblin_mine_ground_dirt_tile_001","Piso de Terra","Dirt Ground Tile","Task018","IdleMedievalLegends_Task018_EnvironmentStations/Examples/ENVIRONMENT_STATION_PRODUCTION_CATALOG.csv","Task015;Task018;Task019","2","3D Model","Environment","tile","Vertical Slice","P0","N/A","Text to 3D","Planned","Yes","3","IdleMedievalLegends_Task019_MeshyOperations/Prompts/EnvironmentStations/ConceptArt/env_goblin_mine_ground_dirt_tile_001_concept_sheet.txt","IdleMedievalLegends_Task019_MeshyOperations/Prompts/EnvironmentStations/Meshy/env_goblin_mine_ground_dirt_tile_001_geometry.txt","IdleMedievalLegends_Task019_MeshyOperations/Prompts/EnvironmentStations/Texture/env_goblin_mine_ground_dirt_tile_001_texture.txt","IdleMedievalLegends_Task019_MeshyOperations/Combined/env_goblin_mine_ground_dirt_tile_001_PIPELINE.md","Assets/_Game/Art/Environments/goblin_mine/Models","Planned destination; existence not asserted"
"env_goblin_mine_ground_stone_tile_001","Piso de Pedra","Stone Ground Tile","Task018","IdleMedievalLegends_Task018_EnvironmentStations/Examples/ENVIRONMENT_STATION_PRODUCTION_CATALOG.csv","Task015;Task018;Task019","2","3D Model","Environment","tile","Vertical Slice","P0","N/A","Text to 3D","Planned","Yes","3","IdleMedievalLegends_Task019_MeshyOperations/Prompts/EnvironmentStations/ConceptArt/env_goblin_mine_ground_stone_tile_001_concept_sheet.txt","IdleMedievalLegends_Task019_MeshyOperations/Prompts/EnvironmentStations/Meshy/env_goblin_mine_ground_stone_tile_001_geometry.txt","IdleMedievalLegends_Task019_MeshyOperations/Prompts/EnvironmentStations/Texture/env_goblin_mine_ground_stone_tile_001_texture.txt","IdleMedievalLegends_Task019_MeshyOperations/Combined/env_goblin_mine_ground_stone_tile_001_PIPELINE.md","Assets/_Game/Art/Environments/goblin_mine/Models","Planned destination; existence not asserted"
"env_goblin_mine_mine_arch_001","Arco de Mina","Mine Arch","Task018","IdleMedievalLegends_Task018_EnvironmentStations/Examples/ENVIRONMENT_STATION_PRODUCTION_CATALOG.csv","Task015;Task018;Task019","2","3D Model","Environment","structure","Vertical Slice","P0","N/A","Image to 3D","Planned","Yes","3","IdleMedievalLegends_Task019_MeshyOperations/Prompts/EnvironmentStations/ConceptArt/env_goblin_mine_mine_arch_001_concept_sheet.txt","IdleMedievalLegends_Task019_MeshyOperations/Prompts/EnvironmentStations/Meshy/env_goblin_mine_mine_arch_001_geometry.txt","IdleMedievalLegends_Task019_MeshyOperations/Prompts/EnvironmentStations/Texture/env_goblin_mine_mine_arch_001_texture.txt","IdleMedievalLegends_Task019_MeshyOperations/Combined/env_goblin_mine_mine_arch_001_PIPELINE.md","Assets/_Game/Art/Environments/goblin_mine/Models","Planned destination; existence not asserted"
"env_goblin_mine_mine_cart_001","Carrinho de Minério","Mine Cart","Task018","IdleMedievalLegends_Task018_EnvironmentStations/Examples/ENVIRONMENT_STATION_PRODUCTION_CATALOG.csv","Task015;Task018;Task019","2","3D Model","Environment","prop","Vertical Slice","P0","N/A","Text to 3D","Planned","Yes","3","IdleMedievalLegends_Task019_MeshyOperations/Prompts/EnvironmentStations/ConceptArt/env_goblin_mine_mine_cart_001_concept_sheet.txt","IdleMedievalLegends_Task019_MeshyOperations/Prompts/EnvironmentStations/Meshy/env_goblin_mine_mine_cart_001_geometry.txt","IdleMedievalLegends_Task019_MeshyOperations/Prompts/EnvironmentStations/Texture/env_goblin_mine_mine_cart_001_texture.txt","IdleMedievalLegends_Task019_MeshyOperations/Combined/env_goblin_mine_mine_cart_001_PIPELINE.md","Assets/_Game/Art/Environments/goblin_mine/Models","Planned destination; existence not asserted"
"env_goblin_mine_mine_track_curve_001","Trilho Curvo","Curved Mine Track","Task018","IdleMedievalLegends_Task018_EnvironmentStations/Examples/ENVIRONMENT_STATION_PRODUCTION_CATALOG.csv","Task015;Task018;Task019","2","3D Model","Environment","modular prop","Vertical Slice","P0","N/A","Text to 3D","Planned","Yes","3","IdleMedievalLegends_Task019_MeshyOperations/Prompts/EnvironmentStations/ConceptArt/env_goblin_mine_mine_track_curve_001_concept_sheet.txt","IdleMedievalLegends_Task019_MeshyOperations/Prompts/EnvironmentStations/Meshy/env_goblin_mine_mine_track_curve_001_geometry.txt","IdleMedievalLegends_Task019_MeshyOperations/Prompts/EnvironmentStations/Texture/env_goblin_mine_mine_track_curve_001_texture.txt","IdleMedievalLegends_Task019_MeshyOperations/Combined/env_goblin_mine_mine_track_curve_001_PIPELINE.md","Assets/_Game/Art/Environments/goblin_mine/Models","Planned destination; existence not asserted"
"env_goblin_mine_mine_track_straight_001","Trilho Reto","Straight Mine Track","Task018","IdleMedievalLegends_Task018_EnvironmentStations/Examples/ENVIRONMENT_STATION_PRODUCTION_CATALOG.csv","Task015;Task018;Task019","2","3D Model","Environment","modular prop","Vertical Slice","P0","N/A","Text to 3D","Planned","Yes","3","IdleMedievalLegends_Task019_MeshyOperations/Prompts/EnvironmentStations/ConceptArt/env_goblin_mine_mine_track_straight_001_concept_sheet.txt","IdleMedievalLegends_Task019_MeshyOperations/Prompts/EnvironmentStations/Meshy/env_goblin_mine_mine_track_straight_001_geometry.txt","IdleMedievalLegends_Task019_MeshyOperations/Prompts/EnvironmentStations/Texture/env_goblin_mine_mine_track_straight_001_texture.txt","IdleMedievalLegends_Task019_MeshyOperations/Combined/env_goblin_mine_mine_track_straight_001_PIPELINE.md","Assets/_Game/Art/Environments/goblin_mine/Models","Planned destination; existence not asserted"
"env_goblin_mine_mine_wall_corner_001","Canto de Mina","Mine Wall Corner","Task018","IdleMedievalLegends_Task018_EnvironmentStations/Examples/ENVIRONMENT_STATION_PRODUCTION_CATALOG.csv","Task015;Task018;Task019","2","3D Model","Environment","wall","Vertical Slice","P0","N/A","Image to 3D","Planned","Yes","3","IdleMedievalLegends_Task019_MeshyOperations/Prompts/EnvironmentStations/ConceptArt/env_goblin_mine_mine_wall_corner_001_concept_sheet.txt","IdleMedievalLegends_Task019_MeshyOperations/Prompts/EnvironmentStations/Meshy/env_goblin_mine_mine_wall_corner_001_geometry.txt","IdleMedievalLegends_Task019_MeshyOperations/Prompts/EnvironmentStations/Texture/env_goblin_mine_mine_wall_corner_001_texture.txt","IdleMedievalLegends_Task019_MeshyOperations/Combined/env_goblin_mine_mine_wall_corner_001_PIPELINE.md","Assets/_Game/Art/Environments/goblin_mine/Models","Planned destination; existence not asserted"
"env_goblin_mine_mine_wall_straight_001","Parede de Mina Reta","Straight Mine Wall","Task018","IdleMedievalLegends_Task018_EnvironmentStations/Examples/ENVIRONMENT_STATION_PRODUCTION_CATALOG.csv","Task015;Task018;Task019","2","3D Model","Environment","wall","Vertical Slice","P0","N/A","Image to 3D","Planned","Yes","3","IdleMedievalLegends_Task019_MeshyOperations/Prompts/EnvironmentStations/ConceptArt/env_goblin_mine_mine_wall_straight_001_concept_sheet.txt","IdleMedievalLegends_Task019_MeshyOperations/Prompts/EnvironmentStations/Meshy/env_goblin_mine_mine_wall_straight_001_geometry.txt","IdleMedievalLegends_Task019_MeshyOperations/Prompts/EnvironmentStations/Texture/env_goblin_mine_mine_wall_straight_001_texture.txt","IdleMedievalLegends_Task019_MeshyOperations/Combined/env_goblin_mine_mine_wall_straight_001_PIPELINE.md","Assets/_Game/Art/Environments/goblin_mine/Models","Planned destination; existence not asserted"
"env_goblin_mine_ore_pile_001","Pilha de Minério","Ore Pile","Task018","IdleMedievalLegends_Task018_EnvironmentStations/Examples/ENVIRONMENT_STATION_PRODUCTION_CATALOG.csv","Task015;Task018;Task019","2","3D Model","Environment","prop","Vertical Slice","P0","N/A","Text to 3D","Planned","Yes","3","IdleMedievalLegends_Task019_MeshyOperations/Prompts/EnvironmentStations/ConceptArt/env_goblin_mine_ore_pile_001_concept_sheet.txt","IdleMedievalLegends_Task019_MeshyOperations/Prompts/EnvironmentStations/Meshy/env_goblin_mine_ore_pile_001_geometry.txt","IdleMedievalLegends_Task019_MeshyOperations/Prompts/EnvironmentStations/Texture/env_goblin_mine_ore_pile_001_texture.txt","IdleMedievalLegends_Task019_MeshyOperations/Combined/env_goblin_mine_ore_pile_001_PIPELINE.md","Assets/_Game/Art/Environments/goblin_mine/Models","Planned destination; existence not asserted"
"env_goblin_mine_rope_bridge_001","Ponte de Corda","Rope Bridge","Task018","IdleMedievalLegends_Task018_EnvironmentStations/Examples/ENVIRONMENT_STATION_PRODUCTION_CATALOG.csv","Task015;Task018;Task019","2","3D Model","Environment","large prop","Vertical Slice","P0","N/A","Image to 3D","Planned","Yes","3","IdleMedievalLegends_Task019_MeshyOperations/Prompts/EnvironmentStations/ConceptArt/env_goblin_mine_rope_bridge_001_concept_sheet.txt","IdleMedievalLegends_Task019_MeshyOperations/Prompts/EnvironmentStations/Meshy/env_goblin_mine_rope_bridge_001_geometry.txt","IdleMedievalLegends_Task019_MeshyOperations/Prompts/EnvironmentStations/Texture/env_goblin_mine_rope_bridge_001_texture.txt","IdleMedievalLegends_Task019_MeshyOperations/Combined/env_goblin_mine_rope_bridge_001_PIPELINE.md","Assets/_Game/Art/Environments/goblin_mine/Models","Planned destination; existence not asserted"
"env_goblin_mine_scrap_barricade_001","Barricada de Sucata","Scrap Barricade","Task018","IdleMedievalLegends_Task018_EnvironmentStations/Examples/ENVIRONMENT_STATION_PRODUCTION_CATALOG.csv","Task015;Task018;Task019","2","3D Model","Environment","prop","Vertical Slice","P0","N/A","Text to 3D","Planned","Yes","3","IdleMedievalLegends_Task019_MeshyOperations/Prompts/EnvironmentStations/ConceptArt/env_goblin_mine_scrap_barricade_001_concept_sheet.txt","IdleMedievalLegends_Task019_MeshyOperations/Prompts/EnvironmentStations/Meshy/env_goblin_mine_scrap_barricade_001_geometry.txt","IdleMedievalLegends_Task019_MeshyOperations/Prompts/EnvironmentStations/Texture/env_goblin_mine_scrap_barricade_001_texture.txt","IdleMedievalLegends_Task019_MeshyOperations/Combined/env_goblin_mine_scrap_barricade_001_PIPELINE.md","Assets/_Game/Art/Environments/goblin_mine/Models","Planned destination; existence not asserted"
"env_goblin_mine_wall_torch_001","Tocha de Parede","Wall Torch","Task018","IdleMedievalLegends_Task018_EnvironmentStations/Examples/ENVIRONMENT_STATION_PRODUCTION_CATALOG.csv","Task015;Task018;Task019","2","3D Model","Environment","prop","Vertical Slice","P0","N/A","Text to 3D","Planned","Yes","3","IdleMedievalLegends_Task019_MeshyOperations/Prompts/EnvironmentStations/ConceptArt/env_goblin_mine_wall_torch_001_concept_sheet.txt","IdleMedievalLegends_Task019_MeshyOperations/Prompts/EnvironmentStations/Meshy/env_goblin_mine_wall_torch_001_geometry.txt","IdleMedievalLegends_Task019_MeshyOperations/Prompts/EnvironmentStations/Texture/env_goblin_mine_wall_torch_001_texture.txt","IdleMedievalLegends_Task019_MeshyOperations/Combined/env_goblin_mine_wall_torch_001_PIPELINE.md","Assets/_Game/Art/Environments/goblin_mine/Models","Planned destination; existence not asserted"
"env_goblin_mine_watchtower_001","Torre de Vigia Goblin","Goblin Watchtower","Task018","IdleMedievalLegends_Task018_EnvironmentStations/Examples/ENVIRONMENT_STATION_PRODUCTION_CATALOG.csv","Task015;Task018;Task019","2","3D Model","Environment","large prop","Vertical Slice","P0","N/A","Image to 3D","Planned","Yes","3","IdleMedievalLegends_Task019_MeshyOperations/Prompts/EnvironmentStations/ConceptArt/env_goblin_mine_watchtower_001_concept_sheet.txt","IdleMedievalLegends_Task019_MeshyOperations/Prompts/EnvironmentStations/Meshy/env_goblin_mine_watchtower_001_geometry.txt","IdleMedievalLegends_Task019_MeshyOperations/Prompts/EnvironmentStations/Texture/env_goblin_mine_watchtower_001_texture.txt","IdleMedievalLegends_Task019_MeshyOperations/Combined/env_goblin_mine_watchtower_001_PIPELINE.md","Assets/_Game/Art/Environments/goblin_mine/Models","Planned destination; existence not asserted"
"env_goblin_mine_wood_cage_001","Jaula de Madeira","Wooden Cage","Task018","IdleMedievalLegends_Task018_EnvironmentStations/Examples/ENVIRONMENT_STATION_PRODUCTION_CATALOG.csv","Task015;Task018;Task019","2","3D Model","Environment","prop","Vertical Slice","P0","N/A","Text to 3D","Planned","Yes","3","IdleMedievalLegends_Task019_MeshyOperations/Prompts/EnvironmentStations/ConceptArt/env_goblin_mine_wood_cage_001_concept_sheet.txt","IdleMedievalLegends_Task019_MeshyOperations/Prompts/EnvironmentStations/Meshy/env_goblin_mine_wood_cage_001_geometry.txt","IdleMedievalLegends_Task019_MeshyOperations/Prompts/EnvironmentStations/Texture/env_goblin_mine_wood_cage_001_texture.txt","IdleMedievalLegends_Task019_MeshyOperations/Combined/env_goblin_mine_wood_cage_001_PIPELINE.md","Assets/_Game/Art/Environments/goblin_mine/Models","Planned destination; existence not asserted"
"env_goblin_mine_wood_support_beam_001","Viga de Suporte","Wood Support Beam","Task018","IdleMedievalLegends_Task018_EnvironmentStations/Examples/ENVIRONMENT_STATION_PRODUCTION_CATALOG.csv","Task015;Task018;Task019","2","3D Model","Environment","structure","Vertical Slice","P0","N/A","Image to 3D","Planned","Yes","3","IdleMedievalLegends_Task019_MeshyOperations/Prompts/EnvironmentStations/ConceptArt/env_goblin_mine_wood_support_beam_001_concept_sheet.txt","IdleMedievalLegends_Task019_MeshyOperations/Prompts/EnvironmentStations/Meshy/env_goblin_mine_wood_support_beam_001_geometry.txt","IdleMedievalLegends_Task019_MeshyOperations/Prompts/EnvironmentStations/Texture/env_goblin_mine_wood_support_beam_001_texture.txt","IdleMedievalLegends_Task019_MeshyOperations/Combined/env_goblin_mine_wood_support_beam_001_PIPELINE.md","Assets/_Game/Art/Environments/goblin_mine/Models","Planned destination; existence not asserted"
"env_infernal_fortress_basalt_floor_tile_001","Piso de Basalto","Basalt Floor Tile","Task018","IdleMedievalLegends_Task018_EnvironmentStations/Examples/ENVIRONMENT_STATION_PRODUCTION_CATALOG.csv","Task015;Task018;Task019","2","3D Model","Environment","tile","Season 1 - Arc 3","P1","N/A","Text to 3D","Planned","Yes","3","IdleMedievalLegends_Task019_MeshyOperations/Prompts/EnvironmentStations/ConceptArt/env_infernal_fortress_basalt_floor_tile_001_concept_sheet.txt","IdleMedievalLegends_Task019_MeshyOperations/Prompts/EnvironmentStations/Meshy/env_infernal_fortress_basalt_floor_tile_001_geometry.txt","IdleMedievalLegends_Task019_MeshyOperations/Prompts/EnvironmentStations/Texture/env_infernal_fortress_basalt_floor_tile_001_texture.txt","IdleMedievalLegends_Task019_MeshyOperations/Combined/env_infernal_fortress_basalt_floor_tile_001_PIPELINE.md","Assets/_Game/Art/Environments/infernal_fortress/Models","Planned destination; existence not asserted"
"env_infernal_fortress_demon_lord_throne_001","Trono do Lorde Demônio","Demon Lord Throne","Task018","IdleMedievalLegends_Task018_EnvironmentStations/Examples/ENVIRONMENT_STATION_PRODUCTION_CATALOG.csv","Task015;Task018;Task019","2","3D Model","Environment","hero prop","Season 1 - Arc 3","P1","N/A","Image to 3D","Planned","Yes","3","IdleMedievalLegends_Task019_MeshyOperations/Prompts/EnvironmentStations/ConceptArt/env_infernal_fortress_demon_lord_throne_001_concept_sheet.txt","IdleMedievalLegends_Task019_MeshyOperations/Prompts/EnvironmentStations/Meshy/env_infernal_fortress_demon_lord_throne_001_geometry.txt","IdleMedievalLegends_Task019_MeshyOperations/Prompts/EnvironmentStations/Texture/env_infernal_fortress_demon_lord_throne_001_texture.txt","IdleMedievalLegends_Task019_MeshyOperations/Combined/env_infernal_fortress_demon_lord_throne_001_PIPELINE.md","Assets/_Game/Art/Environments/infernal_fortress/Models","Planned destination; existence not asserted"
"env_infernal_fortress_demon_weapon_rack_001","Arsenal Demoníaco","Demon Weapon Rack","Task018","IdleMedievalLegends_Task018_EnvironmentStations/Examples/ENVIRONMENT_STATION_PRODUCTION_CATALOG.csv","Task015;Task018;Task019","2","3D Model","Environment","prop","Season 1 - Arc 3","P1","N/A","Text to 3D","Planned","Yes","3","IdleMedievalLegends_Task019_MeshyOperations/Prompts/EnvironmentStations/ConceptArt/env_infernal_fortress_demon_weapon_rack_001_concept_sheet.txt","IdleMedievalLegends_Task019_MeshyOperations/Prompts/EnvironmentStations/Meshy/env_infernal_fortress_demon_weapon_rack_001_geometry.txt","IdleMedievalLegends_Task019_MeshyOperations/Prompts/EnvironmentStations/Texture/env_infernal_fortress_demon_weapon_rack_001_texture.txt","IdleMedievalLegends_Task019_MeshyOperations/Combined/env_infernal_fortress_demon_weapon_rack_001_PIPELINE.md","Assets/_Game/Art/Environments/infernal_fortress/Models","Planned destination; existence not asserted"
"env_infernal_fortress_demonic_pillar_001","Pilar Demoníaco","Demonic Pillar","Task018","IdleMedievalLegends_Task018_EnvironmentStations/Examples/ENVIRONMENT_STATION_PRODUCTION_CATALOG.csv","Task015;Task018;Task019","2","3D Model","Environment","structure","Season 1 - Arc 3","P1","N/A","Image to 3D","Planned","Yes","3","IdleMedievalLegends_Task019_MeshyOperations/Prompts/EnvironmentStations/ConceptArt/env_infernal_fortress_demonic_pillar_001_concept_sheet.txt","IdleMedievalLegends_Task019_MeshyOperations/Prompts/EnvironmentStations/Meshy/env_infernal_fortress_demonic_pillar_001_geometry.txt","IdleMedievalLegends_Task019_MeshyOperations/Prompts/EnvironmentStations/Texture/env_infernal_fortress_demonic_pillar_001_texture.txt","IdleMedievalLegends_Task019_MeshyOperations/Combined/env_infernal_fortress_demonic_pillar_001_PIPELINE.md","Assets/_Game/Art/Environments/infernal_fortress/Models","Planned destination; existence not asserted"
"env_infernal_fortress_infernal_arch_001","Arco Infernal","Infernal Arch","Task018","IdleMedievalLegends_Task018_EnvironmentStations/Examples/ENVIRONMENT_STATION_PRODUCTION_CATALOG.csv","Task015;Task018;Task019","2","3D Model","Environment","structure","Season 1 - Arc 3","P1","N/A","Image to 3D","Planned","Yes","3","IdleMedievalLegends_Task019_MeshyOperations/Prompts/EnvironmentStations/ConceptArt/env_infernal_fortress_infernal_arch_001_concept_sheet.txt","IdleMedievalLegends_Task019_MeshyOperations/Prompts/EnvironmentStations/Meshy/env_infernal_fortress_infernal_arch_001_geometry.txt","IdleMedievalLegends_Task019_MeshyOperations/Prompts/EnvironmentStations/Texture/env_infernal_fortress_infernal_arch_001_texture.txt","IdleMedievalLegends_Task019_MeshyOperations/Combined/env_infernal_fortress_infernal_arch_001_PIPELINE.md","Assets/_Game/Art/Environments/infernal_fortress/Models","Planned destination; existence not asserted"
"env_infernal_fortress_infernal_arena_ring_001","Anel da Arena Infernal","Infernal Arena Ring","Task018","IdleMedievalLegends_Task018_EnvironmentStations/Examples/ENVIRONMENT_STATION_PRODUCTION_CATALOG.csv","Task015;Task018;Task019","2","3D Model","Environment","large prop","Season 1 - Arc 3","P1","N/A","Image to 3D","Planned","Yes","3","IdleMedievalLegends_Task019_MeshyOperations/Prompts/EnvironmentStations/ConceptArt/env_infernal_fortress_infernal_arena_ring_001_concept_sheet.txt","IdleMedievalLegends_Task019_MeshyOperations/Prompts/EnvironmentStations/Meshy/env_infernal_fortress_infernal_arena_ring_001_geometry.txt","IdleMedievalLegends_Task019_MeshyOperations/Prompts/EnvironmentStations/Texture/env_infernal_fortress_infernal_arena_ring_001_texture.txt","IdleMedievalLegends_Task019_MeshyOperations/Combined/env_infernal_fortress_infernal_arena_ring_001_PIPELINE.md","Assets/_Game/Art/Environments/infernal_fortress/Models","Planned destination; existence not asserted"
"env_infernal_fortress_infernal_brazier_001","Braseiro Infernal","Infernal Brazier","Task018","IdleMedievalLegends_Task018_EnvironmentStations/Examples/ENVIRONMENT_STATION_PRODUCTION_CATALOG.csv","Task015;Task018;Task019","2","3D Model","Environment","prop","Season 1 - Arc 3","P1","N/A","Text to 3D","Planned","Yes","3","IdleMedievalLegends_Task019_MeshyOperations/Prompts/EnvironmentStations/ConceptArt/env_infernal_fortress_infernal_brazier_001_concept_sheet.txt","IdleMedievalLegends_Task019_MeshyOperations/Prompts/EnvironmentStations/Meshy/env_infernal_fortress_infernal_brazier_001_geometry.txt","IdleMedievalLegends_Task019_MeshyOperations/Prompts/EnvironmentStations/Texture/env_infernal_fortress_infernal_brazier_001_texture.txt","IdleMedievalLegends_Task019_MeshyOperations/Combined/env_infernal_fortress_infernal_brazier_001_PIPELINE.md","Assets/_Game/Art/Environments/infernal_fortress/Models","Planned destination; existence not asserted"
"env_infernal_fortress_infernal_bridge_001","Ponte Infernal","Infernal Bridge","Task018","IdleMedievalLegends_Task018_EnvironmentStations/Examples/ENVIRONMENT_STATION_PRODUCTION_CATALOG.csv","Task015;Task018;Task019","2","3D Model","Environment","large prop","Season 1 - Arc 3","P1","N/A","Image to 3D","Planned","Yes","3","IdleMedievalLegends_Task019_MeshyOperations/Prompts/EnvironmentStations/ConceptArt/env_infernal_fortress_infernal_bridge_001_concept_sheet.txt","IdleMedievalLegends_Task019_MeshyOperations/Prompts/EnvironmentStations/Meshy/env_infernal_fortress_infernal_bridge_001_geometry.txt","IdleMedievalLegends_Task019_MeshyOperations/Prompts/EnvironmentStations/Texture/env_infernal_fortress_infernal_bridge_001_texture.txt","IdleMedievalLegends_Task019_MeshyOperations/Combined/env_infernal_fortress_infernal_bridge_001_PIPELINE.md","Assets/_Game/Art/Environments/infernal_fortress/Models","Planned destination; existence not asserted"
"env_infernal_fortress_infernal_cage_001","Jaula Infernal","Infernal Cage","Task018","IdleMedievalLegends_Task018_EnvironmentStations/Examples/ENVIRONMENT_STATION_PRODUCTION_CATALOG.csv","Task015;Task018;Task019","2","3D Model","Environment","prop","Season 1 - Arc 3","P1","N/A","Text to 3D","Planned","Yes","3","IdleMedievalLegends_Task019_MeshyOperations/Prompts/EnvironmentStations/ConceptArt/env_infernal_fortress_infernal_cage_001_concept_sheet.txt","IdleMedievalLegends_Task019_MeshyOperations/Prompts/EnvironmentStations/Meshy/env_infernal_fortress_infernal_cage_001_geometry.txt","IdleMedievalLegends_Task019_MeshyOperations/Prompts/EnvironmentStations/Texture/env_infernal_fortress_infernal_cage_001_texture.txt","IdleMedievalLegends_Task019_MeshyOperations/Combined/env_infernal_fortress_infernal_cage_001_PIPELINE.md","Assets/_Game/Art/Environments/infernal_fortress/Models","Planned destination; existence not asserted"
"env_infernal_fortress_infernal_chain_001","Corrente Infernal","Infernal Chain","Task018","IdleMedievalLegends_Task018_EnvironmentStations/Examples/ENVIRONMENT_STATION_PRODUCTION_CATALOG.csv","Task015;Task018;Task019","2","3D Model","Environment","prop","Season 1 - Arc 3","P1","N/A","Text to 3D","Planned","Yes","3","IdleMedievalLegends_Task019_MeshyOperations/Prompts/EnvironmentStations/ConceptArt/env_infernal_fortress_infernal_chain_001_concept_sheet.txt","IdleMedievalLegends_Task019_MeshyOperations/Prompts/EnvironmentStations/Meshy/env_infernal_fortress_infernal_chain_001_geometry.txt","IdleMedievalLegends_Task019_MeshyOperations/Prompts/EnvironmentStations/Texture/env_infernal_fortress_infernal_chain_001_texture.txt","IdleMedievalLegends_Task019_MeshyOperations/Combined/env_infernal_fortress_infernal_chain_001_PIPELINE.md","Assets/_Game/Art/Environments/infernal_fortress/Models","Planned destination; existence not asserted"
"env_infernal_fortress_infernal_crystal_001","Cristal Infernal","Infernal Crystal","Task018","IdleMedievalLegends_Task018_EnvironmentStations/Examples/ENVIRONMENT_STATION_PRODUCTION_CATALOG.csv","Task015;Task018;Task019","2","3D Model","Environment","prop","Season 1 - Arc 3","P1","N/A","Text to 3D","Planned","Yes","3","IdleMedievalLegends_Task019_MeshyOperations/Prompts/EnvironmentStations/ConceptArt/env_infernal_fortress_infernal_crystal_001_concept_sheet.txt","IdleMedievalLegends_Task019_MeshyOperations/Prompts/EnvironmentStations/Meshy/env_infernal_fortress_infernal_crystal_001_geometry.txt","IdleMedievalLegends_Task019_MeshyOperations/Prompts/EnvironmentStations/Texture/env_infernal_fortress_infernal_crystal_001_texture.txt","IdleMedievalLegends_Task019_MeshyOperations/Combined/env_infernal_fortress_infernal_crystal_001_PIPELINE.md","Assets/_Game/Art/Environments/infernal_fortress/Models","Planned destination; existence not asserted"
"env_infernal_fortress_infernal_gate_001","Portão Infernal","Infernal Gate","Task018","IdleMedievalLegends_Task018_EnvironmentStations/Examples/ENVIRONMENT_STATION_PRODUCTION_CATALOG.csv","Task015;Task018;Task019","2","3D Model","Environment","large prop","Season 1 - Arc 3","P1","N/A","Image to 3D","Planned","Yes","3","IdleMedievalLegends_Task019_MeshyOperations/Prompts/EnvironmentStations/ConceptArt/env_infernal_fortress_infernal_gate_001_concept_sheet.txt","IdleMedievalLegends_Task019_MeshyOperations/Prompts/EnvironmentStations/Meshy/env_infernal_fortress_infernal_gate_001_geometry.txt","IdleMedievalLegends_Task019_MeshyOperations/Prompts/EnvironmentStations/Texture/env_infernal_fortress_infernal_gate_001_texture.txt","IdleMedievalLegends_Task019_MeshyOperations/Combined/env_infernal_fortress_infernal_gate_001_PIPELINE.md","Assets/_Game/Art/Environments/infernal_fortress/Models","Planned destination; existence not asserted"
"env_infernal_fortress_infernal_platform_001","Plataforma Infernal","Infernal Platform","Task018","IdleMedievalLegends_Task018_EnvironmentStations/Examples/ENVIRONMENT_STATION_PRODUCTION_CATALOG.csv","Task015;Task018;Task019","2","3D Model","Environment","large prop","Season 1 - Arc 3","P1","N/A","Image to 3D","Planned","Yes","3","IdleMedievalLegends_Task019_MeshyOperations/Prompts/EnvironmentStations/ConceptArt/env_infernal_fortress_infernal_platform_001_concept_sheet.txt","IdleMedievalLegends_Task019_MeshyOperations/Prompts/EnvironmentStations/Meshy/env_infernal_fortress_infernal_platform_001_geometry.txt","IdleMedievalLegends_Task019_MeshyOperations/Prompts/EnvironmentStations/Texture/env_infernal_fortress_infernal_platform_001_texture.txt","IdleMedievalLegends_Task019_MeshyOperations/Combined/env_infernal_fortress_infernal_platform_001_PIPELINE.md","Assets/_Game/Art/Environments/infernal_fortress/Models","Planned destination; existence not asserted"
"env_infernal_fortress_infernal_portal_001","Portal Infernal","Infernal Portal","Task018","IdleMedievalLegends_Task018_EnvironmentStations/Examples/ENVIRONMENT_STATION_PRODUCTION_CATALOG.csv","Task015;Task018;Task019","2","3D Model","Environment","hero prop","Season 1 - Arc 3","P1","N/A","Image to 3D","Planned","Yes","3","IdleMedievalLegends_Task019_MeshyOperations/Prompts/EnvironmentStations/ConceptArt/env_infernal_fortress_infernal_portal_001_concept_sheet.txt","IdleMedievalLegends_Task019_MeshyOperations/Prompts/EnvironmentStations/Meshy/env_infernal_fortress_infernal_portal_001_geometry.txt","IdleMedievalLegends_Task019_MeshyOperations/Prompts/EnvironmentStations/Texture/env_infernal_fortress_infernal_portal_001_texture.txt","IdleMedievalLegends_Task019_MeshyOperations/Combined/env_infernal_fortress_infernal_portal_001_PIPELINE.md","Assets/_Game/Art/Environments/infernal_fortress/Models","Planned destination; existence not asserted"
"env_infernal_fortress_infernal_wall_corner_001","Canto Infernal","Infernal Wall Corner","Task018","IdleMedievalLegends_Task018_EnvironmentStations/Examples/ENVIRONMENT_STATION_PRODUCTION_CATALOG.csv","Task015;Task018;Task019","2","3D Model","Environment","wall","Season 1 - Arc 3","P1","N/A","Image to 3D","Planned","Yes","3","IdleMedievalLegends_Task019_MeshyOperations/Prompts/EnvironmentStations/ConceptArt/env_infernal_fortress_infernal_wall_corner_001_concept_sheet.txt","IdleMedievalLegends_Task019_MeshyOperations/Prompts/EnvironmentStations/Meshy/env_infernal_fortress_infernal_wall_corner_001_geometry.txt","IdleMedievalLegends_Task019_MeshyOperations/Prompts/EnvironmentStations/Texture/env_infernal_fortress_infernal_wall_corner_001_texture.txt","IdleMedievalLegends_Task019_MeshyOperations/Combined/env_infernal_fortress_infernal_wall_corner_001_PIPELINE.md","Assets/_Game/Art/Environments/infernal_fortress/Models","Planned destination; existence not asserted"
"env_infernal_fortress_infernal_wall_straight_001","Muralha Infernal","Infernal Wall","Task018","IdleMedievalLegends_Task018_EnvironmentStations/Examples/ENVIRONMENT_STATION_PRODUCTION_CATALOG.csv","Task015;Task018;Task019","2","3D Model","Environment","wall","Season 1 - Arc 3","P1","N/A","Image to 3D","Planned","Yes","3","IdleMedievalLegends_Task019_MeshyOperations/Prompts/EnvironmentStations/ConceptArt/env_infernal_fortress_infernal_wall_straight_001_concept_sheet.txt","IdleMedievalLegends_Task019_MeshyOperations/Prompts/EnvironmentStations/Meshy/env_infernal_fortress_infernal_wall_straight_001_geometry.txt","IdleMedievalLegends_Task019_MeshyOperations/Prompts/EnvironmentStations/Texture/env_infernal_fortress_infernal_wall_straight_001_texture.txt","IdleMedievalLegends_Task019_MeshyOperations/Combined/env_infernal_fortress_infernal_wall_straight_001_PIPELINE.md","Assets/_Game/Art/Environments/infernal_fortress/Models","Planned destination; existence not asserted"
"env_infernal_fortress_lava_channel_bend_001","Curva de Canal de Lava","Lava Channel Bend","Task018","IdleMedievalLegends_Task018_EnvironmentStations/Examples/ENVIRONMENT_STATION_PRODUCTION_CATALOG.csv","Task015;Task018;Task019","2","3D Model","Environment","tile","Season 1 - Arc 3","P1","N/A","Text to 3D","Planned","Yes","3","IdleMedievalLegends_Task019_MeshyOperations/Prompts/EnvironmentStations/ConceptArt/env_infernal_fortress_lava_channel_bend_001_concept_sheet.txt","IdleMedievalLegends_Task019_MeshyOperations/Prompts/EnvironmentStations/Meshy/env_infernal_fortress_lava_channel_bend_001_geometry.txt","IdleMedievalLegends_Task019_MeshyOperations/Prompts/EnvironmentStations/Texture/env_infernal_fortress_lava_channel_bend_001_texture.txt","IdleMedievalLegends_Task019_MeshyOperations/Combined/env_infernal_fortress_lava_channel_bend_001_PIPELINE.md","Assets/_Game/Art/Environments/infernal_fortress/Models","Planned destination; existence not asserted"
"env_infernal_fortress_lava_channel_straight_001","Canal de Lava Reto","Straight Lava Channel","Task018","IdleMedievalLegends_Task018_EnvironmentStations/Examples/ENVIRONMENT_STATION_PRODUCTION_CATALOG.csv","Task015;Task018;Task019","2","3D Model","Environment","tile","Season 1 - Arc 3","P1","N/A","Text to 3D","Planned","Yes","3","IdleMedievalLegends_Task019_MeshyOperations/Prompts/EnvironmentStations/ConceptArt/env_infernal_fortress_lava_channel_straight_001_concept_sheet.txt","IdleMedievalLegends_Task019_MeshyOperations/Prompts/EnvironmentStations/Meshy/env_infernal_fortress_lava_channel_straight_001_geometry.txt","IdleMedievalLegends_Task019_MeshyOperations/Prompts/EnvironmentStations/Texture/env_infernal_fortress_lava_channel_straight_001_texture.txt","IdleMedievalLegends_Task019_MeshyOperations/Combined/env_infernal_fortress_lava_channel_straight_001_PIPELINE.md","Assets/_Game/Art/Environments/infernal_fortress/Models","Planned destination; existence not asserted"
"env_infernal_fortress_lava_fall_001","Cascata de Lava","Lava Fall","Task018","IdleMedievalLegends_Task018_EnvironmentStations/Examples/ENVIRONMENT_STATION_PRODUCTION_CATALOG.csv","Task015;Task018;Task019","2","3D Model","Environment","environment effect mesh","Season 1 - Arc 3","P1","N/A","Image to 3D","Planned","Yes","3","IdleMedievalLegends_Task019_MeshyOperations/Prompts/EnvironmentStations/ConceptArt/env_infernal_fortress_lava_fall_001_concept_sheet.txt","IdleMedievalLegends_Task019_MeshyOperations/Prompts/EnvironmentStations/Meshy/env_infernal_fortress_lava_fall_001_geometry.txt","IdleMedievalLegends_Task019_MeshyOperations/Prompts/EnvironmentStations/Texture/env_infernal_fortress_lava_fall_001_texture.txt","IdleMedievalLegends_Task019_MeshyOperations/Combined/env_infernal_fortress_lava_fall_001_PIPELINE.md","Assets/_Game/Art/Environments/infernal_fortress/Models","Planned destination; existence not asserted"
"env_infernal_fortress_spike_barricade_001","Barricada de Espinhos","Spike Barricade","Task018","IdleMedievalLegends_Task018_EnvironmentStations/Examples/ENVIRONMENT_STATION_PRODUCTION_CATALOG.csv","Task015;Task018;Task019","2","3D Model","Environment","prop","Season 1 - Arc 3","P1","N/A","Text to 3D","Planned","Yes","3","IdleMedievalLegends_Task019_MeshyOperations/Prompts/EnvironmentStations/ConceptArt/env_infernal_fortress_spike_barricade_001_concept_sheet.txt","IdleMedievalLegends_Task019_MeshyOperations/Prompts/EnvironmentStations/Meshy/env_infernal_fortress_spike_barricade_001_geometry.txt","IdleMedievalLegends_Task019_MeshyOperations/Prompts/EnvironmentStations/Texture/env_infernal_fortress_spike_barricade_001_texture.txt","IdleMedievalLegends_Task019_MeshyOperations/Combined/env_infernal_fortress_spike_barricade_001_PIPELINE.md","Assets/_Game/Art/Environments/infernal_fortress/Models","Planned destination; existence not asserted"
"env_undead_crypt_bone_pile_001","Pilha de Ossos","Bone Pile","Task018","IdleMedievalLegends_Task018_EnvironmentStations/Examples/ENVIRONMENT_STATION_PRODUCTION_CATALOG.csv","Task015;Task018;Task019","2","3D Model","Environment","prop","Season 1 - Arc 2","P1","N/A","Text to 3D","Planned","Yes","3","IdleMedievalLegends_Task019_MeshyOperations/Prompts/EnvironmentStations/ConceptArt/env_undead_crypt_bone_pile_001_concept_sheet.txt","IdleMedievalLegends_Task019_MeshyOperations/Prompts/EnvironmentStations/Meshy/env_undead_crypt_bone_pile_001_geometry.txt","IdleMedievalLegends_Task019_MeshyOperations/Prompts/EnvironmentStations/Texture/env_undead_crypt_bone_pile_001_texture.txt","IdleMedievalLegends_Task019_MeshyOperations/Combined/env_undead_crypt_bone_pile_001_PIPELINE.md","Assets/_Game/Art/Environments/undead_crypt/Models","Planned destination; existence not asserted"
"env_undead_crypt_broken_statue_001","Estátua Quebrada","Broken Statue","Task018","IdleMedievalLegends_Task018_EnvironmentStations/Examples/ENVIRONMENT_STATION_PRODUCTION_CATALOG.csv","Task015;Task018;Task019","2","3D Model","Environment","prop","Season 1 - Arc 2","P1","N/A","Text to 3D","Planned","Yes","3","IdleMedievalLegends_Task019_MeshyOperations/Prompts/EnvironmentStations/ConceptArt/env_undead_crypt_broken_statue_001_concept_sheet.txt","IdleMedievalLegends_Task019_MeshyOperations/Prompts/EnvironmentStations/Meshy/env_undead_crypt_broken_statue_001_geometry.txt","IdleMedievalLegends_Task019_MeshyOperations/Prompts/EnvironmentStations/Texture/env_undead_crypt_broken_statue_001_texture.txt","IdleMedievalLegends_Task019_MeshyOperations/Combined/env_undead_crypt_broken_statue_001_PIPELINE.md","Assets/_Game/Art/Environments/undead_crypt/Models","Planned destination; existence not asserted"
"env_undead_crypt_coffin_001","Caixão","Coffin","Task018","IdleMedievalLegends_Task018_EnvironmentStations/Examples/ENVIRONMENT_STATION_PRODUCTION_CATALOG.csv","Task015;Task018;Task019","2","3D Model","Environment","prop","Season 1 - Arc 2","P1","N/A","Text to 3D","Planned","Yes","3","IdleMedievalLegends_Task019_MeshyOperations/Prompts/EnvironmentStations/ConceptArt/env_undead_crypt_coffin_001_concept_sheet.txt","IdleMedievalLegends_Task019_MeshyOperations/Prompts/EnvironmentStations/Meshy/env_undead_crypt_coffin_001_geometry.txt","IdleMedievalLegends_Task019_MeshyOperations/Prompts/EnvironmentStations/Texture/env_undead_crypt_coffin_001_texture.txt","IdleMedievalLegends_Task019_MeshyOperations/Combined/env_undead_crypt_coffin_001_PIPELINE.md","Assets/_Game/Art/Environments/undead_crypt/Models","Planned destination; existence not asserted"
"env_undead_crypt_crypt_arch_001","Arco Funerário","Funerary Arch","Task018","IdleMedievalLegends_Task018_EnvironmentStations/Examples/ENVIRONMENT_STATION_PRODUCTION_CATALOG.csv","Task015;Task018;Task019","2","3D Model","Environment","structure","Season 1 - Arc 2","P1","N/A","Image to 3D","Planned","Yes","3","IdleMedievalLegends_Task019_MeshyOperations/Prompts/EnvironmentStations/ConceptArt/env_undead_crypt_crypt_arch_001_concept_sheet.txt","IdleMedievalLegends_Task019_MeshyOperations/Prompts/EnvironmentStations/Meshy/env_undead_crypt_crypt_arch_001_geometry.txt","IdleMedievalLegends_Task019_MeshyOperations/Prompts/EnvironmentStations/Texture/env_undead_crypt_crypt_arch_001_texture.txt","IdleMedievalLegends_Task019_MeshyOperations/Combined/env_undead_crypt_crypt_arch_001_PIPELINE.md","Assets/_Game/Art/Environments/undead_crypt/Models","Planned destination; existence not asserted"
"env_undead_crypt_crypt_column_001","Coluna de Cripta","Crypt Column","Task018","IdleMedievalLegends_Task018_EnvironmentStations/Examples/ENVIRONMENT_STATION_PRODUCTION_CATALOG.csv","Task015;Task018;Task019","2","3D Model","Environment","structure","Season 1 - Arc 2","P1","N/A","Image to 3D","Planned","Yes","3","IdleMedievalLegends_Task019_MeshyOperations/Prompts/EnvironmentStations/ConceptArt/env_undead_crypt_crypt_column_001_concept_sheet.txt","IdleMedievalLegends_Task019_MeshyOperations/Prompts/EnvironmentStations/Meshy/env_undead_crypt_crypt_column_001_geometry.txt","IdleMedievalLegends_Task019_MeshyOperations/Prompts/EnvironmentStations/Texture/env_undead_crypt_crypt_column_001_texture.txt","IdleMedievalLegends_Task019_MeshyOperations/Combined/env_undead_crypt_crypt_column_001_PIPELINE.md","Assets/_Game/Art/Environments/undead_crypt/Models","Planned destination; existence not asserted"
"env_undead_crypt_crypt_door_001","Porta da Cripta","Crypt Door","Task018","IdleMedievalLegends_Task018_EnvironmentStations/Examples/ENVIRONMENT_STATION_PRODUCTION_CATALOG.csv","Task015;Task018;Task019","2","3D Model","Environment","structure","Season 1 - Arc 2","P1","N/A","Image to 3D","Planned","Yes","3","IdleMedievalLegends_Task019_MeshyOperations/Prompts/EnvironmentStations/ConceptArt/env_undead_crypt_crypt_door_001_concept_sheet.txt","IdleMedievalLegends_Task019_MeshyOperations/Prompts/EnvironmentStations/Meshy/env_undead_crypt_crypt_door_001_geometry.txt","IdleMedievalLegends_Task019_MeshyOperations/Prompts/EnvironmentStations/Texture/env_undead_crypt_crypt_door_001_texture.txt","IdleMedievalLegends_Task019_MeshyOperations/Combined/env_undead_crypt_crypt_door_001_PIPELINE.md","Assets/_Game/Art/Environments/undead_crypt/Models","Planned destination; existence not asserted"
"env_undead_crypt_crypt_floor_tile_001","Piso de Cripta","Crypt Floor Tile","Task018","IdleMedievalLegends_Task018_EnvironmentStations/Examples/ENVIRONMENT_STATION_PRODUCTION_CATALOG.csv","Task015;Task018;Task019","2","3D Model","Environment","tile","Season 1 - Arc 2","P1","N/A","Text to 3D","Planned","Yes","3","IdleMedievalLegends_Task019_MeshyOperations/Prompts/EnvironmentStations/ConceptArt/env_undead_crypt_crypt_floor_tile_001_concept_sheet.txt","IdleMedievalLegends_Task019_MeshyOperations/Prompts/EnvironmentStations/Meshy/env_undead_crypt_crypt_floor_tile_001_geometry.txt","IdleMedievalLegends_Task019_MeshyOperations/Prompts/EnvironmentStations/Texture/env_undead_crypt_crypt_floor_tile_001_texture.txt","IdleMedievalLegends_Task019_MeshyOperations/Combined/env_undead_crypt_crypt_floor_tile_001_PIPELINE.md","Assets/_Game/Art/Environments/undead_crypt/Models","Planned destination; existence not asserted"
"env_undead_crypt_crypt_iron_gate_001","Grade de Cripta","Crypt Iron Gate","Task018","IdleMedievalLegends_Task018_EnvironmentStations/Examples/ENVIRONMENT_STATION_PRODUCTION_CATALOG.csv","Task015;Task018;Task019","2","3D Model","Environment","prop","Season 1 - Arc 2","P1","N/A","Text to 3D","Planned","Yes","3","IdleMedievalLegends_Task019_MeshyOperations/Prompts/EnvironmentStations/ConceptArt/env_undead_crypt_crypt_iron_gate_001_concept_sheet.txt","IdleMedievalLegends_Task019_MeshyOperations/Prompts/EnvironmentStations/Meshy/env_undead_crypt_crypt_iron_gate_001_geometry.txt","IdleMedievalLegends_Task019_MeshyOperations/Prompts/EnvironmentStations/Texture/env_undead_crypt_crypt_iron_gate_001_texture.txt","IdleMedievalLegends_Task019_MeshyOperations/Combined/env_undead_crypt_crypt_iron_gate_001_PIPELINE.md","Assets/_Game/Art/Environments/undead_crypt/Models","Planned destination; existence not asserted"
"env_undead_crypt_crypt_wall_corner_001","Canto de Cripta","Crypt Wall Corner","Task018","IdleMedievalLegends_Task018_EnvironmentStations/Examples/ENVIRONMENT_STATION_PRODUCTION_CATALOG.csv","Task015;Task018;Task019","2","3D Model","Environment","wall","Season 1 - Arc 2","P1","N/A","Image to 3D","Planned","Yes","3","IdleMedievalLegends_Task019_MeshyOperations/Prompts/EnvironmentStations/ConceptArt/env_undead_crypt_crypt_wall_corner_001_concept_sheet.txt","IdleMedievalLegends_Task019_MeshyOperations/Prompts/EnvironmentStations/Meshy/env_undead_crypt_crypt_wall_corner_001_geometry.txt","IdleMedievalLegends_Task019_MeshyOperations/Prompts/EnvironmentStations/Texture/env_undead_crypt_crypt_wall_corner_001_texture.txt","IdleMedievalLegends_Task019_MeshyOperations/Combined/env_undead_crypt_crypt_wall_corner_001_PIPELINE.md","Assets/_Game/Art/Environments/undead_crypt/Models","Planned destination; existence not asserted"
"env_undead_crypt_crypt_wall_straight_001","Parede de Cripta","Crypt Wall","Task018","IdleMedievalLegends_Task018_EnvironmentStations/Examples/ENVIRONMENT_STATION_PRODUCTION_CATALOG.csv","Task015;Task018;Task019","2","3D Model","Environment","wall","Season 1 - Arc 2","P1","N/A","Image to 3D","Planned","Yes","3","IdleMedievalLegends_Task019_MeshyOperations/Prompts/EnvironmentStations/ConceptArt/env_undead_crypt_crypt_wall_straight_001_concept_sheet.txt","IdleMedievalLegends_Task019_MeshyOperations/Prompts/EnvironmentStations/Meshy/env_undead_crypt_crypt_wall_straight_001_geometry.txt","IdleMedievalLegends_Task019_MeshyOperations/Prompts/EnvironmentStations/Texture/env_undead_crypt_crypt_wall_straight_001_texture.txt","IdleMedievalLegends_Task019_MeshyOperations/Combined/env_undead_crypt_crypt_wall_straight_001_PIPELINE.md","Assets/_Game/Art/Environments/undead_crypt/Models","Planned destination; existence not asserted"
"env_undead_crypt_grave_marker_001","Lápide","Grave Marker","Task018","IdleMedievalLegends_Task018_EnvironmentStations/Examples/ENVIRONMENT_STATION_PRODUCTION_CATALOG.csv","Task015;Task018;Task019","2","3D Model","Environment","prop","Season 1 - Arc 2","P1","N/A","Text to 3D","Planned","Yes","3","IdleMedievalLegends_Task019_MeshyOperations/Prompts/EnvironmentStations/ConceptArt/env_undead_crypt_grave_marker_001_concept_sheet.txt","IdleMedievalLegends_Task019_MeshyOperations/Prompts/EnvironmentStations/Meshy/env_undead_crypt_grave_marker_001_geometry.txt","IdleMedievalLegends_Task019_MeshyOperations/Prompts/EnvironmentStations/Texture/env_undead_crypt_grave_marker_001_texture.txt","IdleMedievalLegends_Task019_MeshyOperations/Combined/env_undead_crypt_grave_marker_001_PIPELINE.md","Assets/_Game/Art/Environments/undead_crypt/Models","Planned destination; existence not asserted"
"env_undead_crypt_hanging_chain_001","Corrente Suspensa","Hanging Chain","Task018","IdleMedievalLegends_Task018_EnvironmentStations/Examples/ENVIRONMENT_STATION_PRODUCTION_CATALOG.csv","Task015;Task018;Task019","2","3D Model","Environment","prop","Season 1 - Arc 2","P1","N/A","Text to 3D","Planned","Yes","3","IdleMedievalLegends_Task019_MeshyOperations/Prompts/EnvironmentStations/ConceptArt/env_undead_crypt_hanging_chain_001_concept_sheet.txt","IdleMedievalLegends_Task019_MeshyOperations/Prompts/EnvironmentStations/Meshy/env_undead_crypt_hanging_chain_001_geometry.txt","IdleMedievalLegends_Task019_MeshyOperations/Prompts/EnvironmentStations/Texture/env_undead_crypt_hanging_chain_001_texture.txt","IdleMedievalLegends_Task019_MeshyOperations/Combined/env_undead_crypt_hanging_chain_001_PIPELINE.md","Assets/_Game/Art/Environments/undead_crypt/Models","Planned destination; existence not asserted"
"env_undead_crypt_lich_throne_001","Trono do Lich","Lich Throne","Task018","IdleMedievalLegends_Task018_EnvironmentStations/Examples/ENVIRONMENT_STATION_PRODUCTION_CATALOG.csv","Task015;Task018;Task019","2","3D Model","Environment","hero prop","Season 1 - Arc 2","P1","N/A","Image to 3D","Planned","Yes","3","IdleMedievalLegends_Task019_MeshyOperations/Prompts/EnvironmentStations/ConceptArt/env_undead_crypt_lich_throne_001_concept_sheet.txt","IdleMedievalLegends_Task019_MeshyOperations/Prompts/EnvironmentStations/Meshy/env_undead_crypt_lich_throne_001_geometry.txt","IdleMedievalLegends_Task019_MeshyOperations/Prompts/EnvironmentStations/Texture/env_undead_crypt_lich_throne_001_texture.txt","IdleMedievalLegends_Task019_MeshyOperations/Combined/env_undead_crypt_lich_throne_001_PIPELINE.md","Assets/_Game/Art/Environments/undead_crypt/Models","Planned destination; existence not asserted"
"env_undead_crypt_necromantic_crystal_001","Cristal Necromântico","Necromantic Crystal","Task018","IdleMedievalLegends_Task018_EnvironmentStations/Examples/ENVIRONMENT_STATION_PRODUCTION_CATALOG.csv","Task015;Task018;Task019","2","3D Model","Environment","prop","Season 1 - Arc 2","P1","N/A","Text to 3D","Planned","Yes","3","IdleMedievalLegends_Task019_MeshyOperations/Prompts/EnvironmentStations/ConceptArt/env_undead_crypt_necromantic_crystal_001_concept_sheet.txt","IdleMedievalLegends_Task019_MeshyOperations/Prompts/EnvironmentStations/Meshy/env_undead_crypt_necromantic_crystal_001_geometry.txt","IdleMedievalLegends_Task019_MeshyOperations/Prompts/EnvironmentStations/Texture/env_undead_crypt_necromantic_crystal_001_texture.txt","IdleMedievalLegends_Task019_MeshyOperations/Combined/env_undead_crypt_necromantic_crystal_001_PIPELINE.md","Assets/_Game/Art/Environments/undead_crypt/Models","Planned destination; existence not asserted"
"env_undead_crypt_necromantic_portal_001","Portal Necromântico","Necromantic Portal","Task018","IdleMedievalLegends_Task018_EnvironmentStations/Examples/ENVIRONMENT_STATION_PRODUCTION_CATALOG.csv","Task015;Task018;Task019","2","3D Model","Environment","hero prop","Season 1 - Arc 2","P1","N/A","Image to 3D","Planned","Yes","3","IdleMedievalLegends_Task019_MeshyOperations/Prompts/EnvironmentStations/ConceptArt/env_undead_crypt_necromantic_portal_001_concept_sheet.txt","IdleMedievalLegends_Task019_MeshyOperations/Prompts/EnvironmentStations/Meshy/env_undead_crypt_necromantic_portal_001_geometry.txt","IdleMedievalLegends_Task019_MeshyOperations/Prompts/EnvironmentStations/Texture/env_undead_crypt_necromantic_portal_001_texture.txt","IdleMedievalLegends_Task019_MeshyOperations/Combined/env_undead_crypt_necromantic_portal_001_PIPELINE.md","Assets/_Game/Art/Environments/undead_crypt/Models","Planned destination; existence not asserted"
"env_undead_crypt_ossuary_001","Ossário","Ossuary","Task018","IdleMedievalLegends_Task018_EnvironmentStations/Examples/ENVIRONMENT_STATION_PRODUCTION_CATALOG.csv","Task015;Task018;Task019","2","3D Model","Environment","prop","Season 1 - Arc 2","P1","N/A","Text to 3D","Planned","Yes","3","IdleMedievalLegends_Task019_MeshyOperations/Prompts/EnvironmentStations/ConceptArt/env_undead_crypt_ossuary_001_concept_sheet.txt","IdleMedievalLegends_Task019_MeshyOperations/Prompts/EnvironmentStations/Meshy/env_undead_crypt_ossuary_001_geometry.txt","IdleMedievalLegends_Task019_MeshyOperations/Prompts/EnvironmentStations/Texture/env_undead_crypt_ossuary_001_texture.txt","IdleMedievalLegends_Task019_MeshyOperations/Combined/env_undead_crypt_ossuary_001_PIPELINE.md","Assets/_Game/Art/Environments/undead_crypt/Models","Planned destination; existence not asserted"
"env_undead_crypt_ritual_altar_001","Altar Ritual","Ritual Altar","Task018","IdleMedievalLegends_Task018_EnvironmentStations/Examples/ENVIRONMENT_STATION_PRODUCTION_CATALOG.csv","Task015;Task018;Task019","2","3D Model","Environment","hero prop","Season 1 - Arc 2","P1","N/A","Image to 3D","Planned","Yes","3","IdleMedievalLegends_Task019_MeshyOperations/Prompts/EnvironmentStations/ConceptArt/env_undead_crypt_ritual_altar_001_concept_sheet.txt","IdleMedievalLegends_Task019_MeshyOperations/Prompts/EnvironmentStations/Meshy/env_undead_crypt_ritual_altar_001_geometry.txt","IdleMedievalLegends_Task019_MeshyOperations/Prompts/EnvironmentStations/Texture/env_undead_crypt_ritual_altar_001_texture.txt","IdleMedievalLegends_Task019_MeshyOperations/Combined/env_undead_crypt_ritual_altar_001_PIPELINE.md","Assets/_Game/Art/Environments/undead_crypt/Models","Planned destination; existence not asserted"
"env_undead_crypt_sarcophagus_001","Sarcófago","Sarcophagus","Task018","IdleMedievalLegends_Task018_EnvironmentStations/Examples/ENVIRONMENT_STATION_PRODUCTION_CATALOG.csv","Task015;Task018;Task019","2","3D Model","Environment","prop","Season 1 - Arc 2","P1","N/A","Text to 3D","Planned","Yes","3","IdleMedievalLegends_Task019_MeshyOperations/Prompts/EnvironmentStations/ConceptArt/env_undead_crypt_sarcophagus_001_concept_sheet.txt","IdleMedievalLegends_Task019_MeshyOperations/Prompts/EnvironmentStations/Meshy/env_undead_crypt_sarcophagus_001_geometry.txt","IdleMedievalLegends_Task019_MeshyOperations/Prompts/EnvironmentStations/Texture/env_undead_crypt_sarcophagus_001_texture.txt","IdleMedievalLegends_Task019_MeshyOperations/Combined/env_undead_crypt_sarcophagus_001_PIPELINE.md","Assets/_Game/Art/Environments/undead_crypt/Models","Planned destination; existence not asserted"
"env_undead_crypt_spectral_brazier_001","Braseiro Espectral","Spectral Brazier","Task018","IdleMedievalLegends_Task018_EnvironmentStations/Examples/ENVIRONMENT_STATION_PRODUCTION_CATALOG.csv","Task015;Task018;Task019","2","3D Model","Environment","prop","Season 1 - Arc 2","P1","N/A","Text to 3D","Planned","Yes","3","IdleMedievalLegends_Task019_MeshyOperations/Prompts/EnvironmentStations/ConceptArt/env_undead_crypt_spectral_brazier_001_concept_sheet.txt","IdleMedievalLegends_Task019_MeshyOperations/Prompts/EnvironmentStations/Meshy/env_undead_crypt_spectral_brazier_001_geometry.txt","IdleMedievalLegends_Task019_MeshyOperations/Prompts/EnvironmentStations/Texture/env_undead_crypt_spectral_brazier_001_texture.txt","IdleMedievalLegends_Task019_MeshyOperations/Combined/env_undead_crypt_spectral_brazier_001_PIPELINE.md","Assets/_Game/Art/Environments/undead_crypt/Models","Planned destination; existence not asserted"
"env_undead_crypt_spectral_candle_001","Vela Espectral","Spectral Candle","Task018","IdleMedievalLegends_Task018_EnvironmentStations/Examples/ENVIRONMENT_STATION_PRODUCTION_CATALOG.csv","Task015;Task018;Task019","2","3D Model","Environment","prop","Season 1 - Arc 2","P1","N/A","Text to 3D","Planned","Yes","3","IdleMedievalLegends_Task019_MeshyOperations/Prompts/EnvironmentStations/ConceptArt/env_undead_crypt_spectral_candle_001_concept_sheet.txt","IdleMedievalLegends_Task019_MeshyOperations/Prompts/EnvironmentStations/Meshy/env_undead_crypt_spectral_candle_001_geometry.txt","IdleMedievalLegends_Task019_MeshyOperations/Prompts/EnvironmentStations/Texture/env_undead_crypt_spectral_candle_001_texture.txt","IdleMedievalLegends_Task019_MeshyOperations/Combined/env_undead_crypt_spectral_candle_001_PIPELINE.md","Assets/_Game/Art/Environments/undead_crypt/Models","Planned destination; existence not asserted"
"equipment_amulet_t01_base","Amuleto T1","Amulet T1","Task017","IdleMedievalLegends_Task017_EquipmentTierRarity/Examples/EQUIPMENT_PRODUCTION_CATALOG.csv","Task015;Task017;Task019","2","3D Model","Equipment","Accessory","Vertical Slice","P0","T1","Text to 3D","Brief Ready","Yes","3","IdleMedievalLegends_Task019_MeshyOperations/Prompts/Equipment/ConceptArt/equipment_amulet_t01_base_concept_sheet.txt","IdleMedievalLegends_Task019_MeshyOperations/Prompts/Equipment/Meshy/BaseGeometry/equipment_amulet_t01_base_geometry.txt","IdleMedievalLegends_Task019_MeshyOperations/Prompts/Equipment/TextureVariants/equipment_amulet_t01_base_rarity_variants.txt","IdleMedievalLegends_Task019_MeshyOperations/Combined/equipment_amulet_t01_base_PIPELINE.md","Assets/_Game/Art/Equipment/Accessory/amulet/T1/Models","Planned destination; existence not asserted"
"equipment_amulet_t02_base","Amuleto T2","Amulet T2","Task017","IdleMedievalLegends_Task017_EquipmentTierRarity/Examples/EQUIPMENT_PRODUCTION_CATALOG.csv","Task015;Task017;Task019","2","3D Model","Equipment","Accessory","MVP","P1","T2","Text to 3D","Brief Ready","Yes","3","IdleMedievalLegends_Task019_MeshyOperations/Prompts/Equipment/ConceptArt/equipment_amulet_t02_base_concept_sheet.txt","IdleMedievalLegends_Task019_MeshyOperations/Prompts/Equipment/Meshy/BaseGeometry/equipment_amulet_t02_base_geometry.txt","IdleMedievalLegends_Task019_MeshyOperations/Prompts/Equipment/TextureVariants/equipment_amulet_t02_base_rarity_variants.txt","IdleMedievalLegends_Task019_MeshyOperations/Combined/equipment_amulet_t02_base_PIPELINE.md","Assets/_Game/Art/Equipment/Accessory/amulet/T2/Models","Planned destination; existence not asserted"
"equipment_amulet_t03_base","Amuleto T3","Amulet T3","Task017","IdleMedievalLegends_Task017_EquipmentTierRarity/Examples/EQUIPMENT_PRODUCTION_CATALOG.csv","Task015;Task017;Task019","2","3D Model","Equipment","Accessory","MVP","P1","T3","Text to 3D","Brief Ready","Yes","3","IdleMedievalLegends_Task019_MeshyOperations/Prompts/Equipment/ConceptArt/equipment_amulet_t03_base_concept_sheet.txt","IdleMedievalLegends_Task019_MeshyOperations/Prompts/Equipment/Meshy/BaseGeometry/equipment_amulet_t03_base_geometry.txt","IdleMedievalLegends_Task019_MeshyOperations/Prompts/Equipment/TextureVariants/equipment_amulet_t03_base_rarity_variants.txt","IdleMedievalLegends_Task019_MeshyOperations/Combined/equipment_amulet_t03_base_PIPELINE.md","Assets/_Game/Art/Equipment/Accessory/amulet/T3/Models","Planned destination; existence not asserted"
"equipment_amulet_t04_base","Amuleto T4","Amulet T4","Task017","IdleMedievalLegends_Task017_EquipmentTierRarity/Examples/EQUIPMENT_PRODUCTION_CATALOG.csv","Task015;Task017;Task019","2","3D Model","Equipment","Accessory","Season 1","P2","T4","Text to 3D","Brief Ready","Yes","3","IdleMedievalLegends_Task019_MeshyOperations/Prompts/Equipment/ConceptArt/equipment_amulet_t04_base_concept_sheet.txt","IdleMedievalLegends_Task019_MeshyOperations/Prompts/Equipment/Meshy/BaseGeometry/equipment_amulet_t04_base_geometry.txt","IdleMedievalLegends_Task019_MeshyOperations/Prompts/Equipment/TextureVariants/equipment_amulet_t04_base_rarity_variants.txt","IdleMedievalLegends_Task019_MeshyOperations/Combined/equipment_amulet_t04_base_PIPELINE.md","Assets/_Game/Art/Equipment/Accessory/amulet/T4/Models","Planned destination; existence not asserted"
"equipment_amulet_t05_base","Amuleto T5","Amulet T5","Task017","IdleMedievalLegends_Task017_EquipmentTierRarity/Examples/EQUIPMENT_PRODUCTION_CATALOG.csv","Task015;Task017;Task019","2","3D Model","Equipment","Accessory","Season 1","P2","T5","Text to 3D","Brief Ready","Yes","3","IdleMedievalLegends_Task019_MeshyOperations/Prompts/Equipment/ConceptArt/equipment_amulet_t05_base_concept_sheet.txt","IdleMedievalLegends_Task019_MeshyOperations/Prompts/Equipment/Meshy/BaseGeometry/equipment_amulet_t05_base_geometry.txt","IdleMedievalLegends_Task019_MeshyOperations/Prompts/Equipment/TextureVariants/equipment_amulet_t05_base_rarity_variants.txt","IdleMedievalLegends_Task019_MeshyOperations/Combined/equipment_amulet_t05_base_PIPELINE.md","Assets/_Game/Art/Equipment/Accessory/amulet/T5/Models","Planned destination; existence not asserted"
"equipment_amulet_t06_base","Amuleto T6","Amulet T6","Task017","IdleMedievalLegends_Task017_EquipmentTierRarity/Examples/EQUIPMENT_PRODUCTION_CATALOG.csv","Task015;Task017;Task019","2","3D Model","Equipment","Accessory","Season 1","P2","T6","Text to 3D","Brief Ready","Yes","3","IdleMedievalLegends_Task019_MeshyOperations/Prompts/Equipment/ConceptArt/equipment_amulet_t06_base_concept_sheet.txt","IdleMedievalLegends_Task019_MeshyOperations/Prompts/Equipment/Meshy/BaseGeometry/equipment_amulet_t06_base_geometry.txt","IdleMedievalLegends_Task019_MeshyOperations/Prompts/Equipment/TextureVariants/equipment_amulet_t06_base_rarity_variants.txt","IdleMedievalLegends_Task019_MeshyOperations/Combined/equipment_amulet_t06_base_PIPELINE.md","Assets/_Game/Art/Equipment/Accessory/amulet/T6/Models","Planned destination; existence not asserted"
"equipment_amulet_t07_base","Amuleto T7","Amulet T7","Task017","IdleMedievalLegends_Task017_EquipmentTierRarity/Examples/EQUIPMENT_PRODUCTION_CATALOG.csv","Task015;Task017;Task019","2","3D Model","Equipment","Accessory","Season 1","P2","T7","Text to 3D","Brief Ready","Yes","3","IdleMedievalLegends_Task019_MeshyOperations/Prompts/Equipment/ConceptArt/equipment_amulet_t07_base_concept_sheet.txt","IdleMedievalLegends_Task019_MeshyOperations/Prompts/Equipment/Meshy/BaseGeometry/equipment_amulet_t07_base_geometry.txt","IdleMedievalLegends_Task019_MeshyOperations/Prompts/Equipment/TextureVariants/equipment_amulet_t07_base_rarity_variants.txt","IdleMedievalLegends_Task019_MeshyOperations/Combined/equipment_amulet_t07_base_PIPELINE.md","Assets/_Game/Art/Equipment/Accessory/amulet/T7/Models","Planned destination; existence not asserted"
"equipment_amulet_t08_base","Amuleto T8","Amulet T8","Task017","IdleMedievalLegends_Task017_EquipmentTierRarity/Examples/EQUIPMENT_PRODUCTION_CATALOG.csv","Task015;Task017;Task019","2","3D Model","Equipment","Accessory","Post-MVP","P3","T8","Text to 3D","Brief Ready","Yes","3","IdleMedievalLegends_Task019_MeshyOperations/Prompts/Equipment/ConceptArt/equipment_amulet_t08_base_concept_sheet.txt","IdleMedievalLegends_Task019_MeshyOperations/Prompts/Equipment/Meshy/BaseGeometry/equipment_amulet_t08_base_geometry.txt","IdleMedievalLegends_Task019_MeshyOperations/Prompts/Equipment/TextureVariants/equipment_amulet_t08_base_rarity_variants.txt","IdleMedievalLegends_Task019_MeshyOperations/Combined/equipment_amulet_t08_base_PIPELINE.md","Assets/_Game/Art/Equipment/Accessory/amulet/T8/Models","Planned destination; existence not asserted"
"equipment_amulet_t09_base","Amuleto T9","Amulet T9","Task017","IdleMedievalLegends_Task017_EquipmentTierRarity/Examples/EQUIPMENT_PRODUCTION_CATALOG.csv","Task015;Task017;Task019","2","3D Model","Equipment","Accessory","Post-MVP","P3","T9","Text to 3D","Brief Ready","Yes","3","IdleMedievalLegends_Task019_MeshyOperations/Prompts/Equipment/ConceptArt/equipment_amulet_t09_base_concept_sheet.txt","IdleMedievalLegends_Task019_MeshyOperations/Prompts/Equipment/Meshy/BaseGeometry/equipment_amulet_t09_base_geometry.txt","IdleMedievalLegends_Task019_MeshyOperations/Prompts/Equipment/TextureVariants/equipment_amulet_t09_base_rarity_variants.txt","IdleMedievalLegends_Task019_MeshyOperations/Combined/equipment_amulet_t09_base_PIPELINE.md","Assets/_Game/Art/Equipment/Accessory/amulet/T9/Models","Planned destination; existence not asserted"
"equipment_cloth_boots_t01_base","Botas Arcanas T1","Arcane Boots T1","Task017","IdleMedievalLegends_Task017_EquipmentTierRarity/Examples/EQUIPMENT_PRODUCTION_CATALOG.csv","Task017;Task019","1","3D Model","Equipment","Cloth Armor","Vertical Slice","P0","T1","Image to 3D","Brief Ready","Yes","3","IdleMedievalLegends_Task019_MeshyOperations/Prompts/Equipment/ConceptArt/equipment_cloth_boots_t01_base_concept_sheet.txt","IdleMedievalLegends_Task019_MeshyOperations/Prompts/Equipment/Meshy/BaseGeometry/equipment_cloth_boots_t01_base_geometry.txt","IdleMedievalLegends_Task019_MeshyOperations/Prompts/Equipment/TextureVariants/equipment_cloth_boots_t01_base_rarity_variants.txt","IdleMedievalLegends_Task019_MeshyOperations/Combined/equipment_cloth_boots_t01_base_PIPELINE.md","Assets/_Game/Art/Equipment/ClothArmor/cloth_boots/T1/Models","Planned destination; existence not asserted"
"equipment_cloth_boots_t02_base","Botas Arcanas T2","Arcane Boots T2","Task017","IdleMedievalLegends_Task017_EquipmentTierRarity/Examples/EQUIPMENT_PRODUCTION_CATALOG.csv","Task017;Task019","1","3D Model","Equipment","Cloth Armor","MVP","P1","T2","Image to 3D","Brief Ready","Yes","3","IdleMedievalLegends_Task019_MeshyOperations/Prompts/Equipment/ConceptArt/equipment_cloth_boots_t02_base_concept_sheet.txt","IdleMedievalLegends_Task019_MeshyOperations/Prompts/Equipment/Meshy/BaseGeometry/equipment_cloth_boots_t02_base_geometry.txt","IdleMedievalLegends_Task019_MeshyOperations/Prompts/Equipment/TextureVariants/equipment_cloth_boots_t02_base_rarity_variants.txt","IdleMedievalLegends_Task019_MeshyOperations/Combined/equipment_cloth_boots_t02_base_PIPELINE.md","Assets/_Game/Art/Equipment/ClothArmor/cloth_boots/T2/Models","Planned destination; existence not asserted"
"equipment_cloth_boots_t03_base","Botas Arcanas T3","Arcane Boots T3","Task017","IdleMedievalLegends_Task017_EquipmentTierRarity/Examples/EQUIPMENT_PRODUCTION_CATALOG.csv","Task017;Task019","1","3D Model","Equipment","Cloth Armor","MVP","P1","T3","Image to 3D","Brief Ready","Yes","3","IdleMedievalLegends_Task019_MeshyOperations/Prompts/Equipment/ConceptArt/equipment_cloth_boots_t03_base_concept_sheet.txt","IdleMedievalLegends_Task019_MeshyOperations/Prompts/Equipment/Meshy/BaseGeometry/equipment_cloth_boots_t03_base_geometry.txt","IdleMedievalLegends_Task019_MeshyOperations/Prompts/Equipment/TextureVariants/equipment_cloth_boots_t03_base_rarity_variants.txt","IdleMedievalLegends_Task019_MeshyOperations/Combined/equipment_cloth_boots_t03_base_PIPELINE.md","Assets/_Game/Art/Equipment/ClothArmor/cloth_boots/T3/Models","Planned destination; existence not asserted"
"equipment_cloth_boots_t04_base","Botas Arcanas T4","Arcane Boots T4","Task017","IdleMedievalLegends_Task017_EquipmentTierRarity/Examples/EQUIPMENT_PRODUCTION_CATALOG.csv","Task017;Task019","1","3D Model","Equipment","Cloth Armor","Season 1","P2","T4","Image to 3D","Brief Ready","Yes","3","IdleMedievalLegends_Task019_MeshyOperations/Prompts/Equipment/ConceptArt/equipment_cloth_boots_t04_base_concept_sheet.txt","IdleMedievalLegends_Task019_MeshyOperations/Prompts/Equipment/Meshy/BaseGeometry/equipment_cloth_boots_t04_base_geometry.txt","IdleMedievalLegends_Task019_MeshyOperations/Prompts/Equipment/TextureVariants/equipment_cloth_boots_t04_base_rarity_variants.txt","IdleMedievalLegends_Task019_MeshyOperations/Combined/equipment_cloth_boots_t04_base_PIPELINE.md","Assets/_Game/Art/Equipment/ClothArmor/cloth_boots/T4/Models","Planned destination; existence not asserted"
"equipment_cloth_boots_t05_base","Botas Arcanas T5","Arcane Boots T5","Task017","IdleMedievalLegends_Task017_EquipmentTierRarity/Examples/EQUIPMENT_PRODUCTION_CATALOG.csv","Task017;Task019","1","3D Model","Equipment","Cloth Armor","Season 1","P2","T5","Image to 3D","Brief Ready","Yes","3","IdleMedievalLegends_Task019_MeshyOperations/Prompts/Equipment/ConceptArt/equipment_cloth_boots_t05_base_concept_sheet.txt","IdleMedievalLegends_Task019_MeshyOperations/Prompts/Equipment/Meshy/BaseGeometry/equipment_cloth_boots_t05_base_geometry.txt","IdleMedievalLegends_Task019_MeshyOperations/Prompts/Equipment/TextureVariants/equipment_cloth_boots_t05_base_rarity_variants.txt","IdleMedievalLegends_Task019_MeshyOperations/Combined/equipment_cloth_boots_t05_base_PIPELINE.md","Assets/_Game/Art/Equipment/ClothArmor/cloth_boots/T5/Models","Planned destination; existence not asserted"
"equipment_cloth_boots_t06_base","Botas Arcanas T6","Arcane Boots T6","Task017","IdleMedievalLegends_Task017_EquipmentTierRarity/Examples/EQUIPMENT_PRODUCTION_CATALOG.csv","Task017;Task019","1","3D Model","Equipment","Cloth Armor","Season 1","P2","T6","Image to 3D","Brief Ready","Yes","3","IdleMedievalLegends_Task019_MeshyOperations/Prompts/Equipment/ConceptArt/equipment_cloth_boots_t06_base_concept_sheet.txt","IdleMedievalLegends_Task019_MeshyOperations/Prompts/Equipment/Meshy/BaseGeometry/equipment_cloth_boots_t06_base_geometry.txt","IdleMedievalLegends_Task019_MeshyOperations/Prompts/Equipment/TextureVariants/equipment_cloth_boots_t06_base_rarity_variants.txt","IdleMedievalLegends_Task019_MeshyOperations/Combined/equipment_cloth_boots_t06_base_PIPELINE.md","Assets/_Game/Art/Equipment/ClothArmor/cloth_boots/T6/Models","Planned destination; existence not asserted"
"equipment_cloth_boots_t07_base","Botas Arcanas T7","Arcane Boots T7","Task017","IdleMedievalLegends_Task017_EquipmentTierRarity/Examples/EQUIPMENT_PRODUCTION_CATALOG.csv","Task017;Task019","1","3D Model","Equipment","Cloth Armor","Season 1","P2","T7","Image to 3D","Brief Ready","Yes","3","IdleMedievalLegends_Task019_MeshyOperations/Prompts/Equipment/ConceptArt/equipment_cloth_boots_t07_base_concept_sheet.txt","IdleMedievalLegends_Task019_MeshyOperations/Prompts/Equipment/Meshy/BaseGeometry/equipment_cloth_boots_t07_base_geometry.txt","IdleMedievalLegends_Task019_MeshyOperations/Prompts/Equipment/TextureVariants/equipment_cloth_boots_t07_base_rarity_variants.txt","IdleMedievalLegends_Task019_MeshyOperations/Combined/equipment_cloth_boots_t07_base_PIPELINE.md","Assets/_Game/Art/Equipment/ClothArmor/cloth_boots/T7/Models","Planned destination; existence not asserted"
"equipment_cloth_boots_t08_base","Botas Arcanas T8","Arcane Boots T8","Task017","IdleMedievalLegends_Task017_EquipmentTierRarity/Examples/EQUIPMENT_PRODUCTION_CATALOG.csv","Task017;Task019","1","3D Model","Equipment","Cloth Armor","Post-MVP","P3","T8","Image to 3D","Brief Ready","Yes","3","IdleMedievalLegends_Task019_MeshyOperations/Prompts/Equipment/ConceptArt/equipment_cloth_boots_t08_base_concept_sheet.txt","IdleMedievalLegends_Task019_MeshyOperations/Prompts/Equipment/Meshy/BaseGeometry/equipment_cloth_boots_t08_base_geometry.txt","IdleMedievalLegends_Task019_MeshyOperations/Prompts/Equipment/TextureVariants/equipment_cloth_boots_t08_base_rarity_variants.txt","IdleMedievalLegends_Task019_MeshyOperations/Combined/equipment_cloth_boots_t08_base_PIPELINE.md","Assets/_Game/Art/Equipment/ClothArmor/cloth_boots/T8/Models","Planned destination; existence not asserted"
"equipment_cloth_boots_t09_base","Botas Arcanas T9","Arcane Boots T9","Task017","IdleMedievalLegends_Task017_EquipmentTierRarity/Examples/EQUIPMENT_PRODUCTION_CATALOG.csv","Task017;Task019","1","3D Model","Equipment","Cloth Armor","Post-MVP","P3","T9","Image to 3D","Brief Ready","Yes","3","IdleMedievalLegends_Task019_MeshyOperations/Prompts/Equipment/ConceptArt/equipment_cloth_boots_t09_base_concept_sheet.txt","IdleMedievalLegends_Task019_MeshyOperations/Prompts/Equipment/Meshy/BaseGeometry/equipment_cloth_boots_t09_base_geometry.txt","IdleMedievalLegends_Task019_MeshyOperations/Prompts/Equipment/TextureVariants/equipment_cloth_boots_t09_base_rarity_variants.txt","IdleMedievalLegends_Task019_MeshyOperations/Combined/equipment_cloth_boots_t09_base_PIPELINE.md","Assets/_Game/Art/Equipment/ClothArmor/cloth_boots/T9/Models","Planned destination; existence not asserted"
"equipment_cloth_gloves_t01_base","Luvas Arcanas T1","Arcane Gloves T1","Task017","IdleMedievalLegends_Task017_EquipmentTierRarity/Examples/EQUIPMENT_PRODUCTION_CATALOG.csv","Task017;Task019","1","3D Model","Equipment","Cloth Armor","Vertical Slice","P0","T1","Image to 3D","Brief Ready","Yes","3","IdleMedievalLegends_Task019_MeshyOperations/Prompts/Equipment/ConceptArt/equipment_cloth_gloves_t01_base_concept_sheet.txt","IdleMedievalLegends_Task019_MeshyOperations/Prompts/Equipment/Meshy/BaseGeometry/equipment_cloth_gloves_t01_base_geometry.txt","IdleMedievalLegends_Task019_MeshyOperations/Prompts/Equipment/TextureVariants/equipment_cloth_gloves_t01_base_rarity_variants.txt","IdleMedievalLegends_Task019_MeshyOperations/Combined/equipment_cloth_gloves_t01_base_PIPELINE.md","Assets/_Game/Art/Equipment/ClothArmor/cloth_gloves/T1/Models","Planned destination; existence not asserted"
"equipment_cloth_gloves_t02_base","Luvas Arcanas T2","Arcane Gloves T2","Task017","IdleMedievalLegends_Task017_EquipmentTierRarity/Examples/EQUIPMENT_PRODUCTION_CATALOG.csv","Task017;Task019","1","3D Model","Equipment","Cloth Armor","MVP","P1","T2","Image to 3D","Brief Ready","Yes","3","IdleMedievalLegends_Task019_MeshyOperations/Prompts/Equipment/ConceptArt/equipment_cloth_gloves_t02_base_concept_sheet.txt","IdleMedievalLegends_Task019_MeshyOperations/Prompts/Equipment/Meshy/BaseGeometry/equipment_cloth_gloves_t02_base_geometry.txt","IdleMedievalLegends_Task019_MeshyOperations/Prompts/Equipment/TextureVariants/equipment_cloth_gloves_t02_base_rarity_variants.txt","IdleMedievalLegends_Task019_MeshyOperations/Combined/equipment_cloth_gloves_t02_base_PIPELINE.md","Assets/_Game/Art/Equipment/ClothArmor/cloth_gloves/T2/Models","Planned destination; existence not asserted"
"equipment_cloth_gloves_t03_base","Luvas Arcanas T3","Arcane Gloves T3","Task017","IdleMedievalLegends_Task017_EquipmentTierRarity/Examples/EQUIPMENT_PRODUCTION_CATALOG.csv","Task017;Task019","1","3D Model","Equipment","Cloth Armor","MVP","P1","T3","Image to 3D","Brief Ready","Yes","3","IdleMedievalLegends_Task019_MeshyOperations/Prompts/Equipment/ConceptArt/equipment_cloth_gloves_t03_base_concept_sheet.txt","IdleMedievalLegends_Task019_MeshyOperations/Prompts/Equipment/Meshy/BaseGeometry/equipment_cloth_gloves_t03_base_geometry.txt","IdleMedievalLegends_Task019_MeshyOperations/Prompts/Equipment/TextureVariants/equipment_cloth_gloves_t03_base_rarity_variants.txt","IdleMedievalLegends_Task019_MeshyOperations/Combined/equipment_cloth_gloves_t03_base_PIPELINE.md","Assets/_Game/Art/Equipment/ClothArmor/cloth_gloves/T3/Models","Planned destination; existence not asserted"
"equipment_cloth_gloves_t04_base","Luvas Arcanas T4","Arcane Gloves T4","Task017","IdleMedievalLegends_Task017_EquipmentTierRarity/Examples/EQUIPMENT_PRODUCTION_CATALOG.csv","Task017;Task019","1","3D Model","Equipment","Cloth Armor","Season 1","P2","T4","Image to 3D","Brief Ready","Yes","3","IdleMedievalLegends_Task019_MeshyOperations/Prompts/Equipment/ConceptArt/equipment_cloth_gloves_t04_base_concept_sheet.txt","IdleMedievalLegends_Task019_MeshyOperations/Prompts/Equipment/Meshy/BaseGeometry/equipment_cloth_gloves_t04_base_geometry.txt","IdleMedievalLegends_Task019_MeshyOperations/Prompts/Equipment/TextureVariants/equipment_cloth_gloves_t04_base_rarity_variants.txt","IdleMedievalLegends_Task019_MeshyOperations/Combined/equipment_cloth_gloves_t04_base_PIPELINE.md","Assets/_Game/Art/Equipment/ClothArmor/cloth_gloves/T4/Models","Planned destination; existence not asserted"
"equipment_cloth_gloves_t05_base","Luvas Arcanas T5","Arcane Gloves T5","Task017","IdleMedievalLegends_Task017_EquipmentTierRarity/Examples/EQUIPMENT_PRODUCTION_CATALOG.csv","Task017;Task019","1","3D Model","Equipment","Cloth Armor","Season 1","P2","T5","Image to 3D","Brief Ready","Yes","3","IdleMedievalLegends_Task019_MeshyOperations/Prompts/Equipment/ConceptArt/equipment_cloth_gloves_t05_base_concept_sheet.txt","IdleMedievalLegends_Task019_MeshyOperations/Prompts/Equipment/Meshy/BaseGeometry/equipment_cloth_gloves_t05_base_geometry.txt","IdleMedievalLegends_Task019_MeshyOperations/Prompts/Equipment/TextureVariants/equipment_cloth_gloves_t05_base_rarity_variants.txt","IdleMedievalLegends_Task019_MeshyOperations/Combined/equipment_cloth_gloves_t05_base_PIPELINE.md","Assets/_Game/Art/Equipment/ClothArmor/cloth_gloves/T5/Models","Planned destination; existence not asserted"
"equipment_cloth_gloves_t06_base","Luvas Arcanas T6","Arcane Gloves T6","Task017","IdleMedievalLegends_Task017_EquipmentTierRarity/Examples/EQUIPMENT_PRODUCTION_CATALOG.csv","Task017;Task019","1","3D Model","Equipment","Cloth Armor","Season 1","P2","T6","Image to 3D","Brief Ready","Yes","3","IdleMedievalLegends_Task019_MeshyOperations/Prompts/Equipment/ConceptArt/equipment_cloth_gloves_t06_base_concept_sheet.txt","IdleMedievalLegends_Task019_MeshyOperations/Prompts/Equipment/Meshy/BaseGeometry/equipment_cloth_gloves_t06_base_geometry.txt","IdleMedievalLegends_Task019_MeshyOperations/Prompts/Equipment/TextureVariants/equipment_cloth_gloves_t06_base_rarity_variants.txt","IdleMedievalLegends_Task019_MeshyOperations/Combined/equipment_cloth_gloves_t06_base_PIPELINE.md","Assets/_Game/Art/Equipment/ClothArmor/cloth_gloves/T6/Models","Planned destination; existence not asserted"
"equipment_cloth_gloves_t07_base","Luvas Arcanas T7","Arcane Gloves T7","Task017","IdleMedievalLegends_Task017_EquipmentTierRarity/Examples/EQUIPMENT_PRODUCTION_CATALOG.csv","Task017;Task019","1","3D Model","Equipment","Cloth Armor","Season 1","P2","T7","Image to 3D","Brief Ready","Yes","3","IdleMedievalLegends_Task019_MeshyOperations/Prompts/Equipment/ConceptArt/equipment_cloth_gloves_t07_base_concept_sheet.txt","IdleMedievalLegends_Task019_MeshyOperations/Prompts/Equipment/Meshy/BaseGeometry/equipment_cloth_gloves_t07_base_geometry.txt","IdleMedievalLegends_Task019_MeshyOperations/Prompts/Equipment/TextureVariants/equipment_cloth_gloves_t07_base_rarity_variants.txt","IdleMedievalLegends_Task019_MeshyOperations/Combined/equipment_cloth_gloves_t07_base_PIPELINE.md","Assets/_Game/Art/Equipment/ClothArmor/cloth_gloves/T7/Models","Planned destination; existence not asserted"
"equipment_cloth_gloves_t08_base","Luvas Arcanas T8","Arcane Gloves T8","Task017","IdleMedievalLegends_Task017_EquipmentTierRarity/Examples/EQUIPMENT_PRODUCTION_CATALOG.csv","Task017;Task019","1","3D Model","Equipment","Cloth Armor","Post-MVP","P3","T8","Image to 3D","Brief Ready","Yes","3","IdleMedievalLegends_Task019_MeshyOperations/Prompts/Equipment/ConceptArt/equipment_cloth_gloves_t08_base_concept_sheet.txt","IdleMedievalLegends_Task019_MeshyOperations/Prompts/Equipment/Meshy/BaseGeometry/equipment_cloth_gloves_t08_base_geometry.txt","IdleMedievalLegends_Task019_MeshyOperations/Prompts/Equipment/TextureVariants/equipment_cloth_gloves_t08_base_rarity_variants.txt","IdleMedievalLegends_Task019_MeshyOperations/Combined/equipment_cloth_gloves_t08_base_PIPELINE.md","Assets/_Game/Art/Equipment/ClothArmor/cloth_gloves/T8/Models","Planned destination; existence not asserted"
"equipment_cloth_gloves_t09_base","Luvas Arcanas T9","Arcane Gloves T9","Task017","IdleMedievalLegends_Task017_EquipmentTierRarity/Examples/EQUIPMENT_PRODUCTION_CATALOG.csv","Task017;Task019","1","3D Model","Equipment","Cloth Armor","Post-MVP","P3","T9","Image to 3D","Brief Ready","Yes","3","IdleMedievalLegends_Task019_MeshyOperations/Prompts/Equipment/ConceptArt/equipment_cloth_gloves_t09_base_concept_sheet.txt","IdleMedievalLegends_Task019_MeshyOperations/Prompts/Equipment/Meshy/BaseGeometry/equipment_cloth_gloves_t09_base_geometry.txt","IdleMedievalLegends_Task019_MeshyOperations/Prompts/Equipment/TextureVariants/equipment_cloth_gloves_t09_base_rarity_variants.txt","IdleMedievalLegends_Task019_MeshyOperations/Combined/equipment_cloth_gloves_t09_base_PIPELINE.md","Assets/_Game/Art/Equipment/ClothArmor/cloth_gloves/T9/Models","Planned destination; existence not asserted"
"equipment_cloth_hood_t01_base","Capuz Arcano T1","Arcane Hood T1","Task017","IdleMedievalLegends_Task017_EquipmentTierRarity/Examples/EQUIPMENT_PRODUCTION_CATALOG.csv","Task017;Task019","1","3D Model","Equipment","Cloth Armor","Vertical Slice","P0","T1","Image to 3D","Brief Ready","Yes","3","IdleMedievalLegends_Task019_MeshyOperations/Prompts/Equipment/ConceptArt/equipment_cloth_hood_t01_base_concept_sheet.txt","IdleMedievalLegends_Task019_MeshyOperations/Prompts/Equipment/Meshy/BaseGeometry/equipment_cloth_hood_t01_base_geometry.txt","IdleMedievalLegends_Task019_MeshyOperations/Prompts/Equipment/TextureVariants/equipment_cloth_hood_t01_base_rarity_variants.txt","IdleMedievalLegends_Task019_MeshyOperations/Combined/equipment_cloth_hood_t01_base_PIPELINE.md","Assets/_Game/Art/Equipment/ClothArmor/cloth_hood/T1/Models","Planned destination; existence not asserted"
"equipment_cloth_hood_t02_base","Capuz Arcano T2","Arcane Hood T2","Task017","IdleMedievalLegends_Task017_EquipmentTierRarity/Examples/EQUIPMENT_PRODUCTION_CATALOG.csv","Task017;Task019","1","3D Model","Equipment","Cloth Armor","MVP","P1","T2","Image to 3D","Brief Ready","Yes","3","IdleMedievalLegends_Task019_MeshyOperations/Prompts/Equipment/ConceptArt/equipment_cloth_hood_t02_base_concept_sheet.txt","IdleMedievalLegends_Task019_MeshyOperations/Prompts/Equipment/Meshy/BaseGeometry/equipment_cloth_hood_t02_base_geometry.txt","IdleMedievalLegends_Task019_MeshyOperations/Prompts/Equipment/TextureVariants/equipment_cloth_hood_t02_base_rarity_variants.txt","IdleMedievalLegends_Task019_MeshyOperations/Combined/equipment_cloth_hood_t02_base_PIPELINE.md","Assets/_Game/Art/Equipment/ClothArmor/cloth_hood/T2/Models","Planned destination; existence not asserted"
"equipment_cloth_hood_t03_base","Capuz Arcano T3","Arcane Hood T3","Task017","IdleMedievalLegends_Task017_EquipmentTierRarity/Examples/EQUIPMENT_PRODUCTION_CATALOG.csv","Task017;Task019","1","3D Model","Equipment","Cloth Armor","MVP","P1","T3","Image to 3D","Brief Ready","Yes","3","IdleMedievalLegends_Task019_MeshyOperations/Prompts/Equipment/ConceptArt/equipment_cloth_hood_t03_base_concept_sheet.txt","IdleMedievalLegends_Task019_MeshyOperations/Prompts/Equipment/Meshy/BaseGeometry/equipment_cloth_hood_t03_base_geometry.txt","IdleMedievalLegends_Task019_MeshyOperations/Prompts/Equipment/TextureVariants/equipment_cloth_hood_t03_base_rarity_variants.txt","IdleMedievalLegends_Task019_MeshyOperations/Combined/equipment_cloth_hood_t03_base_PIPELINE.md","Assets/_Game/Art/Equipment/ClothArmor/cloth_hood/T3/Models","Planned destination; existence not asserted"
"equipment_cloth_hood_t04_base","Capuz Arcano T4","Arcane Hood T4","Task017","IdleMedievalLegends_Task017_EquipmentTierRarity/Examples/EQUIPMENT_PRODUCTION_CATALOG.csv","Task017;Task019","1","3D Model","Equipment","Cloth Armor","Season 1","P2","T4","Image to 3D","Brief Ready","Yes","3","IdleMedievalLegends_Task019_MeshyOperations/Prompts/Equipment/ConceptArt/equipment_cloth_hood_t04_base_concept_sheet.txt","IdleMedievalLegends_Task019_MeshyOperations/Prompts/Equipment/Meshy/BaseGeometry/equipment_cloth_hood_t04_base_geometry.txt","IdleMedievalLegends_Task019_MeshyOperations/Prompts/Equipment/TextureVariants/equipment_cloth_hood_t04_base_rarity_variants.txt","IdleMedievalLegends_Task019_MeshyOperations/Combined/equipment_cloth_hood_t04_base_PIPELINE.md","Assets/_Game/Art/Equipment/ClothArmor/cloth_hood/T4/Models","Planned destination; existence not asserted"
"equipment_cloth_hood_t05_base","Capuz Arcano T5","Arcane Hood T5","Task017","IdleMedievalLegends_Task017_EquipmentTierRarity/Examples/EQUIPMENT_PRODUCTION_CATALOG.csv","Task017;Task019","1","3D Model","Equipment","Cloth Armor","Season 1","P2","T5","Image to 3D","Brief Ready","Yes","3","IdleMedievalLegends_Task019_MeshyOperations/Prompts/Equipment/ConceptArt/equipment_cloth_hood_t05_base_concept_sheet.txt","IdleMedievalLegends_Task019_MeshyOperations/Prompts/Equipment/Meshy/BaseGeometry/equipment_cloth_hood_t05_base_geometry.txt","IdleMedievalLegends_Task019_MeshyOperations/Prompts/Equipment/TextureVariants/equipment_cloth_hood_t05_base_rarity_variants.txt","IdleMedievalLegends_Task019_MeshyOperations/Combined/equipment_cloth_hood_t05_base_PIPELINE.md","Assets/_Game/Art/Equipment/ClothArmor/cloth_hood/T5/Models","Planned destination; existence not asserted"
"equipment_cloth_hood_t06_base","Capuz Arcano T6","Arcane Hood T6","Task017","IdleMedievalLegends_Task017_EquipmentTierRarity/Examples/EQUIPMENT_PRODUCTION_CATALOG.csv","Task017;Task019","1","3D Model","Equipment","Cloth Armor","Season 1","P2","T6","Image to 3D","Brief Ready","Yes","3","IdleMedievalLegends_Task019_MeshyOperations/Prompts/Equipment/ConceptArt/equipment_cloth_hood_t06_base_concept_sheet.txt","IdleMedievalLegends_Task019_MeshyOperations/Prompts/Equipment/Meshy/BaseGeometry/equipment_cloth_hood_t06_base_geometry.txt","IdleMedievalLegends_Task019_MeshyOperations/Prompts/Equipment/TextureVariants/equipment_cloth_hood_t06_base_rarity_variants.txt","IdleMedievalLegends_Task019_MeshyOperations/Combined/equipment_cloth_hood_t06_base_PIPELINE.md","Assets/_Game/Art/Equipment/ClothArmor/cloth_hood/T6/Models","Planned destination; existence not asserted"
"equipment_cloth_hood_t07_base","Capuz Arcano T7","Arcane Hood T7","Task017","IdleMedievalLegends_Task017_EquipmentTierRarity/Examples/EQUIPMENT_PRODUCTION_CATALOG.csv","Task017;Task019","1","3D Model","Equipment","Cloth Armor","Season 1","P2","T7","Image to 3D","Brief Ready","Yes","3","IdleMedievalLegends_Task019_MeshyOperations/Prompts/Equipment/ConceptArt/equipment_cloth_hood_t07_base_concept_sheet.txt","IdleMedievalLegends_Task019_MeshyOperations/Prompts/Equipment/Meshy/BaseGeometry/equipment_cloth_hood_t07_base_geometry.txt","IdleMedievalLegends_Task019_MeshyOperations/Prompts/Equipment/TextureVariants/equipment_cloth_hood_t07_base_rarity_variants.txt","IdleMedievalLegends_Task019_MeshyOperations/Combined/equipment_cloth_hood_t07_base_PIPELINE.md","Assets/_Game/Art/Equipment/ClothArmor/cloth_hood/T7/Models","Planned destination; existence not asserted"
"equipment_cloth_hood_t08_base","Capuz Arcano T8","Arcane Hood T8","Task017","IdleMedievalLegends_Task017_EquipmentTierRarity/Examples/EQUIPMENT_PRODUCTION_CATALOG.csv","Task017;Task019","1","3D Model","Equipment","Cloth Armor","Post-MVP","P3","T8","Image to 3D","Brief Ready","Yes","3","IdleMedievalLegends_Task019_MeshyOperations/Prompts/Equipment/ConceptArt/equipment_cloth_hood_t08_base_concept_sheet.txt","IdleMedievalLegends_Task019_MeshyOperations/Prompts/Equipment/Meshy/BaseGeometry/equipment_cloth_hood_t08_base_geometry.txt","IdleMedievalLegends_Task019_MeshyOperations/Prompts/Equipment/TextureVariants/equipment_cloth_hood_t08_base_rarity_variants.txt","IdleMedievalLegends_Task019_MeshyOperations/Combined/equipment_cloth_hood_t08_base_PIPELINE.md","Assets/_Game/Art/Equipment/ClothArmor/cloth_hood/T8/Models","Planned destination; existence not asserted"
"equipment_cloth_hood_t09_base","Capuz Arcano T9","Arcane Hood T9","Task017","IdleMedievalLegends_Task017_EquipmentTierRarity/Examples/EQUIPMENT_PRODUCTION_CATALOG.csv","Task017;Task019","1","3D Model","Equipment","Cloth Armor","Post-MVP","P3","T9","Image to 3D","Brief Ready","Yes","3","IdleMedievalLegends_Task019_MeshyOperations/Prompts/Equipment/ConceptArt/equipment_cloth_hood_t09_base_concept_sheet.txt","IdleMedievalLegends_Task019_MeshyOperations/Prompts/Equipment/Meshy/BaseGeometry/equipment_cloth_hood_t09_base_geometry.txt","IdleMedievalLegends_Task019_MeshyOperations/Prompts/Equipment/TextureVariants/equipment_cloth_hood_t09_base_rarity_variants.txt","IdleMedievalLegends_Task019_MeshyOperations/Combined/equipment_cloth_hood_t09_base_PIPELINE.md","Assets/_Game/Art/Equipment/ClothArmor/cloth_hood/T9/Models","Planned destination; existence not asserted"
"equipment_cloth_robe_t01_base","Manto Arcano T1","Arcane Robe T1","Task017","IdleMedievalLegends_Task017_EquipmentTierRarity/Examples/EQUIPMENT_PRODUCTION_CATALOG.csv","Task017;Task019","1","3D Model","Equipment","Cloth Armor","Vertical Slice","P0","T1","Image to 3D","Brief Ready","Yes","3","IdleMedievalLegends_Task019_MeshyOperations/Prompts/Equipment/ConceptArt/equipment_cloth_robe_t01_base_concept_sheet.txt","IdleMedievalLegends_Task019_MeshyOperations/Prompts/Equipment/Meshy/BaseGeometry/equipment_cloth_robe_t01_base_geometry.txt","IdleMedievalLegends_Task019_MeshyOperations/Prompts/Equipment/TextureVariants/equipment_cloth_robe_t01_base_rarity_variants.txt","IdleMedievalLegends_Task019_MeshyOperations/Combined/equipment_cloth_robe_t01_base_PIPELINE.md","Assets/_Game/Art/Equipment/ClothArmor/cloth_robe/T1/Models","Planned destination; existence not asserted"
"equipment_cloth_robe_t02_base","Manto Arcano T2","Arcane Robe T2","Task017","IdleMedievalLegends_Task017_EquipmentTierRarity/Examples/EQUIPMENT_PRODUCTION_CATALOG.csv","Task017;Task019","1","3D Model","Equipment","Cloth Armor","MVP","P1","T2","Image to 3D","Brief Ready","Yes","3","IdleMedievalLegends_Task019_MeshyOperations/Prompts/Equipment/ConceptArt/equipment_cloth_robe_t02_base_concept_sheet.txt","IdleMedievalLegends_Task019_MeshyOperations/Prompts/Equipment/Meshy/BaseGeometry/equipment_cloth_robe_t02_base_geometry.txt","IdleMedievalLegends_Task019_MeshyOperations/Prompts/Equipment/TextureVariants/equipment_cloth_robe_t02_base_rarity_variants.txt","IdleMedievalLegends_Task019_MeshyOperations/Combined/equipment_cloth_robe_t02_base_PIPELINE.md","Assets/_Game/Art/Equipment/ClothArmor/cloth_robe/T2/Models","Planned destination; existence not asserted"
"equipment_cloth_robe_t03_base","Manto Arcano T3","Arcane Robe T3","Task017","IdleMedievalLegends_Task017_EquipmentTierRarity/Examples/EQUIPMENT_PRODUCTION_CATALOG.csv","Task017;Task019","1","3D Model","Equipment","Cloth Armor","MVP","P1","T3","Image to 3D","Brief Ready","Yes","3","IdleMedievalLegends_Task019_MeshyOperations/Prompts/Equipment/ConceptArt/equipment_cloth_robe_t03_base_concept_sheet.txt","IdleMedievalLegends_Task019_MeshyOperations/Prompts/Equipment/Meshy/BaseGeometry/equipment_cloth_robe_t03_base_geometry.txt","IdleMedievalLegends_Task019_MeshyOperations/Prompts/Equipment/TextureVariants/equipment_cloth_robe_t03_base_rarity_variants.txt","IdleMedievalLegends_Task019_MeshyOperations/Combined/equipment_cloth_robe_t03_base_PIPELINE.md","Assets/_Game/Art/Equipment/ClothArmor/cloth_robe/T3/Models","Planned destination; existence not asserted"
"equipment_cloth_robe_t04_base","Manto Arcano T4","Arcane Robe T4","Task017","IdleMedievalLegends_Task017_EquipmentTierRarity/Examples/EQUIPMENT_PRODUCTION_CATALOG.csv","Task017;Task019","1","3D Model","Equipment","Cloth Armor","Season 1","P2","T4","Image to 3D","Brief Ready","Yes","3","IdleMedievalLegends_Task019_MeshyOperations/Prompts/Equipment/ConceptArt/equipment_cloth_robe_t04_base_concept_sheet.txt","IdleMedievalLegends_Task019_MeshyOperations/Prompts/Equipment/Meshy/BaseGeometry/equipment_cloth_robe_t04_base_geometry.txt","IdleMedievalLegends_Task019_MeshyOperations/Prompts/Equipment/TextureVariants/equipment_cloth_robe_t04_base_rarity_variants.txt","IdleMedievalLegends_Task019_MeshyOperations/Combined/equipment_cloth_robe_t04_base_PIPELINE.md","Assets/_Game/Art/Equipment/ClothArmor/cloth_robe/T4/Models","Planned destination; existence not asserted"
"equipment_cloth_robe_t05_base","Manto Arcano T5","Arcane Robe T5","Task017","IdleMedievalLegends_Task017_EquipmentTierRarity/Examples/EQUIPMENT_PRODUCTION_CATALOG.csv","Task017;Task019","1","3D Model","Equipment","Cloth Armor","Season 1","P2","T5","Image to 3D","Brief Ready","Yes","3","IdleMedievalLegends_Task019_MeshyOperations/Prompts/Equipment/ConceptArt/equipment_cloth_robe_t05_base_concept_sheet.txt","IdleMedievalLegends_Task019_MeshyOperations/Prompts/Equipment/Meshy/BaseGeometry/equipment_cloth_robe_t05_base_geometry.txt","IdleMedievalLegends_Task019_MeshyOperations/Prompts/Equipment/TextureVariants/equipment_cloth_robe_t05_base_rarity_variants.txt","IdleMedievalLegends_Task019_MeshyOperations/Combined/equipment_cloth_robe_t05_base_PIPELINE.md","Assets/_Game/Art/Equipment/ClothArmor/cloth_robe/T5/Models","Planned destination; existence not asserted"
"equipment_cloth_robe_t06_base","Manto Arcano T6","Arcane Robe T6","Task017","IdleMedievalLegends_Task017_EquipmentTierRarity/Examples/EQUIPMENT_PRODUCTION_CATALOG.csv","Task017;Task019","1","3D Model","Equipment","Cloth Armor","Season 1","P2","T6","Image to 3D","Brief Ready","Yes","3","IdleMedievalLegends_Task019_MeshyOperations/Prompts/Equipment/ConceptArt/equipment_cloth_robe_t06_base_concept_sheet.txt","IdleMedievalLegends_Task019_MeshyOperations/Prompts/Equipment/Meshy/BaseGeometry/equipment_cloth_robe_t06_base_geometry.txt","IdleMedievalLegends_Task019_MeshyOperations/Prompts/Equipment/TextureVariants/equipment_cloth_robe_t06_base_rarity_variants.txt","IdleMedievalLegends_Task019_MeshyOperations/Combined/equipment_cloth_robe_t06_base_PIPELINE.md","Assets/_Game/Art/Equipment/ClothArmor/cloth_robe/T6/Models","Planned destination; existence not asserted"
"equipment_cloth_robe_t07_base","Manto Arcano T7","Arcane Robe T7","Task017","IdleMedievalLegends_Task017_EquipmentTierRarity/Examples/EQUIPMENT_PRODUCTION_CATALOG.csv","Task017;Task019","1","3D Model","Equipment","Cloth Armor","Season 1","P2","T7","Image to 3D","Brief Ready","Yes","3","IdleMedievalLegends_Task019_MeshyOperations/Prompts/Equipment/ConceptArt/equipment_cloth_robe_t07_base_concept_sheet.txt","IdleMedievalLegends_Task019_MeshyOperations/Prompts/Equipment/Meshy/BaseGeometry/equipment_cloth_robe_t07_base_geometry.txt","IdleMedievalLegends_Task019_MeshyOperations/Prompts/Equipment/TextureVariants/equipment_cloth_robe_t07_base_rarity_variants.txt","IdleMedievalLegends_Task019_MeshyOperations/Combined/equipment_cloth_robe_t07_base_PIPELINE.md","Assets/_Game/Art/Equipment/ClothArmor/cloth_robe/T7/Models","Planned destination; existence not asserted"
"equipment_cloth_robe_t08_base","Manto Arcano T8","Arcane Robe T8","Task017","IdleMedievalLegends_Task017_EquipmentTierRarity/Examples/EQUIPMENT_PRODUCTION_CATALOG.csv","Task017;Task019","1","3D Model","Equipment","Cloth Armor","Post-MVP","P3","T8","Image to 3D","Brief Ready","Yes","3","IdleMedievalLegends_Task019_MeshyOperations/Prompts/Equipment/ConceptArt/equipment_cloth_robe_t08_base_concept_sheet.txt","IdleMedievalLegends_Task019_MeshyOperations/Prompts/Equipment/Meshy/BaseGeometry/equipment_cloth_robe_t08_base_geometry.txt","IdleMedievalLegends_Task019_MeshyOperations/Prompts/Equipment/TextureVariants/equipment_cloth_robe_t08_base_rarity_variants.txt","IdleMedievalLegends_Task019_MeshyOperations/Combined/equipment_cloth_robe_t08_base_PIPELINE.md","Assets/_Game/Art/Equipment/ClothArmor/cloth_robe/T8/Models","Planned destination; existence not asserted"
"equipment_cloth_robe_t09_base","Manto Arcano T9","Arcane Robe T9","Task017","IdleMedievalLegends_Task017_EquipmentTierRarity/Examples/EQUIPMENT_PRODUCTION_CATALOG.csv","Task017;Task019","1","3D Model","Equipment","Cloth Armor","Post-MVP","P3","T9","Image to 3D","Brief Ready","Yes","3","IdleMedievalLegends_Task019_MeshyOperations/Prompts/Equipment/ConceptArt/equipment_cloth_robe_t09_base_concept_sheet.txt","IdleMedievalLegends_Task019_MeshyOperations/Prompts/Equipment/Meshy/BaseGeometry/equipment_cloth_robe_t09_base_geometry.txt","IdleMedievalLegends_Task019_MeshyOperations/Prompts/Equipment/TextureVariants/equipment_cloth_robe_t09_base_rarity_variants.txt","IdleMedievalLegends_Task019_MeshyOperations/Combined/equipment_cloth_robe_t09_base_PIPELINE.md","Assets/_Game/Art/Equipment/ClothArmor/cloth_robe/T9/Models","Planned destination; existence not asserted"
"equipment_heavy_boots_t01_base","Botas Pesadas T1","Heavy Boots T1","Task017","IdleMedievalLegends_Task017_EquipmentTierRarity/Examples/EQUIPMENT_PRODUCTION_CATALOG.csv","Task017;Task019","1","3D Model","Equipment","Heavy Armor","Vertical Slice","P0","T1","Image to 3D","Brief Ready","Yes","3","IdleMedievalLegends_Task019_MeshyOperations/Prompts/Equipment/ConceptArt/equipment_heavy_boots_t01_base_concept_sheet.txt","IdleMedievalLegends_Task019_MeshyOperations/Prompts/Equipment/Meshy/BaseGeometry/equipment_heavy_boots_t01_base_geometry.txt","IdleMedievalLegends_Task019_MeshyOperations/Prompts/Equipment/TextureVariants/equipment_heavy_boots_t01_base_rarity_variants.txt","IdleMedievalLegends_Task019_MeshyOperations/Combined/equipment_heavy_boots_t01_base_PIPELINE.md","Assets/_Game/Art/Equipment/HeavyArmor/heavy_boots/T1/Models","Planned destination; existence not asserted"
"equipment_heavy_boots_t02_base","Botas Pesadas T2","Heavy Boots T2","Task017","IdleMedievalLegends_Task017_EquipmentTierRarity/Examples/EQUIPMENT_PRODUCTION_CATALOG.csv","Task017;Task019","1","3D Model","Equipment","Heavy Armor","MVP","P1","T2","Image to 3D","Brief Ready","Yes","3","IdleMedievalLegends_Task019_MeshyOperations/Prompts/Equipment/ConceptArt/equipment_heavy_boots_t02_base_concept_sheet.txt","IdleMedievalLegends_Task019_MeshyOperations/Prompts/Equipment/Meshy/BaseGeometry/equipment_heavy_boots_t02_base_geometry.txt","IdleMedievalLegends_Task019_MeshyOperations/Prompts/Equipment/TextureVariants/equipment_heavy_boots_t02_base_rarity_variants.txt","IdleMedievalLegends_Task019_MeshyOperations/Combined/equipment_heavy_boots_t02_base_PIPELINE.md","Assets/_Game/Art/Equipment/HeavyArmor/heavy_boots/T2/Models","Planned destination; existence not asserted"
"equipment_heavy_boots_t03_base","Botas Pesadas T3","Heavy Boots T3","Task017","IdleMedievalLegends_Task017_EquipmentTierRarity/Examples/EQUIPMENT_PRODUCTION_CATALOG.csv","Task017;Task019","1","3D Model","Equipment","Heavy Armor","MVP","P1","T3","Image to 3D","Brief Ready","Yes","3","IdleMedievalLegends_Task019_MeshyOperations/Prompts/Equipment/ConceptArt/equipment_heavy_boots_t03_base_concept_sheet.txt","IdleMedievalLegends_Task019_MeshyOperations/Prompts/Equipment/Meshy/BaseGeometry/equipment_heavy_boots_t03_base_geometry.txt","IdleMedievalLegends_Task019_MeshyOperations/Prompts/Equipment/TextureVariants/equipment_heavy_boots_t03_base_rarity_variants.txt","IdleMedievalLegends_Task019_MeshyOperations/Combined/equipment_heavy_boots_t03_base_PIPELINE.md","Assets/_Game/Art/Equipment/HeavyArmor/heavy_boots/T3/Models","Planned destination; existence not asserted"
"equipment_heavy_boots_t04_base","Botas Pesadas T4","Heavy Boots T4","Task017","IdleMedievalLegends_Task017_EquipmentTierRarity/Examples/EQUIPMENT_PRODUCTION_CATALOG.csv","Task017;Task019","1","3D Model","Equipment","Heavy Armor","Season 1","P2","T4","Image to 3D","Brief Ready","Yes","3","IdleMedievalLegends_Task019_MeshyOperations/Prompts/Equipment/ConceptArt/equipment_heavy_boots_t04_base_concept_sheet.txt","IdleMedievalLegends_Task019_MeshyOperations/Prompts/Equipment/Meshy/BaseGeometry/equipment_heavy_boots_t04_base_geometry.txt","IdleMedievalLegends_Task019_MeshyOperations/Prompts/Equipment/TextureVariants/equipment_heavy_boots_t04_base_rarity_variants.txt","IdleMedievalLegends_Task019_MeshyOperations/Combined/equipment_heavy_boots_t04_base_PIPELINE.md","Assets/_Game/Art/Equipment/HeavyArmor/heavy_boots/T4/Models","Planned destination; existence not asserted"
"equipment_heavy_boots_t05_base","Botas Pesadas T5","Heavy Boots T5","Task017","IdleMedievalLegends_Task017_EquipmentTierRarity/Examples/EQUIPMENT_PRODUCTION_CATALOG.csv","Task017;Task019","1","3D Model","Equipment","Heavy Armor","Season 1","P2","T5","Image to 3D","Brief Ready","Yes","3","IdleMedievalLegends_Task019_MeshyOperations/Prompts/Equipment/ConceptArt/equipment_heavy_boots_t05_base_concept_sheet.txt","IdleMedievalLegends_Task019_MeshyOperations/Prompts/Equipment/Meshy/BaseGeometry/equipment_heavy_boots_t05_base_geometry.txt","IdleMedievalLegends_Task019_MeshyOperations/Prompts/Equipment/TextureVariants/equipment_heavy_boots_t05_base_rarity_variants.txt","IdleMedievalLegends_Task019_MeshyOperations/Combined/equipment_heavy_boots_t05_base_PIPELINE.md","Assets/_Game/Art/Equipment/HeavyArmor/heavy_boots/T5/Models","Planned destination; existence not asserted"
"equipment_heavy_boots_t06_base","Botas Pesadas T6","Heavy Boots T6","Task017","IdleMedievalLegends_Task017_EquipmentTierRarity/Examples/EQUIPMENT_PRODUCTION_CATALOG.csv","Task017;Task019","1","3D Model","Equipment","Heavy Armor","Season 1","P2","T6","Image to 3D","Brief Ready","Yes","3","IdleMedievalLegends_Task019_MeshyOperations/Prompts/Equipment/ConceptArt/equipment_heavy_boots_t06_base_concept_sheet.txt","IdleMedievalLegends_Task019_MeshyOperations/Prompts/Equipment/Meshy/BaseGeometry/equipment_heavy_boots_t06_base_geometry.txt","IdleMedievalLegends_Task019_MeshyOperations/Prompts/Equipment/TextureVariants/equipment_heavy_boots_t06_base_rarity_variants.txt","IdleMedievalLegends_Task019_MeshyOperations/Combined/equipment_heavy_boots_t06_base_PIPELINE.md","Assets/_Game/Art/Equipment/HeavyArmor/heavy_boots/T6/Models","Planned destination; existence not asserted"
"equipment_heavy_boots_t07_base","Botas Pesadas T7","Heavy Boots T7","Task017","IdleMedievalLegends_Task017_EquipmentTierRarity/Examples/EQUIPMENT_PRODUCTION_CATALOG.csv","Task017;Task019","1","3D Model","Equipment","Heavy Armor","Season 1","P2","T7","Image to 3D","Brief Ready","Yes","3","IdleMedievalLegends_Task019_MeshyOperations/Prompts/Equipment/ConceptArt/equipment_heavy_boots_t07_base_concept_sheet.txt","IdleMedievalLegends_Task019_MeshyOperations/Prompts/Equipment/Meshy/BaseGeometry/equipment_heavy_boots_t07_base_geometry.txt","IdleMedievalLegends_Task019_MeshyOperations/Prompts/Equipment/TextureVariants/equipment_heavy_boots_t07_base_rarity_variants.txt","IdleMedievalLegends_Task019_MeshyOperations/Combined/equipment_heavy_boots_t07_base_PIPELINE.md","Assets/_Game/Art/Equipment/HeavyArmor/heavy_boots/T7/Models","Planned destination; existence not asserted"
"equipment_heavy_boots_t08_base","Botas Pesadas T8","Heavy Boots T8","Task017","IdleMedievalLegends_Task017_EquipmentTierRarity/Examples/EQUIPMENT_PRODUCTION_CATALOG.csv","Task017;Task019","1","3D Model","Equipment","Heavy Armor","Post-MVP","P3","T8","Image to 3D","Brief Ready","Yes","3","IdleMedievalLegends_Task019_MeshyOperations/Prompts/Equipment/ConceptArt/equipment_heavy_boots_t08_base_concept_sheet.txt","IdleMedievalLegends_Task019_MeshyOperations/Prompts/Equipment/Meshy/BaseGeometry/equipment_heavy_boots_t08_base_geometry.txt","IdleMedievalLegends_Task019_MeshyOperations/Prompts/Equipment/TextureVariants/equipment_heavy_boots_t08_base_rarity_variants.txt","IdleMedievalLegends_Task019_MeshyOperations/Combined/equipment_heavy_boots_t08_base_PIPELINE.md","Assets/_Game/Art/Equipment/HeavyArmor/heavy_boots/T8/Models","Planned destination; existence not asserted"
"equipment_heavy_boots_t09_base","Botas Pesadas T9","Heavy Boots T9","Task017","IdleMedievalLegends_Task017_EquipmentTierRarity/Examples/EQUIPMENT_PRODUCTION_CATALOG.csv","Task017;Task019","1","3D Model","Equipment","Heavy Armor","Post-MVP","P3","T9","Image to 3D","Brief Ready","Yes","3","IdleMedievalLegends_Task019_MeshyOperations/Prompts/Equipment/ConceptArt/equipment_heavy_boots_t09_base_concept_sheet.txt","IdleMedievalLegends_Task019_MeshyOperations/Prompts/Equipment/Meshy/BaseGeometry/equipment_heavy_boots_t09_base_geometry.txt","IdleMedievalLegends_Task019_MeshyOperations/Prompts/Equipment/TextureVariants/equipment_heavy_boots_t09_base_rarity_variants.txt","IdleMedievalLegends_Task019_MeshyOperations/Combined/equipment_heavy_boots_t09_base_PIPELINE.md","Assets/_Game/Art/Equipment/HeavyArmor/heavy_boots/T9/Models","Planned destination; existence not asserted"
"equipment_heavy_chest_t01_base","Peitoral Pesado T1","Heavy Chest Armor T1","Task017","IdleMedievalLegends_Task017_EquipmentTierRarity/Examples/EQUIPMENT_PRODUCTION_CATALOG.csv","Task017;Task019","1","3D Model","Equipment","Heavy Armor","Vertical Slice","P0","T1","Image to 3D","Brief Ready","Yes","3","IdleMedievalLegends_Task019_MeshyOperations/Prompts/Equipment/ConceptArt/equipment_heavy_chest_t01_base_concept_sheet.txt","IdleMedievalLegends_Task019_MeshyOperations/Prompts/Equipment/Meshy/BaseGeometry/equipment_heavy_chest_t01_base_geometry.txt","IdleMedievalLegends_Task019_MeshyOperations/Prompts/Equipment/TextureVariants/equipment_heavy_chest_t01_base_rarity_variants.txt","IdleMedievalLegends_Task019_MeshyOperations/Combined/equipment_heavy_chest_t01_base_PIPELINE.md","Assets/_Game/Art/Equipment/HeavyArmor/heavy_chest/T1/Models","Planned destination; existence not asserted"
"equipment_heavy_chest_t02_base","Peitoral Pesado T2","Heavy Chest Armor T2","Task017","IdleMedievalLegends_Task017_EquipmentTierRarity/Examples/EQUIPMENT_PRODUCTION_CATALOG.csv","Task017;Task019","1","3D Model","Equipment","Heavy Armor","MVP","P1","T2","Image to 3D","Brief Ready","Yes","3","IdleMedievalLegends_Task019_MeshyOperations/Prompts/Equipment/ConceptArt/equipment_heavy_chest_t02_base_concept_sheet.txt","IdleMedievalLegends_Task019_MeshyOperations/Prompts/Equipment/Meshy/BaseGeometry/equipment_heavy_chest_t02_base_geometry.txt","IdleMedievalLegends_Task019_MeshyOperations/Prompts/Equipment/TextureVariants/equipment_heavy_chest_t02_base_rarity_variants.txt","IdleMedievalLegends_Task019_MeshyOperations/Combined/equipment_heavy_chest_t02_base_PIPELINE.md","Assets/_Game/Art/Equipment/HeavyArmor/heavy_chest/T2/Models","Planned destination; existence not asserted"
"equipment_heavy_chest_t03_base","Peitoral Pesado T3","Heavy Chest Armor T3","Task017","IdleMedievalLegends_Task017_EquipmentTierRarity/Examples/EQUIPMENT_PRODUCTION_CATALOG.csv","Task017;Task019","1","3D Model","Equipment","Heavy Armor","MVP","P1","T3","Image to 3D","Brief Ready","Yes","3","IdleMedievalLegends_Task019_MeshyOperations/Prompts/Equipment/ConceptArt/equipment_heavy_chest_t03_base_concept_sheet.txt","IdleMedievalLegends_Task019_MeshyOperations/Prompts/Equipment/Meshy/BaseGeometry/equipment_heavy_chest_t03_base_geometry.txt","IdleMedievalLegends_Task019_MeshyOperations/Prompts/Equipment/TextureVariants/equipment_heavy_chest_t03_base_rarity_variants.txt","IdleMedievalLegends_Task019_MeshyOperations/Combined/equipment_heavy_chest_t03_base_PIPELINE.md","Assets/_Game/Art/Equipment/HeavyArmor/heavy_chest/T3/Models","Planned destination; existence not asserted"
"equipment_heavy_chest_t04_base","Peitoral Pesado T4","Heavy Chest Armor T4","Task017","IdleMedievalLegends_Task017_EquipmentTierRarity/Examples/EQUIPMENT_PRODUCTION_CATALOG.csv","Task017;Task019","1","3D Model","Equipment","Heavy Armor","Season 1","P2","T4","Image to 3D","Brief Ready","Yes","3","IdleMedievalLegends_Task019_MeshyOperations/Prompts/Equipment/ConceptArt/equipment_heavy_chest_t04_base_concept_sheet.txt","IdleMedievalLegends_Task019_MeshyOperations/Prompts/Equipment/Meshy/BaseGeometry/equipment_heavy_chest_t04_base_geometry.txt","IdleMedievalLegends_Task019_MeshyOperations/Prompts/Equipment/TextureVariants/equipment_heavy_chest_t04_base_rarity_variants.txt","IdleMedievalLegends_Task019_MeshyOperations/Combined/equipment_heavy_chest_t04_base_PIPELINE.md","Assets/_Game/Art/Equipment/HeavyArmor/heavy_chest/T4/Models","Planned destination; existence not asserted"
"equipment_heavy_chest_t05_base","Peitoral Pesado T5","Heavy Chest Armor T5","Task017","IdleMedievalLegends_Task017_EquipmentTierRarity/Examples/EQUIPMENT_PRODUCTION_CATALOG.csv","Task017;Task019","1","3D Model","Equipment","Heavy Armor","Season 1","P2","T5","Image to 3D","Brief Ready","Yes","3","IdleMedievalLegends_Task019_MeshyOperations/Prompts/Equipment/ConceptArt/equipment_heavy_chest_t05_base_concept_sheet.txt","IdleMedievalLegends_Task019_MeshyOperations/Prompts/Equipment/Meshy/BaseGeometry/equipment_heavy_chest_t05_base_geometry.txt","IdleMedievalLegends_Task019_MeshyOperations/Prompts/Equipment/TextureVariants/equipment_heavy_chest_t05_base_rarity_variants.txt","IdleMedievalLegends_Task019_MeshyOperations/Combined/equipment_heavy_chest_t05_base_PIPELINE.md","Assets/_Game/Art/Equipment/HeavyArmor/heavy_chest/T5/Models","Planned destination; existence not asserted"
"equipment_heavy_chest_t06_base","Peitoral Pesado T6","Heavy Chest Armor T6","Task017","IdleMedievalLegends_Task017_EquipmentTierRarity/Examples/EQUIPMENT_PRODUCTION_CATALOG.csv","Task017;Task019","1","3D Model","Equipment","Heavy Armor","Season 1","P2","T6","Image to 3D","Brief Ready","Yes","3","IdleMedievalLegends_Task019_MeshyOperations/Prompts/Equipment/ConceptArt/equipment_heavy_chest_t06_base_concept_sheet.txt","IdleMedievalLegends_Task019_MeshyOperations/Prompts/Equipment/Meshy/BaseGeometry/equipment_heavy_chest_t06_base_geometry.txt","IdleMedievalLegends_Task019_MeshyOperations/Prompts/Equipment/TextureVariants/equipment_heavy_chest_t06_base_rarity_variants.txt","IdleMedievalLegends_Task019_MeshyOperations/Combined/equipment_heavy_chest_t06_base_PIPELINE.md","Assets/_Game/Art/Equipment/HeavyArmor/heavy_chest/T6/Models","Planned destination; existence not asserted"
"equipment_heavy_chest_t07_base","Peitoral Pesado T7","Heavy Chest Armor T7","Task017","IdleMedievalLegends_Task017_EquipmentTierRarity/Examples/EQUIPMENT_PRODUCTION_CATALOG.csv","Task017;Task019","1","3D Model","Equipment","Heavy Armor","Season 1","P2","T7","Image to 3D","Brief Ready","Yes","3","IdleMedievalLegends_Task019_MeshyOperations/Prompts/Equipment/ConceptArt/equipment_heavy_chest_t07_base_concept_sheet.txt","IdleMedievalLegends_Task019_MeshyOperations/Prompts/Equipment/Meshy/BaseGeometry/equipment_heavy_chest_t07_base_geometry.txt","IdleMedievalLegends_Task019_MeshyOperations/Prompts/Equipment/TextureVariants/equipment_heavy_chest_t07_base_rarity_variants.txt","IdleMedievalLegends_Task019_MeshyOperations/Combined/equipment_heavy_chest_t07_base_PIPELINE.md","Assets/_Game/Art/Equipment/HeavyArmor/heavy_chest/T7/Models","Planned destination; existence not asserted"
"equipment_heavy_chest_t08_base","Peitoral Pesado T8","Heavy Chest Armor T8","Task017","IdleMedievalLegends_Task017_EquipmentTierRarity/Examples/EQUIPMENT_PRODUCTION_CATALOG.csv","Task017;Task019","1","3D Model","Equipment","Heavy Armor","Post-MVP","P3","T8","Image to 3D","Brief Ready","Yes","3","IdleMedievalLegends_Task019_MeshyOperations/Prompts/Equipment/ConceptArt/equipment_heavy_chest_t08_base_concept_sheet.txt","IdleMedievalLegends_Task019_MeshyOperations/Prompts/Equipment/Meshy/BaseGeometry/equipment_heavy_chest_t08_base_geometry.txt","IdleMedievalLegends_Task019_MeshyOperations/Prompts/Equipment/TextureVariants/equipment_heavy_chest_t08_base_rarity_variants.txt","IdleMedievalLegends_Task019_MeshyOperations/Combined/equipment_heavy_chest_t08_base_PIPELINE.md","Assets/_Game/Art/Equipment/HeavyArmor/heavy_chest/T8/Models","Planned destination; existence not asserted"
"equipment_heavy_chest_t09_base","Peitoral Pesado T9","Heavy Chest Armor T9","Task017","IdleMedievalLegends_Task017_EquipmentTierRarity/Examples/EQUIPMENT_PRODUCTION_CATALOG.csv","Task017;Task019","1","3D Model","Equipment","Heavy Armor","Post-MVP","P3","T9","Image to 3D","Brief Ready","Yes","3","IdleMedievalLegends_Task019_MeshyOperations/Prompts/Equipment/ConceptArt/equipment_heavy_chest_t09_base_concept_sheet.txt","IdleMedievalLegends_Task019_MeshyOperations/Prompts/Equipment/Meshy/BaseGeometry/equipment_heavy_chest_t09_base_geometry.txt","IdleMedievalLegends_Task019_MeshyOperations/Prompts/Equipment/TextureVariants/equipment_heavy_chest_t09_base_rarity_variants.txt","IdleMedievalLegends_Task019_MeshyOperations/Combined/equipment_heavy_chest_t09_base_PIPELINE.md","Assets/_Game/Art/Equipment/HeavyArmor/heavy_chest/T9/Models","Planned destination; existence not asserted"
"equipment_heavy_gloves_t01_base","Manoplas Pesadas T1","Heavy Gauntlets T1","Task017","IdleMedievalLegends_Task017_EquipmentTierRarity/Examples/EQUIPMENT_PRODUCTION_CATALOG.csv","Task017;Task019","1","3D Model","Equipment","Heavy Armor","Vertical Slice","P0","T1","Image to 3D","Brief Ready","Yes","3","IdleMedievalLegends_Task019_MeshyOperations/Prompts/Equipment/ConceptArt/equipment_heavy_gloves_t01_base_concept_sheet.txt","IdleMedievalLegends_Task019_MeshyOperations/Prompts/Equipment/Meshy/BaseGeometry/equipment_heavy_gloves_t01_base_geometry.txt","IdleMedievalLegends_Task019_MeshyOperations/Prompts/Equipment/TextureVariants/equipment_heavy_gloves_t01_base_rarity_variants.txt","IdleMedievalLegends_Task019_MeshyOperations/Combined/equipment_heavy_gloves_t01_base_PIPELINE.md","Assets/_Game/Art/Equipment/HeavyArmor/heavy_gloves/T1/Models","Planned destination; existence not asserted"
"equipment_heavy_gloves_t02_base","Manoplas Pesadas T2","Heavy Gauntlets T2","Task017","IdleMedievalLegends_Task017_EquipmentTierRarity/Examples/EQUIPMENT_PRODUCTION_CATALOG.csv","Task017;Task019","1","3D Model","Equipment","Heavy Armor","MVP","P1","T2","Image to 3D","Brief Ready","Yes","3","IdleMedievalLegends_Task019_MeshyOperations/Prompts/Equipment/ConceptArt/equipment_heavy_gloves_t02_base_concept_sheet.txt","IdleMedievalLegends_Task019_MeshyOperations/Prompts/Equipment/Meshy/BaseGeometry/equipment_heavy_gloves_t02_base_geometry.txt","IdleMedievalLegends_Task019_MeshyOperations/Prompts/Equipment/TextureVariants/equipment_heavy_gloves_t02_base_rarity_variants.txt","IdleMedievalLegends_Task019_MeshyOperations/Combined/equipment_heavy_gloves_t02_base_PIPELINE.md","Assets/_Game/Art/Equipment/HeavyArmor/heavy_gloves/T2/Models","Planned destination; existence not asserted"
"equipment_heavy_gloves_t03_base","Manoplas Pesadas T3","Heavy Gauntlets T3","Task017","IdleMedievalLegends_Task017_EquipmentTierRarity/Examples/EQUIPMENT_PRODUCTION_CATALOG.csv","Task017;Task019","1","3D Model","Equipment","Heavy Armor","MVP","P1","T3","Image to 3D","Brief Ready","Yes","3","IdleMedievalLegends_Task019_MeshyOperations/Prompts/Equipment/ConceptArt/equipment_heavy_gloves_t03_base_concept_sheet.txt","IdleMedievalLegends_Task019_MeshyOperations/Prompts/Equipment/Meshy/BaseGeometry/equipment_heavy_gloves_t03_base_geometry.txt","IdleMedievalLegends_Task019_MeshyOperations/Prompts/Equipment/TextureVariants/equipment_heavy_gloves_t03_base_rarity_variants.txt","IdleMedievalLegends_Task019_MeshyOperations/Combined/equipment_heavy_gloves_t03_base_PIPELINE.md","Assets/_Game/Art/Equipment/HeavyArmor/heavy_gloves/T3/Models","Planned destination; existence not asserted"
"equipment_heavy_gloves_t04_base","Manoplas Pesadas T4","Heavy Gauntlets T4","Task017","IdleMedievalLegends_Task017_EquipmentTierRarity/Examples/EQUIPMENT_PRODUCTION_CATALOG.csv","Task017;Task019","1","3D Model","Equipment","Heavy Armor","Season 1","P2","T4","Image to 3D","Brief Ready","Yes","3","IdleMedievalLegends_Task019_MeshyOperations/Prompts/Equipment/ConceptArt/equipment_heavy_gloves_t04_base_concept_sheet.txt","IdleMedievalLegends_Task019_MeshyOperations/Prompts/Equipment/Meshy/BaseGeometry/equipment_heavy_gloves_t04_base_geometry.txt","IdleMedievalLegends_Task019_MeshyOperations/Prompts/Equipment/TextureVariants/equipment_heavy_gloves_t04_base_rarity_variants.txt","IdleMedievalLegends_Task019_MeshyOperations/Combined/equipment_heavy_gloves_t04_base_PIPELINE.md","Assets/_Game/Art/Equipment/HeavyArmor/heavy_gloves/T4/Models","Planned destination; existence not asserted"
"equipment_heavy_gloves_t05_base","Manoplas Pesadas T5","Heavy Gauntlets T5","Task017","IdleMedievalLegends_Task017_EquipmentTierRarity/Examples/EQUIPMENT_PRODUCTION_CATALOG.csv","Task017;Task019","1","3D Model","Equipment","Heavy Armor","Season 1","P2","T5","Image to 3D","Brief Ready","Yes","3","IdleMedievalLegends_Task019_MeshyOperations/Prompts/Equipment/ConceptArt/equipment_heavy_gloves_t05_base_concept_sheet.txt","IdleMedievalLegends_Task019_MeshyOperations/Prompts/Equipment/Meshy/BaseGeometry/equipment_heavy_gloves_t05_base_geometry.txt","IdleMedievalLegends_Task019_MeshyOperations/Prompts/Equipment/TextureVariants/equipment_heavy_gloves_t05_base_rarity_variants.txt","IdleMedievalLegends_Task019_MeshyOperations/Combined/equipment_heavy_gloves_t05_base_PIPELINE.md","Assets/_Game/Art/Equipment/HeavyArmor/heavy_gloves/T5/Models","Planned destination; existence not asserted"
"equipment_heavy_gloves_t06_base","Manoplas Pesadas T6","Heavy Gauntlets T6","Task017","IdleMedievalLegends_Task017_EquipmentTierRarity/Examples/EQUIPMENT_PRODUCTION_CATALOG.csv","Task017;Task019","1","3D Model","Equipment","Heavy Armor","Season 1","P2","T6","Image to 3D","Brief Ready","Yes","3","IdleMedievalLegends_Task019_MeshyOperations/Prompts/Equipment/ConceptArt/equipment_heavy_gloves_t06_base_concept_sheet.txt","IdleMedievalLegends_Task019_MeshyOperations/Prompts/Equipment/Meshy/BaseGeometry/equipment_heavy_gloves_t06_base_geometry.txt","IdleMedievalLegends_Task019_MeshyOperations/Prompts/Equipment/TextureVariants/equipment_heavy_gloves_t06_base_rarity_variants.txt","IdleMedievalLegends_Task019_MeshyOperations/Combined/equipment_heavy_gloves_t06_base_PIPELINE.md","Assets/_Game/Art/Equipment/HeavyArmor/heavy_gloves/T6/Models","Planned destination; existence not asserted"
"equipment_heavy_gloves_t07_base","Manoplas Pesadas T7","Heavy Gauntlets T7","Task017","IdleMedievalLegends_Task017_EquipmentTierRarity/Examples/EQUIPMENT_PRODUCTION_CATALOG.csv","Task017;Task019","1","3D Model","Equipment","Heavy Armor","Season 1","P2","T7","Image to 3D","Brief Ready","Yes","3","IdleMedievalLegends_Task019_MeshyOperations/Prompts/Equipment/ConceptArt/equipment_heavy_gloves_t07_base_concept_sheet.txt","IdleMedievalLegends_Task019_MeshyOperations/Prompts/Equipment/Meshy/BaseGeometry/equipment_heavy_gloves_t07_base_geometry.txt","IdleMedievalLegends_Task019_MeshyOperations/Prompts/Equipment/TextureVariants/equipment_heavy_gloves_t07_base_rarity_variants.txt","IdleMedievalLegends_Task019_MeshyOperations/Combined/equipment_heavy_gloves_t07_base_PIPELINE.md","Assets/_Game/Art/Equipment/HeavyArmor/heavy_gloves/T7/Models","Planned destination; existence not asserted"
"equipment_heavy_gloves_t08_base","Manoplas Pesadas T8","Heavy Gauntlets T8","Task017","IdleMedievalLegends_Task017_EquipmentTierRarity/Examples/EQUIPMENT_PRODUCTION_CATALOG.csv","Task017;Task019","1","3D Model","Equipment","Heavy Armor","Post-MVP","P3","T8","Image to 3D","Brief Ready","Yes","3","IdleMedievalLegends_Task019_MeshyOperations/Prompts/Equipment/ConceptArt/equipment_heavy_gloves_t08_base_concept_sheet.txt","IdleMedievalLegends_Task019_MeshyOperations/Prompts/Equipment/Meshy/BaseGeometry/equipment_heavy_gloves_t08_base_geometry.txt","IdleMedievalLegends_Task019_MeshyOperations/Prompts/Equipment/TextureVariants/equipment_heavy_gloves_t08_base_rarity_variants.txt","IdleMedievalLegends_Task019_MeshyOperations/Combined/equipment_heavy_gloves_t08_base_PIPELINE.md","Assets/_Game/Art/Equipment/HeavyArmor/heavy_gloves/T8/Models","Planned destination; existence not asserted"
"equipment_heavy_gloves_t09_base","Manoplas Pesadas T9","Heavy Gauntlets T9","Task017","IdleMedievalLegends_Task017_EquipmentTierRarity/Examples/EQUIPMENT_PRODUCTION_CATALOG.csv","Task017;Task019","1","3D Model","Equipment","Heavy Armor","Post-MVP","P3","T9","Image to 3D","Brief Ready","Yes","3","IdleMedievalLegends_Task019_MeshyOperations/Prompts/Equipment/ConceptArt/equipment_heavy_gloves_t09_base_concept_sheet.txt","IdleMedievalLegends_Task019_MeshyOperations/Prompts/Equipment/Meshy/BaseGeometry/equipment_heavy_gloves_t09_base_geometry.txt","IdleMedievalLegends_Task019_MeshyOperations/Prompts/Equipment/TextureVariants/equipment_heavy_gloves_t09_base_rarity_variants.txt","IdleMedievalLegends_Task019_MeshyOperations/Combined/equipment_heavy_gloves_t09_base_PIPELINE.md","Assets/_Game/Art/Equipment/HeavyArmor/heavy_gloves/T9/Models","Planned destination; existence not asserted"
"equipment_heavy_helmet_t01_base","Elmo Pesado T1","Heavy Helmet T1","Task017","IdleMedievalLegends_Task017_EquipmentTierRarity/Examples/EQUIPMENT_PRODUCTION_CATALOG.csv","Task017;Task019","1","3D Model","Equipment","Heavy Armor","Vertical Slice","P0","T1","Image to 3D","Brief Ready","Yes","3","IdleMedievalLegends_Task019_MeshyOperations/Prompts/Equipment/ConceptArt/equipment_heavy_helmet_t01_base_concept_sheet.txt","IdleMedievalLegends_Task019_MeshyOperations/Prompts/Equipment/Meshy/BaseGeometry/equipment_heavy_helmet_t01_base_geometry.txt","IdleMedievalLegends_Task019_MeshyOperations/Prompts/Equipment/TextureVariants/equipment_heavy_helmet_t01_base_rarity_variants.txt","IdleMedievalLegends_Task019_MeshyOperations/Combined/equipment_heavy_helmet_t01_base_PIPELINE.md","Assets/_Game/Art/Equipment/HeavyArmor/heavy_helmet/T1/Models","Planned destination; existence not asserted"
"equipment_heavy_helmet_t02_base","Elmo Pesado T2","Heavy Helmet T2","Task017","IdleMedievalLegends_Task017_EquipmentTierRarity/Examples/EQUIPMENT_PRODUCTION_CATALOG.csv","Task017;Task019","1","3D Model","Equipment","Heavy Armor","MVP","P1","T2","Image to 3D","Brief Ready","Yes","3","IdleMedievalLegends_Task019_MeshyOperations/Prompts/Equipment/ConceptArt/equipment_heavy_helmet_t02_base_concept_sheet.txt","IdleMedievalLegends_Task019_MeshyOperations/Prompts/Equipment/Meshy/BaseGeometry/equipment_heavy_helmet_t02_base_geometry.txt","IdleMedievalLegends_Task019_MeshyOperations/Prompts/Equipment/TextureVariants/equipment_heavy_helmet_t02_base_rarity_variants.txt","IdleMedievalLegends_Task019_MeshyOperations/Combined/equipment_heavy_helmet_t02_base_PIPELINE.md","Assets/_Game/Art/Equipment/HeavyArmor/heavy_helmet/T2/Models","Planned destination; existence not asserted"
"equipment_heavy_helmet_t03_base","Elmo Pesado T3","Heavy Helmet T3","Task017","IdleMedievalLegends_Task017_EquipmentTierRarity/Examples/EQUIPMENT_PRODUCTION_CATALOG.csv","Task017;Task019","1","3D Model","Equipment","Heavy Armor","MVP","P1","T3","Image to 3D","Brief Ready","Yes","3","IdleMedievalLegends_Task019_MeshyOperations/Prompts/Equipment/ConceptArt/equipment_heavy_helmet_t03_base_concept_sheet.txt","IdleMedievalLegends_Task019_MeshyOperations/Prompts/Equipment/Meshy/BaseGeometry/equipment_heavy_helmet_t03_base_geometry.txt","IdleMedievalLegends_Task019_MeshyOperations/Prompts/Equipment/TextureVariants/equipment_heavy_helmet_t03_base_rarity_variants.txt","IdleMedievalLegends_Task019_MeshyOperations/Combined/equipment_heavy_helmet_t03_base_PIPELINE.md","Assets/_Game/Art/Equipment/HeavyArmor/heavy_helmet/T3/Models","Planned destination; existence not asserted"
"equipment_heavy_helmet_t04_base","Elmo Pesado T4","Heavy Helmet T4","Task017","IdleMedievalLegends_Task017_EquipmentTierRarity/Examples/EQUIPMENT_PRODUCTION_CATALOG.csv","Task017;Task019","1","3D Model","Equipment","Heavy Armor","Season 1","P2","T4","Image to 3D","Brief Ready","Yes","3","IdleMedievalLegends_Task019_MeshyOperations/Prompts/Equipment/ConceptArt/equipment_heavy_helmet_t04_base_concept_sheet.txt","IdleMedievalLegends_Task019_MeshyOperations/Prompts/Equipment/Meshy/BaseGeometry/equipment_heavy_helmet_t04_base_geometry.txt","IdleMedievalLegends_Task019_MeshyOperations/Prompts/Equipment/TextureVariants/equipment_heavy_helmet_t04_base_rarity_variants.txt","IdleMedievalLegends_Task019_MeshyOperations/Combined/equipment_heavy_helmet_t04_base_PIPELINE.md","Assets/_Game/Art/Equipment/HeavyArmor/heavy_helmet/T4/Models","Planned destination; existence not asserted"
"equipment_heavy_helmet_t05_base","Elmo Pesado T5","Heavy Helmet T5","Task017","IdleMedievalLegends_Task017_EquipmentTierRarity/Examples/EQUIPMENT_PRODUCTION_CATALOG.csv","Task017;Task019","1","3D Model","Equipment","Heavy Armor","Season 1","P2","T5","Image to 3D","Brief Ready","Yes","3","IdleMedievalLegends_Task019_MeshyOperations/Prompts/Equipment/ConceptArt/equipment_heavy_helmet_t05_base_concept_sheet.txt","IdleMedievalLegends_Task019_MeshyOperations/Prompts/Equipment/Meshy/BaseGeometry/equipment_heavy_helmet_t05_base_geometry.txt","IdleMedievalLegends_Task019_MeshyOperations/Prompts/Equipment/TextureVariants/equipment_heavy_helmet_t05_base_rarity_variants.txt","IdleMedievalLegends_Task019_MeshyOperations/Combined/equipment_heavy_helmet_t05_base_PIPELINE.md","Assets/_Game/Art/Equipment/HeavyArmor/heavy_helmet/T5/Models","Planned destination; existence not asserted"
"equipment_heavy_helmet_t06_base","Elmo Pesado T6","Heavy Helmet T6","Task017","IdleMedievalLegends_Task017_EquipmentTierRarity/Examples/EQUIPMENT_PRODUCTION_CATALOG.csv","Task017;Task019","1","3D Model","Equipment","Heavy Armor","Season 1","P2","T6","Image to 3D","Brief Ready","Yes","3","IdleMedievalLegends_Task019_MeshyOperations/Prompts/Equipment/ConceptArt/equipment_heavy_helmet_t06_base_concept_sheet.txt","IdleMedievalLegends_Task019_MeshyOperations/Prompts/Equipment/Meshy/BaseGeometry/equipment_heavy_helmet_t06_base_geometry.txt","IdleMedievalLegends_Task019_MeshyOperations/Prompts/Equipment/TextureVariants/equipment_heavy_helmet_t06_base_rarity_variants.txt","IdleMedievalLegends_Task019_MeshyOperations/Combined/equipment_heavy_helmet_t06_base_PIPELINE.md","Assets/_Game/Art/Equipment/HeavyArmor/heavy_helmet/T6/Models","Planned destination; existence not asserted"
"equipment_heavy_helmet_t07_base","Elmo Pesado T7","Heavy Helmet T7","Task017","IdleMedievalLegends_Task017_EquipmentTierRarity/Examples/EQUIPMENT_PRODUCTION_CATALOG.csv","Task017;Task019","1","3D Model","Equipment","Heavy Armor","Season 1","P2","T7","Image to 3D","Brief Ready","Yes","3","IdleMedievalLegends_Task019_MeshyOperations/Prompts/Equipment/ConceptArt/equipment_heavy_helmet_t07_base_concept_sheet.txt","IdleMedievalLegends_Task019_MeshyOperations/Prompts/Equipment/Meshy/BaseGeometry/equipment_heavy_helmet_t07_base_geometry.txt","IdleMedievalLegends_Task019_MeshyOperations/Prompts/Equipment/TextureVariants/equipment_heavy_helmet_t07_base_rarity_variants.txt","IdleMedievalLegends_Task019_MeshyOperations/Combined/equipment_heavy_helmet_t07_base_PIPELINE.md","Assets/_Game/Art/Equipment/HeavyArmor/heavy_helmet/T7/Models","Planned destination; existence not asserted"
"equipment_heavy_helmet_t08_base","Elmo Pesado T8","Heavy Helmet T8","Task017","IdleMedievalLegends_Task017_EquipmentTierRarity/Examples/EQUIPMENT_PRODUCTION_CATALOG.csv","Task017;Task019","1","3D Model","Equipment","Heavy Armor","Post-MVP","P3","T8","Image to 3D","Brief Ready","Yes","3","IdleMedievalLegends_Task019_MeshyOperations/Prompts/Equipment/ConceptArt/equipment_heavy_helmet_t08_base_concept_sheet.txt","IdleMedievalLegends_Task019_MeshyOperations/Prompts/Equipment/Meshy/BaseGeometry/equipment_heavy_helmet_t08_base_geometry.txt","IdleMedievalLegends_Task019_MeshyOperations/Prompts/Equipment/TextureVariants/equipment_heavy_helmet_t08_base_rarity_variants.txt","IdleMedievalLegends_Task019_MeshyOperations/Combined/equipment_heavy_helmet_t08_base_PIPELINE.md","Assets/_Game/Art/Equipment/HeavyArmor/heavy_helmet/T8/Models","Planned destination; existence not asserted"
"equipment_heavy_helmet_t09_base","Elmo Pesado T9","Heavy Helmet T9","Task017","IdleMedievalLegends_Task017_EquipmentTierRarity/Examples/EQUIPMENT_PRODUCTION_CATALOG.csv","Task017;Task019","1","3D Model","Equipment","Heavy Armor","Post-MVP","P3","T9","Image to 3D","Brief Ready","Yes","3","IdleMedievalLegends_Task019_MeshyOperations/Prompts/Equipment/ConceptArt/equipment_heavy_helmet_t09_base_concept_sheet.txt","IdleMedievalLegends_Task019_MeshyOperations/Prompts/Equipment/Meshy/BaseGeometry/equipment_heavy_helmet_t09_base_geometry.txt","IdleMedievalLegends_Task019_MeshyOperations/Prompts/Equipment/TextureVariants/equipment_heavy_helmet_t09_base_rarity_variants.txt","IdleMedievalLegends_Task019_MeshyOperations/Combined/equipment_heavy_helmet_t09_base_PIPELINE.md","Assets/_Game/Art/Equipment/HeavyArmor/heavy_helmet/T9/Models","Planned destination; existence not asserted"
"equipment_light_boots_t01_base","Botas Leves T1","Light Boots T1","Task017","IdleMedievalLegends_Task017_EquipmentTierRarity/Examples/EQUIPMENT_PRODUCTION_CATALOG.csv","Task017;Task019","1","3D Model","Equipment","Light Armor","Vertical Slice","P0","T1","Image to 3D","Brief Ready","Yes","3","IdleMedievalLegends_Task019_MeshyOperations/Prompts/Equipment/ConceptArt/equipment_light_boots_t01_base_concept_sheet.txt","IdleMedievalLegends_Task019_MeshyOperations/Prompts/Equipment/Meshy/BaseGeometry/equipment_light_boots_t01_base_geometry.txt","IdleMedievalLegends_Task019_MeshyOperations/Prompts/Equipment/TextureVariants/equipment_light_boots_t01_base_rarity_variants.txt","IdleMedievalLegends_Task019_MeshyOperations/Combined/equipment_light_boots_t01_base_PIPELINE.md","Assets/_Game/Art/Equipment/LightArmor/light_boots/T1/Models","Planned destination; existence not asserted"
"equipment_light_boots_t02_base","Botas Leves T2","Light Boots T2","Task017","IdleMedievalLegends_Task017_EquipmentTierRarity/Examples/EQUIPMENT_PRODUCTION_CATALOG.csv","Task017;Task019","1","3D Model","Equipment","Light Armor","MVP","P1","T2","Image to 3D","Brief Ready","Yes","3","IdleMedievalLegends_Task019_MeshyOperations/Prompts/Equipment/ConceptArt/equipment_light_boots_t02_base_concept_sheet.txt","IdleMedievalLegends_Task019_MeshyOperations/Prompts/Equipment/Meshy/BaseGeometry/equipment_light_boots_t02_base_geometry.txt","IdleMedievalLegends_Task019_MeshyOperations/Prompts/Equipment/TextureVariants/equipment_light_boots_t02_base_rarity_variants.txt","IdleMedievalLegends_Task019_MeshyOperations/Combined/equipment_light_boots_t02_base_PIPELINE.md","Assets/_Game/Art/Equipment/LightArmor/light_boots/T2/Models","Planned destination; existence not asserted"
"equipment_light_boots_t03_base","Botas Leves T3","Light Boots T3","Task017","IdleMedievalLegends_Task017_EquipmentTierRarity/Examples/EQUIPMENT_PRODUCTION_CATALOG.csv","Task017;Task019","1","3D Model","Equipment","Light Armor","MVP","P1","T3","Image to 3D","Brief Ready","Yes","3","IdleMedievalLegends_Task019_MeshyOperations/Prompts/Equipment/ConceptArt/equipment_light_boots_t03_base_concept_sheet.txt","IdleMedievalLegends_Task019_MeshyOperations/Prompts/Equipment/Meshy/BaseGeometry/equipment_light_boots_t03_base_geometry.txt","IdleMedievalLegends_Task019_MeshyOperations/Prompts/Equipment/TextureVariants/equipment_light_boots_t03_base_rarity_variants.txt","IdleMedievalLegends_Task019_MeshyOperations/Combined/equipment_light_boots_t03_base_PIPELINE.md","Assets/_Game/Art/Equipment/LightArmor/light_boots/T3/Models","Planned destination; existence not asserted"
"equipment_light_boots_t04_base","Botas Leves T4","Light Boots T4","Task017","IdleMedievalLegends_Task017_EquipmentTierRarity/Examples/EQUIPMENT_PRODUCTION_CATALOG.csv","Task017;Task019","1","3D Model","Equipment","Light Armor","Season 1","P2","T4","Image to 3D","Brief Ready","Yes","3","IdleMedievalLegends_Task019_MeshyOperations/Prompts/Equipment/ConceptArt/equipment_light_boots_t04_base_concept_sheet.txt","IdleMedievalLegends_Task019_MeshyOperations/Prompts/Equipment/Meshy/BaseGeometry/equipment_light_boots_t04_base_geometry.txt","IdleMedievalLegends_Task019_MeshyOperations/Prompts/Equipment/TextureVariants/equipment_light_boots_t04_base_rarity_variants.txt","IdleMedievalLegends_Task019_MeshyOperations/Combined/equipment_light_boots_t04_base_PIPELINE.md","Assets/_Game/Art/Equipment/LightArmor/light_boots/T4/Models","Planned destination; existence not asserted"
"equipment_light_boots_t05_base","Botas Leves T5","Light Boots T5","Task017","IdleMedievalLegends_Task017_EquipmentTierRarity/Examples/EQUIPMENT_PRODUCTION_CATALOG.csv","Task017;Task019","1","3D Model","Equipment","Light Armor","Season 1","P2","T5","Image to 3D","Brief Ready","Yes","3","IdleMedievalLegends_Task019_MeshyOperations/Prompts/Equipment/ConceptArt/equipment_light_boots_t05_base_concept_sheet.txt","IdleMedievalLegends_Task019_MeshyOperations/Prompts/Equipment/Meshy/BaseGeometry/equipment_light_boots_t05_base_geometry.txt","IdleMedievalLegends_Task019_MeshyOperations/Prompts/Equipment/TextureVariants/equipment_light_boots_t05_base_rarity_variants.txt","IdleMedievalLegends_Task019_MeshyOperations/Combined/equipment_light_boots_t05_base_PIPELINE.md","Assets/_Game/Art/Equipment/LightArmor/light_boots/T5/Models","Planned destination; existence not asserted"
"equipment_light_boots_t06_base","Botas Leves T6","Light Boots T6","Task017","IdleMedievalLegends_Task017_EquipmentTierRarity/Examples/EQUIPMENT_PRODUCTION_CATALOG.csv","Task017;Task019","1","3D Model","Equipment","Light Armor","Season 1","P2","T6","Image to 3D","Brief Ready","Yes","3","IdleMedievalLegends_Task019_MeshyOperations/Prompts/Equipment/ConceptArt/equipment_light_boots_t06_base_concept_sheet.txt","IdleMedievalLegends_Task019_MeshyOperations/Prompts/Equipment/Meshy/BaseGeometry/equipment_light_boots_t06_base_geometry.txt","IdleMedievalLegends_Task019_MeshyOperations/Prompts/Equipment/TextureVariants/equipment_light_boots_t06_base_rarity_variants.txt","IdleMedievalLegends_Task019_MeshyOperations/Combined/equipment_light_boots_t06_base_PIPELINE.md","Assets/_Game/Art/Equipment/LightArmor/light_boots/T6/Models","Planned destination; existence not asserted"
"equipment_light_boots_t07_base","Botas Leves T7","Light Boots T7","Task017","IdleMedievalLegends_Task017_EquipmentTierRarity/Examples/EQUIPMENT_PRODUCTION_CATALOG.csv","Task017;Task019","1","3D Model","Equipment","Light Armor","Season 1","P2","T7","Image to 3D","Brief Ready","Yes","3","IdleMedievalLegends_Task019_MeshyOperations/Prompts/Equipment/ConceptArt/equipment_light_boots_t07_base_concept_sheet.txt","IdleMedievalLegends_Task019_MeshyOperations/Prompts/Equipment/Meshy/BaseGeometry/equipment_light_boots_t07_base_geometry.txt","IdleMedievalLegends_Task019_MeshyOperations/Prompts/Equipment/TextureVariants/equipment_light_boots_t07_base_rarity_variants.txt","IdleMedievalLegends_Task019_MeshyOperations/Combined/equipment_light_boots_t07_base_PIPELINE.md","Assets/_Game/Art/Equipment/LightArmor/light_boots/T7/Models","Planned destination; existence not asserted"
"equipment_light_boots_t08_base","Botas Leves T8","Light Boots T8","Task017","IdleMedievalLegends_Task017_EquipmentTierRarity/Examples/EQUIPMENT_PRODUCTION_CATALOG.csv","Task017;Task019","1","3D Model","Equipment","Light Armor","Post-MVP","P3","T8","Image to 3D","Brief Ready","Yes","3","IdleMedievalLegends_Task019_MeshyOperations/Prompts/Equipment/ConceptArt/equipment_light_boots_t08_base_concept_sheet.txt","IdleMedievalLegends_Task019_MeshyOperations/Prompts/Equipment/Meshy/BaseGeometry/equipment_light_boots_t08_base_geometry.txt","IdleMedievalLegends_Task019_MeshyOperations/Prompts/Equipment/TextureVariants/equipment_light_boots_t08_base_rarity_variants.txt","IdleMedievalLegends_Task019_MeshyOperations/Combined/equipment_light_boots_t08_base_PIPELINE.md","Assets/_Game/Art/Equipment/LightArmor/light_boots/T8/Models","Planned destination; existence not asserted"
"equipment_light_boots_t09_base","Botas Leves T9","Light Boots T9","Task017","IdleMedievalLegends_Task017_EquipmentTierRarity/Examples/EQUIPMENT_PRODUCTION_CATALOG.csv","Task017;Task019","1","3D Model","Equipment","Light Armor","Post-MVP","P3","T9","Image to 3D","Brief Ready","Yes","3","IdleMedievalLegends_Task019_MeshyOperations/Prompts/Equipment/ConceptArt/equipment_light_boots_t09_base_concept_sheet.txt","IdleMedievalLegends_Task019_MeshyOperations/Prompts/Equipment/Meshy/BaseGeometry/equipment_light_boots_t09_base_geometry.txt","IdleMedievalLegends_Task019_MeshyOperations/Prompts/Equipment/TextureVariants/equipment_light_boots_t09_base_rarity_variants.txt","IdleMedievalLegends_Task019_MeshyOperations/Combined/equipment_light_boots_t09_base_PIPELINE.md","Assets/_Game/Art/Equipment/LightArmor/light_boots/T9/Models","Planned destination; existence not asserted"
"equipment_light_chest_t01_base","Armadura Leve T1","Light Chest Armor T1","Task017","IdleMedievalLegends_Task017_EquipmentTierRarity/Examples/EQUIPMENT_PRODUCTION_CATALOG.csv","Task017;Task019","1","3D Model","Equipment","Light Armor","Vertical Slice","P0","T1","Image to 3D","Brief Ready","Yes","3","IdleMedievalLegends_Task019_MeshyOperations/Prompts/Equipment/ConceptArt/equipment_light_chest_t01_base_concept_sheet.txt","IdleMedievalLegends_Task019_MeshyOperations/Prompts/Equipment/Meshy/BaseGeometry/equipment_light_chest_t01_base_geometry.txt","IdleMedievalLegends_Task019_MeshyOperations/Prompts/Equipment/TextureVariants/equipment_light_chest_t01_base_rarity_variants.txt","IdleMedievalLegends_Task019_MeshyOperations/Combined/equipment_light_chest_t01_base_PIPELINE.md","Assets/_Game/Art/Equipment/LightArmor/light_chest/T1/Models","Planned destination; existence not asserted"
"equipment_light_chest_t02_base","Armadura Leve T2","Light Chest Armor T2","Task017","IdleMedievalLegends_Task017_EquipmentTierRarity/Examples/EQUIPMENT_PRODUCTION_CATALOG.csv","Task017;Task019","1","3D Model","Equipment","Light Armor","MVP","P1","T2","Image to 3D","Brief Ready","Yes","3","IdleMedievalLegends_Task019_MeshyOperations/Prompts/Equipment/ConceptArt/equipment_light_chest_t02_base_concept_sheet.txt","IdleMedievalLegends_Task019_MeshyOperations/Prompts/Equipment/Meshy/BaseGeometry/equipment_light_chest_t02_base_geometry.txt","IdleMedievalLegends_Task019_MeshyOperations/Prompts/Equipment/TextureVariants/equipment_light_chest_t02_base_rarity_variants.txt","IdleMedievalLegends_Task019_MeshyOperations/Combined/equipment_light_chest_t02_base_PIPELINE.md","Assets/_Game/Art/Equipment/LightArmor/light_chest/T2/Models","Planned destination; existence not asserted"
"equipment_light_chest_t03_base","Armadura Leve T3","Light Chest Armor T3","Task017","IdleMedievalLegends_Task017_EquipmentTierRarity/Examples/EQUIPMENT_PRODUCTION_CATALOG.csv","Task017;Task019","1","3D Model","Equipment","Light Armor","MVP","P1","T3","Image to 3D","Brief Ready","Yes","3","IdleMedievalLegends_Task019_MeshyOperations/Prompts/Equipment/ConceptArt/equipment_light_chest_t03_base_concept_sheet.txt","IdleMedievalLegends_Task019_MeshyOperations/Prompts/Equipment/Meshy/BaseGeometry/equipment_light_chest_t03_base_geometry.txt","IdleMedievalLegends_Task019_MeshyOperations/Prompts/Equipment/TextureVariants/equipment_light_chest_t03_base_rarity_variants.txt","IdleMedievalLegends_Task019_MeshyOperations/Combined/equipment_light_chest_t03_base_PIPELINE.md","Assets/_Game/Art/Equipment/LightArmor/light_chest/T3/Models","Planned destination; existence not asserted"
"equipment_light_chest_t04_base","Armadura Leve T4","Light Chest Armor T4","Task017","IdleMedievalLegends_Task017_EquipmentTierRarity/Examples/EQUIPMENT_PRODUCTION_CATALOG.csv","Task017;Task019","1","3D Model","Equipment","Light Armor","Season 1","P2","T4","Image to 3D","Brief Ready","Yes","3","IdleMedievalLegends_Task019_MeshyOperations/Prompts/Equipment/ConceptArt/equipment_light_chest_t04_base_concept_sheet.txt","IdleMedievalLegends_Task019_MeshyOperations/Prompts/Equipment/Meshy/BaseGeometry/equipment_light_chest_t04_base_geometry.txt","IdleMedievalLegends_Task019_MeshyOperations/Prompts/Equipment/TextureVariants/equipment_light_chest_t04_base_rarity_variants.txt","IdleMedievalLegends_Task019_MeshyOperations/Combined/equipment_light_chest_t04_base_PIPELINE.md","Assets/_Game/Art/Equipment/LightArmor/light_chest/T4/Models","Planned destination; existence not asserted"
"equipment_light_chest_t05_base","Armadura Leve T5","Light Chest Armor T5","Task017","IdleMedievalLegends_Task017_EquipmentTierRarity/Examples/EQUIPMENT_PRODUCTION_CATALOG.csv","Task017;Task019","1","3D Model","Equipment","Light Armor","Season 1","P2","T5","Image to 3D","Brief Ready","Yes","3","IdleMedievalLegends_Task019_MeshyOperations/Prompts/Equipment/ConceptArt/equipment_light_chest_t05_base_concept_sheet.txt","IdleMedievalLegends_Task019_MeshyOperations/Prompts/Equipment/Meshy/BaseGeometry/equipment_light_chest_t05_base_geometry.txt","IdleMedievalLegends_Task019_MeshyOperations/Prompts/Equipment/TextureVariants/equipment_light_chest_t05_base_rarity_variants.txt","IdleMedievalLegends_Task019_MeshyOperations/Combined/equipment_light_chest_t05_base_PIPELINE.md","Assets/_Game/Art/Equipment/LightArmor/light_chest/T5/Models","Planned destination; existence not asserted"
"equipment_light_chest_t06_base","Armadura Leve T6","Light Chest Armor T6","Task017","IdleMedievalLegends_Task017_EquipmentTierRarity/Examples/EQUIPMENT_PRODUCTION_CATALOG.csv","Task017;Task019","1","3D Model","Equipment","Light Armor","Season 1","P2","T6","Image to 3D","Brief Ready","Yes","3","IdleMedievalLegends_Task019_MeshyOperations/Prompts/Equipment/ConceptArt/equipment_light_chest_t06_base_concept_sheet.txt","IdleMedievalLegends_Task019_MeshyOperations/Prompts/Equipment/Meshy/BaseGeometry/equipment_light_chest_t06_base_geometry.txt","IdleMedievalLegends_Task019_MeshyOperations/Prompts/Equipment/TextureVariants/equipment_light_chest_t06_base_rarity_variants.txt","IdleMedievalLegends_Task019_MeshyOperations/Combined/equipment_light_chest_t06_base_PIPELINE.md","Assets/_Game/Art/Equipment/LightArmor/light_chest/T6/Models","Planned destination; existence not asserted"
"equipment_light_chest_t07_base","Armadura Leve T7","Light Chest Armor T7","Task017","IdleMedievalLegends_Task017_EquipmentTierRarity/Examples/EQUIPMENT_PRODUCTION_CATALOG.csv","Task017;Task019","1","3D Model","Equipment","Light Armor","Season 1","P2","T7","Image to 3D","Brief Ready","Yes","3","IdleMedievalLegends_Task019_MeshyOperations/Prompts/Equipment/ConceptArt/equipment_light_chest_t07_base_concept_sheet.txt","IdleMedievalLegends_Task019_MeshyOperations/Prompts/Equipment/Meshy/BaseGeometry/equipment_light_chest_t07_base_geometry.txt","IdleMedievalLegends_Task019_MeshyOperations/Prompts/Equipment/TextureVariants/equipment_light_chest_t07_base_rarity_variants.txt","IdleMedievalLegends_Task019_MeshyOperations/Combined/equipment_light_chest_t07_base_PIPELINE.md","Assets/_Game/Art/Equipment/LightArmor/light_chest/T7/Models","Planned destination; existence not asserted"
"equipment_light_chest_t08_base","Armadura Leve T8","Light Chest Armor T8","Task017","IdleMedievalLegends_Task017_EquipmentTierRarity/Examples/EQUIPMENT_PRODUCTION_CATALOG.csv","Task017;Task019","1","3D Model","Equipment","Light Armor","Post-MVP","P3","T8","Image to 3D","Brief Ready","Yes","3","IdleMedievalLegends_Task019_MeshyOperations/Prompts/Equipment/ConceptArt/equipment_light_chest_t08_base_concept_sheet.txt","IdleMedievalLegends_Task019_MeshyOperations/Prompts/Equipment/Meshy/BaseGeometry/equipment_light_chest_t08_base_geometry.txt","IdleMedievalLegends_Task019_MeshyOperations/Prompts/Equipment/TextureVariants/equipment_light_chest_t08_base_rarity_variants.txt","IdleMedievalLegends_Task019_MeshyOperations/Combined/equipment_light_chest_t08_base_PIPELINE.md","Assets/_Game/Art/Equipment/LightArmor/light_chest/T8/Models","Planned destination; existence not asserted"
"equipment_light_chest_t09_base","Armadura Leve T9","Light Chest Armor T9","Task017","IdleMedievalLegends_Task017_EquipmentTierRarity/Examples/EQUIPMENT_PRODUCTION_CATALOG.csv","Task017;Task019","1","3D Model","Equipment","Light Armor","Post-MVP","P3","T9","Image to 3D","Brief Ready","Yes","3","IdleMedievalLegends_Task019_MeshyOperations/Prompts/Equipment/ConceptArt/equipment_light_chest_t09_base_concept_sheet.txt","IdleMedievalLegends_Task019_MeshyOperations/Prompts/Equipment/Meshy/BaseGeometry/equipment_light_chest_t09_base_geometry.txt","IdleMedievalLegends_Task019_MeshyOperations/Prompts/Equipment/TextureVariants/equipment_light_chest_t09_base_rarity_variants.txt","IdleMedievalLegends_Task019_MeshyOperations/Combined/equipment_light_chest_t09_base_PIPELINE.md","Assets/_Game/Art/Equipment/LightArmor/light_chest/T9/Models","Planned destination; existence not asserted"
"equipment_light_gloves_t01_base","Luvas Leves T1","Light Gloves T1","Task017","IdleMedievalLegends_Task017_EquipmentTierRarity/Examples/EQUIPMENT_PRODUCTION_CATALOG.csv","Task017;Task019","1","3D Model","Equipment","Light Armor","Vertical Slice","P0","T1","Image to 3D","Brief Ready","Yes","3","IdleMedievalLegends_Task019_MeshyOperations/Prompts/Equipment/ConceptArt/equipment_light_gloves_t01_base_concept_sheet.txt","IdleMedievalLegends_Task019_MeshyOperations/Prompts/Equipment/Meshy/BaseGeometry/equipment_light_gloves_t01_base_geometry.txt","IdleMedievalLegends_Task019_MeshyOperations/Prompts/Equipment/TextureVariants/equipment_light_gloves_t01_base_rarity_variants.txt","IdleMedievalLegends_Task019_MeshyOperations/Combined/equipment_light_gloves_t01_base_PIPELINE.md","Assets/_Game/Art/Equipment/LightArmor/light_gloves/T1/Models","Planned destination; existence not asserted"
"equipment_light_gloves_t02_base","Luvas Leves T2","Light Gloves T2","Task017","IdleMedievalLegends_Task017_EquipmentTierRarity/Examples/EQUIPMENT_PRODUCTION_CATALOG.csv","Task017;Task019","1","3D Model","Equipment","Light Armor","MVP","P1","T2","Image to 3D","Brief Ready","Yes","3","IdleMedievalLegends_Task019_MeshyOperations/Prompts/Equipment/ConceptArt/equipment_light_gloves_t02_base_concept_sheet.txt","IdleMedievalLegends_Task019_MeshyOperations/Prompts/Equipment/Meshy/BaseGeometry/equipment_light_gloves_t02_base_geometry.txt","IdleMedievalLegends_Task019_MeshyOperations/Prompts/Equipment/TextureVariants/equipment_light_gloves_t02_base_rarity_variants.txt","IdleMedievalLegends_Task019_MeshyOperations/Combined/equipment_light_gloves_t02_base_PIPELINE.md","Assets/_Game/Art/Equipment/LightArmor/light_gloves/T2/Models","Planned destination; existence not asserted"
"equipment_light_gloves_t03_base","Luvas Leves T3","Light Gloves T3","Task017","IdleMedievalLegends_Task017_EquipmentTierRarity/Examples/EQUIPMENT_PRODUCTION_CATALOG.csv","Task017;Task019","1","3D Model","Equipment","Light Armor","MVP","P1","T3","Image to 3D","Brief Ready","Yes","3","IdleMedievalLegends_Task019_MeshyOperations/Prompts/Equipment/ConceptArt/equipment_light_gloves_t03_base_concept_sheet.txt","IdleMedievalLegends_Task019_MeshyOperations/Prompts/Equipment/Meshy/BaseGeometry/equipment_light_gloves_t03_base_geometry.txt","IdleMedievalLegends_Task019_MeshyOperations/Prompts/Equipment/TextureVariants/equipment_light_gloves_t03_base_rarity_variants.txt","IdleMedievalLegends_Task019_MeshyOperations/Combined/equipment_light_gloves_t03_base_PIPELINE.md","Assets/_Game/Art/Equipment/LightArmor/light_gloves/T3/Models","Planned destination; existence not asserted"
"equipment_light_gloves_t04_base","Luvas Leves T4","Light Gloves T4","Task017","IdleMedievalLegends_Task017_EquipmentTierRarity/Examples/EQUIPMENT_PRODUCTION_CATALOG.csv","Task017;Task019","1","3D Model","Equipment","Light Armor","Season 1","P2","T4","Image to 3D","Brief Ready","Yes","3","IdleMedievalLegends_Task019_MeshyOperations/Prompts/Equipment/ConceptArt/equipment_light_gloves_t04_base_concept_sheet.txt","IdleMedievalLegends_Task019_MeshyOperations/Prompts/Equipment/Meshy/BaseGeometry/equipment_light_gloves_t04_base_geometry.txt","IdleMedievalLegends_Task019_MeshyOperations/Prompts/Equipment/TextureVariants/equipment_light_gloves_t04_base_rarity_variants.txt","IdleMedievalLegends_Task019_MeshyOperations/Combined/equipment_light_gloves_t04_base_PIPELINE.md","Assets/_Game/Art/Equipment/LightArmor/light_gloves/T4/Models","Planned destination; existence not asserted"
"equipment_light_gloves_t05_base","Luvas Leves T5","Light Gloves T5","Task017","IdleMedievalLegends_Task017_EquipmentTierRarity/Examples/EQUIPMENT_PRODUCTION_CATALOG.csv","Task017;Task019","1","3D Model","Equipment","Light Armor","Season 1","P2","T5","Image to 3D","Brief Ready","Yes","3","IdleMedievalLegends_Task019_MeshyOperations/Prompts/Equipment/ConceptArt/equipment_light_gloves_t05_base_concept_sheet.txt","IdleMedievalLegends_Task019_MeshyOperations/Prompts/Equipment/Meshy/BaseGeometry/equipment_light_gloves_t05_base_geometry.txt","IdleMedievalLegends_Task019_MeshyOperations/Prompts/Equipment/TextureVariants/equipment_light_gloves_t05_base_rarity_variants.txt","IdleMedievalLegends_Task019_MeshyOperations/Combined/equipment_light_gloves_t05_base_PIPELINE.md","Assets/_Game/Art/Equipment/LightArmor/light_gloves/T5/Models","Planned destination; existence not asserted"
"equipment_light_gloves_t06_base","Luvas Leves T6","Light Gloves T6","Task017","IdleMedievalLegends_Task017_EquipmentTierRarity/Examples/EQUIPMENT_PRODUCTION_CATALOG.csv","Task017;Task019","1","3D Model","Equipment","Light Armor","Season 1","P2","T6","Image to 3D","Brief Ready","Yes","3","IdleMedievalLegends_Task019_MeshyOperations/Prompts/Equipment/ConceptArt/equipment_light_gloves_t06_base_concept_sheet.txt","IdleMedievalLegends_Task019_MeshyOperations/Prompts/Equipment/Meshy/BaseGeometry/equipment_light_gloves_t06_base_geometry.txt","IdleMedievalLegends_Task019_MeshyOperations/Prompts/Equipment/TextureVariants/equipment_light_gloves_t06_base_rarity_variants.txt","IdleMedievalLegends_Task019_MeshyOperations/Combined/equipment_light_gloves_t06_base_PIPELINE.md","Assets/_Game/Art/Equipment/LightArmor/light_gloves/T6/Models","Planned destination; existence not asserted"
"equipment_light_gloves_t07_base","Luvas Leves T7","Light Gloves T7","Task017","IdleMedievalLegends_Task017_EquipmentTierRarity/Examples/EQUIPMENT_PRODUCTION_CATALOG.csv","Task017;Task019","1","3D Model","Equipment","Light Armor","Season 1","P2","T7","Image to 3D","Brief Ready","Yes","3","IdleMedievalLegends_Task019_MeshyOperations/Prompts/Equipment/ConceptArt/equipment_light_gloves_t07_base_concept_sheet.txt","IdleMedievalLegends_Task019_MeshyOperations/Prompts/Equipment/Meshy/BaseGeometry/equipment_light_gloves_t07_base_geometry.txt","IdleMedievalLegends_Task019_MeshyOperations/Prompts/Equipment/TextureVariants/equipment_light_gloves_t07_base_rarity_variants.txt","IdleMedievalLegends_Task019_MeshyOperations/Combined/equipment_light_gloves_t07_base_PIPELINE.md","Assets/_Game/Art/Equipment/LightArmor/light_gloves/T7/Models","Planned destination; existence not asserted"
"equipment_light_gloves_t08_base","Luvas Leves T8","Light Gloves T8","Task017","IdleMedievalLegends_Task017_EquipmentTierRarity/Examples/EQUIPMENT_PRODUCTION_CATALOG.csv","Task017;Task019","1","3D Model","Equipment","Light Armor","Post-MVP","P3","T8","Image to 3D","Brief Ready","Yes","3","IdleMedievalLegends_Task019_MeshyOperations/Prompts/Equipment/ConceptArt/equipment_light_gloves_t08_base_concept_sheet.txt","IdleMedievalLegends_Task019_MeshyOperations/Prompts/Equipment/Meshy/BaseGeometry/equipment_light_gloves_t08_base_geometry.txt","IdleMedievalLegends_Task019_MeshyOperations/Prompts/Equipment/TextureVariants/equipment_light_gloves_t08_base_rarity_variants.txt","IdleMedievalLegends_Task019_MeshyOperations/Combined/equipment_light_gloves_t08_base_PIPELINE.md","Assets/_Game/Art/Equipment/LightArmor/light_gloves/T8/Models","Planned destination; existence not asserted"
"equipment_light_gloves_t09_base","Luvas Leves T9","Light Gloves T9","Task017","IdleMedievalLegends_Task017_EquipmentTierRarity/Examples/EQUIPMENT_PRODUCTION_CATALOG.csv","Task017;Task019","1","3D Model","Equipment","Light Armor","Post-MVP","P3","T9","Image to 3D","Brief Ready","Yes","3","IdleMedievalLegends_Task019_MeshyOperations/Prompts/Equipment/ConceptArt/equipment_light_gloves_t09_base_concept_sheet.txt","IdleMedievalLegends_Task019_MeshyOperations/Prompts/Equipment/Meshy/BaseGeometry/equipment_light_gloves_t09_base_geometry.txt","IdleMedievalLegends_Task019_MeshyOperations/Prompts/Equipment/TextureVariants/equipment_light_gloves_t09_base_rarity_variants.txt","IdleMedievalLegends_Task019_MeshyOperations/Combined/equipment_light_gloves_t09_base_PIPELINE.md","Assets/_Game/Art/Equipment/LightArmor/light_gloves/T9/Models","Planned destination; existence not asserted"
"equipment_light_hood_t01_base","Capuz Leve T1","Light Hood T1","Task017","IdleMedievalLegends_Task017_EquipmentTierRarity/Examples/EQUIPMENT_PRODUCTION_CATALOG.csv","Task017;Task019","1","3D Model","Equipment","Light Armor","Vertical Slice","P0","T1","Image to 3D","Brief Ready","Yes","3","IdleMedievalLegends_Task019_MeshyOperations/Prompts/Equipment/ConceptArt/equipment_light_hood_t01_base_concept_sheet.txt","IdleMedievalLegends_Task019_MeshyOperations/Prompts/Equipment/Meshy/BaseGeometry/equipment_light_hood_t01_base_geometry.txt","IdleMedievalLegends_Task019_MeshyOperations/Prompts/Equipment/TextureVariants/equipment_light_hood_t01_base_rarity_variants.txt","IdleMedievalLegends_Task019_MeshyOperations/Combined/equipment_light_hood_t01_base_PIPELINE.md","Assets/_Game/Art/Equipment/LightArmor/light_hood/T1/Models","Planned destination; existence not asserted"
"equipment_light_hood_t02_base","Capuz Leve T2","Light Hood T2","Task017","IdleMedievalLegends_Task017_EquipmentTierRarity/Examples/EQUIPMENT_PRODUCTION_CATALOG.csv","Task017;Task019","1","3D Model","Equipment","Light Armor","MVP","P1","T2","Image to 3D","Brief Ready","Yes","3","IdleMedievalLegends_Task019_MeshyOperations/Prompts/Equipment/ConceptArt/equipment_light_hood_t02_base_concept_sheet.txt","IdleMedievalLegends_Task019_MeshyOperations/Prompts/Equipment/Meshy/BaseGeometry/equipment_light_hood_t02_base_geometry.txt","IdleMedievalLegends_Task019_MeshyOperations/Prompts/Equipment/TextureVariants/equipment_light_hood_t02_base_rarity_variants.txt","IdleMedievalLegends_Task019_MeshyOperations/Combined/equipment_light_hood_t02_base_PIPELINE.md","Assets/_Game/Art/Equipment/LightArmor/light_hood/T2/Models","Planned destination; existence not asserted"
"equipment_light_hood_t03_base","Capuz Leve T3","Light Hood T3","Task017","IdleMedievalLegends_Task017_EquipmentTierRarity/Examples/EQUIPMENT_PRODUCTION_CATALOG.csv","Task017;Task019","1","3D Model","Equipment","Light Armor","MVP","P1","T3","Image to 3D","Brief Ready","Yes","3","IdleMedievalLegends_Task019_MeshyOperations/Prompts/Equipment/ConceptArt/equipment_light_hood_t03_base_concept_sheet.txt","IdleMedievalLegends_Task019_MeshyOperations/Prompts/Equipment/Meshy/BaseGeometry/equipment_light_hood_t03_base_geometry.txt","IdleMedievalLegends_Task019_MeshyOperations/Prompts/Equipment/TextureVariants/equipment_light_hood_t03_base_rarity_variants.txt","IdleMedievalLegends_Task019_MeshyOperations/Combined/equipment_light_hood_t03_base_PIPELINE.md","Assets/_Game/Art/Equipment/LightArmor/light_hood/T3/Models","Planned destination; existence not asserted"
"equipment_light_hood_t04_base","Capuz Leve T4","Light Hood T4","Task017","IdleMedievalLegends_Task017_EquipmentTierRarity/Examples/EQUIPMENT_PRODUCTION_CATALOG.csv","Task017;Task019","1","3D Model","Equipment","Light Armor","Season 1","P2","T4","Image to 3D","Brief Ready","Yes","3","IdleMedievalLegends_Task019_MeshyOperations/Prompts/Equipment/ConceptArt/equipment_light_hood_t04_base_concept_sheet.txt","IdleMedievalLegends_Task019_MeshyOperations/Prompts/Equipment/Meshy/BaseGeometry/equipment_light_hood_t04_base_geometry.txt","IdleMedievalLegends_Task019_MeshyOperations/Prompts/Equipment/TextureVariants/equipment_light_hood_t04_base_rarity_variants.txt","IdleMedievalLegends_Task019_MeshyOperations/Combined/equipment_light_hood_t04_base_PIPELINE.md","Assets/_Game/Art/Equipment/LightArmor/light_hood/T4/Models","Planned destination; existence not asserted"
"equipment_light_hood_t05_base","Capuz Leve T5","Light Hood T5","Task017","IdleMedievalLegends_Task017_EquipmentTierRarity/Examples/EQUIPMENT_PRODUCTION_CATALOG.csv","Task017;Task019","1","3D Model","Equipment","Light Armor","Season 1","P2","T5","Image to 3D","Brief Ready","Yes","3","IdleMedievalLegends_Task019_MeshyOperations/Prompts/Equipment/ConceptArt/equipment_light_hood_t05_base_concept_sheet.txt","IdleMedievalLegends_Task019_MeshyOperations/Prompts/Equipment/Meshy/BaseGeometry/equipment_light_hood_t05_base_geometry.txt","IdleMedievalLegends_Task019_MeshyOperations/Prompts/Equipment/TextureVariants/equipment_light_hood_t05_base_rarity_variants.txt","IdleMedievalLegends_Task019_MeshyOperations/Combined/equipment_light_hood_t05_base_PIPELINE.md","Assets/_Game/Art/Equipment/LightArmor/light_hood/T5/Models","Planned destination; existence not asserted"
"equipment_light_hood_t06_base","Capuz Leve T6","Light Hood T6","Task017","IdleMedievalLegends_Task017_EquipmentTierRarity/Examples/EQUIPMENT_PRODUCTION_CATALOG.csv","Task017;Task019","1","3D Model","Equipment","Light Armor","Season 1","P2","T6","Image to 3D","Brief Ready","Yes","3","IdleMedievalLegends_Task019_MeshyOperations/Prompts/Equipment/ConceptArt/equipment_light_hood_t06_base_concept_sheet.txt","IdleMedievalLegends_Task019_MeshyOperations/Prompts/Equipment/Meshy/BaseGeometry/equipment_light_hood_t06_base_geometry.txt","IdleMedievalLegends_Task019_MeshyOperations/Prompts/Equipment/TextureVariants/equipment_light_hood_t06_base_rarity_variants.txt","IdleMedievalLegends_Task019_MeshyOperations/Combined/equipment_light_hood_t06_base_PIPELINE.md","Assets/_Game/Art/Equipment/LightArmor/light_hood/T6/Models","Planned destination; existence not asserted"
"equipment_light_hood_t07_base","Capuz Leve T7","Light Hood T7","Task017","IdleMedievalLegends_Task017_EquipmentTierRarity/Examples/EQUIPMENT_PRODUCTION_CATALOG.csv","Task017;Task019","1","3D Model","Equipment","Light Armor","Season 1","P2","T7","Image to 3D","Brief Ready","Yes","3","IdleMedievalLegends_Task019_MeshyOperations/Prompts/Equipment/ConceptArt/equipment_light_hood_t07_base_concept_sheet.txt","IdleMedievalLegends_Task019_MeshyOperations/Prompts/Equipment/Meshy/BaseGeometry/equipment_light_hood_t07_base_geometry.txt","IdleMedievalLegends_Task019_MeshyOperations/Prompts/Equipment/TextureVariants/equipment_light_hood_t07_base_rarity_variants.txt","IdleMedievalLegends_Task019_MeshyOperations/Combined/equipment_light_hood_t07_base_PIPELINE.md","Assets/_Game/Art/Equipment/LightArmor/light_hood/T7/Models","Planned destination; existence not asserted"
"equipment_light_hood_t08_base","Capuz Leve T8","Light Hood T8","Task017","IdleMedievalLegends_Task017_EquipmentTierRarity/Examples/EQUIPMENT_PRODUCTION_CATALOG.csv","Task017;Task019","1","3D Model","Equipment","Light Armor","Post-MVP","P3","T8","Image to 3D","Brief Ready","Yes","3","IdleMedievalLegends_Task019_MeshyOperations/Prompts/Equipment/ConceptArt/equipment_light_hood_t08_base_concept_sheet.txt","IdleMedievalLegends_Task019_MeshyOperations/Prompts/Equipment/Meshy/BaseGeometry/equipment_light_hood_t08_base_geometry.txt","IdleMedievalLegends_Task019_MeshyOperations/Prompts/Equipment/TextureVariants/equipment_light_hood_t08_base_rarity_variants.txt","IdleMedievalLegends_Task019_MeshyOperations/Combined/equipment_light_hood_t08_base_PIPELINE.md","Assets/_Game/Art/Equipment/LightArmor/light_hood/T8/Models","Planned destination; existence not asserted"
"equipment_light_hood_t09_base","Capuz Leve T9","Light Hood T9","Task017","IdleMedievalLegends_Task017_EquipmentTierRarity/Examples/EQUIPMENT_PRODUCTION_CATALOG.csv","Task017;Task019","1","3D Model","Equipment","Light Armor","Post-MVP","P3","T9","Image to 3D","Brief Ready","Yes","3","IdleMedievalLegends_Task019_MeshyOperations/Prompts/Equipment/ConceptArt/equipment_light_hood_t09_base_concept_sheet.txt","IdleMedievalLegends_Task019_MeshyOperations/Prompts/Equipment/Meshy/BaseGeometry/equipment_light_hood_t09_base_geometry.txt","IdleMedievalLegends_Task019_MeshyOperations/Prompts/Equipment/TextureVariants/equipment_light_hood_t09_base_rarity_variants.txt","IdleMedievalLegends_Task019_MeshyOperations/Combined/equipment_light_hood_t09_base_PIPELINE.md","Assets/_Game/Art/Equipment/LightArmor/light_hood/T9/Models","Planned destination; existence not asserted"
"equipment_longbow_t01_base","Arco Longo T1","Longbow T1","Task017","IdleMedievalLegends_Task017_EquipmentTierRarity/Examples/EQUIPMENT_PRODUCTION_CATALOG.csv","Task015;Task017;Task019","2","3D Model","Equipment","Weapon","Vertical Slice","P0","T1","Text to 3D","Brief Ready","Yes","3","IdleMedievalLegends_Task019_MeshyOperations/Prompts/Equipment/ConceptArt/equipment_longbow_t01_base_concept_sheet.txt","IdleMedievalLegends_Task019_MeshyOperations/Prompts/Equipment/Meshy/BaseGeometry/equipment_longbow_t01_base_geometry.txt","IdleMedievalLegends_Task019_MeshyOperations/Prompts/Equipment/TextureVariants/equipment_longbow_t01_base_rarity_variants.txt","IdleMedievalLegends_Task019_MeshyOperations/Combined/equipment_longbow_t01_base_PIPELINE.md","Assets/_Game/Art/Equipment/Weapon/longbow/T1/Models","Planned destination; existence not asserted"
"equipment_longbow_t02_base","Arco Longo T2","Longbow T2","Task017","IdleMedievalLegends_Task017_EquipmentTierRarity/Examples/EQUIPMENT_PRODUCTION_CATALOG.csv","Task015;Task017;Task019","2","3D Model","Equipment","Weapon","MVP","P1","T2","Text to 3D","Brief Ready","Yes","3","IdleMedievalLegends_Task019_MeshyOperations/Prompts/Equipment/ConceptArt/equipment_longbow_t02_base_concept_sheet.txt","IdleMedievalLegends_Task019_MeshyOperations/Prompts/Equipment/Meshy/BaseGeometry/equipment_longbow_t02_base_geometry.txt","IdleMedievalLegends_Task019_MeshyOperations/Prompts/Equipment/TextureVariants/equipment_longbow_t02_base_rarity_variants.txt","IdleMedievalLegends_Task019_MeshyOperations/Combined/equipment_longbow_t02_base_PIPELINE.md","Assets/_Game/Art/Equipment/Weapon/longbow/T2/Models","Planned destination; existence not asserted"
"equipment_longbow_t03_base","Arco Longo T3","Longbow T3","Task017","IdleMedievalLegends_Task017_EquipmentTierRarity/Examples/EQUIPMENT_PRODUCTION_CATALOG.csv","Task015;Task017;Task019","2","3D Model","Equipment","Weapon","MVP","P1","T3","Text to 3D","Brief Ready","Yes","3","IdleMedievalLegends_Task019_MeshyOperations/Prompts/Equipment/ConceptArt/equipment_longbow_t03_base_concept_sheet.txt","IdleMedievalLegends_Task019_MeshyOperations/Prompts/Equipment/Meshy/BaseGeometry/equipment_longbow_t03_base_geometry.txt","IdleMedievalLegends_Task019_MeshyOperations/Prompts/Equipment/TextureVariants/equipment_longbow_t03_base_rarity_variants.txt","IdleMedievalLegends_Task019_MeshyOperations/Combined/equipment_longbow_t03_base_PIPELINE.md","Assets/_Game/Art/Equipment/Weapon/longbow/T3/Models","Planned destination; existence not asserted"
"equipment_longbow_t04_base","Arco Longo T4","Longbow T4","Task017","IdleMedievalLegends_Task017_EquipmentTierRarity/Examples/EQUIPMENT_PRODUCTION_CATALOG.csv","Task015;Task017;Task019","2","3D Model","Equipment","Weapon","Season 1","P2","T4","Text to 3D","Brief Ready","Yes","3","IdleMedievalLegends_Task019_MeshyOperations/Prompts/Equipment/ConceptArt/equipment_longbow_t04_base_concept_sheet.txt","IdleMedievalLegends_Task019_MeshyOperations/Prompts/Equipment/Meshy/BaseGeometry/equipment_longbow_t04_base_geometry.txt","IdleMedievalLegends_Task019_MeshyOperations/Prompts/Equipment/TextureVariants/equipment_longbow_t04_base_rarity_variants.txt","IdleMedievalLegends_Task019_MeshyOperations/Combined/equipment_longbow_t04_base_PIPELINE.md","Assets/_Game/Art/Equipment/Weapon/longbow/T4/Models","Planned destination; existence not asserted"
"equipment_longbow_t05_base","Arco Longo T5","Longbow T5","Task017","IdleMedievalLegends_Task017_EquipmentTierRarity/Examples/EQUIPMENT_PRODUCTION_CATALOG.csv","Task015;Task017;Task019","2","3D Model","Equipment","Weapon","Season 1","P2","T5","Text to 3D","Brief Ready","Yes","3","IdleMedievalLegends_Task019_MeshyOperations/Prompts/Equipment/ConceptArt/equipment_longbow_t05_base_concept_sheet.txt","IdleMedievalLegends_Task019_MeshyOperations/Prompts/Equipment/Meshy/BaseGeometry/equipment_longbow_t05_base_geometry.txt","IdleMedievalLegends_Task019_MeshyOperations/Prompts/Equipment/TextureVariants/equipment_longbow_t05_base_rarity_variants.txt","IdleMedievalLegends_Task019_MeshyOperations/Combined/equipment_longbow_t05_base_PIPELINE.md","Assets/_Game/Art/Equipment/Weapon/longbow/T5/Models","Planned destination; existence not asserted"
"equipment_longbow_t06_base","Arco Longo T6","Longbow T6","Task017","IdleMedievalLegends_Task017_EquipmentTierRarity/Examples/EQUIPMENT_PRODUCTION_CATALOG.csv","Task015;Task017;Task019","2","3D Model","Equipment","Weapon","Season 1","P2","T6","Text to 3D","Brief Ready","Yes","3","IdleMedievalLegends_Task019_MeshyOperations/Prompts/Equipment/ConceptArt/equipment_longbow_t06_base_concept_sheet.txt","IdleMedievalLegends_Task019_MeshyOperations/Prompts/Equipment/Meshy/BaseGeometry/equipment_longbow_t06_base_geometry.txt","IdleMedievalLegends_Task019_MeshyOperations/Prompts/Equipment/TextureVariants/equipment_longbow_t06_base_rarity_variants.txt","IdleMedievalLegends_Task019_MeshyOperations/Combined/equipment_longbow_t06_base_PIPELINE.md","Assets/_Game/Art/Equipment/Weapon/longbow/T6/Models","Planned destination; existence not asserted"
"equipment_longbow_t07_base","Arco Longo T7","Longbow T7","Task017","IdleMedievalLegends_Task017_EquipmentTierRarity/Examples/EQUIPMENT_PRODUCTION_CATALOG.csv","Task015;Task017;Task019","2","3D Model","Equipment","Weapon","Season 1","P2","T7","Text to 3D","Brief Ready","Yes","3","IdleMedievalLegends_Task019_MeshyOperations/Prompts/Equipment/ConceptArt/equipment_longbow_t07_base_concept_sheet.txt","IdleMedievalLegends_Task019_MeshyOperations/Prompts/Equipment/Meshy/BaseGeometry/equipment_longbow_t07_base_geometry.txt","IdleMedievalLegends_Task019_MeshyOperations/Prompts/Equipment/TextureVariants/equipment_longbow_t07_base_rarity_variants.txt","IdleMedievalLegends_Task019_MeshyOperations/Combined/equipment_longbow_t07_base_PIPELINE.md","Assets/_Game/Art/Equipment/Weapon/longbow/T7/Models","Planned destination; existence not asserted"
"equipment_longbow_t08_base","Arco Longo T8","Longbow T8","Task017","IdleMedievalLegends_Task017_EquipmentTierRarity/Examples/EQUIPMENT_PRODUCTION_CATALOG.csv","Task015;Task017;Task019","2","3D Model","Equipment","Weapon","Post-MVP","P3","T8","Text to 3D","Brief Ready","Yes","3","IdleMedievalLegends_Task019_MeshyOperations/Prompts/Equipment/ConceptArt/equipment_longbow_t08_base_concept_sheet.txt","IdleMedievalLegends_Task019_MeshyOperations/Prompts/Equipment/Meshy/BaseGeometry/equipment_longbow_t08_base_geometry.txt","IdleMedievalLegends_Task019_MeshyOperations/Prompts/Equipment/TextureVariants/equipment_longbow_t08_base_rarity_variants.txt","IdleMedievalLegends_Task019_MeshyOperations/Combined/equipment_longbow_t08_base_PIPELINE.md","Assets/_Game/Art/Equipment/Weapon/longbow/T8/Models","Planned destination; existence not asserted"
"equipment_longbow_t09_base","Arco Longo T9","Longbow T9","Task017","IdleMedievalLegends_Task017_EquipmentTierRarity/Examples/EQUIPMENT_PRODUCTION_CATALOG.csv","Task015;Task017;Task019","2","3D Model","Equipment","Weapon","Post-MVP","P3","T9","Text to 3D","Brief Ready","Yes","3","IdleMedievalLegends_Task019_MeshyOperations/Prompts/Equipment/ConceptArt/equipment_longbow_t09_base_concept_sheet.txt","IdleMedievalLegends_Task019_MeshyOperations/Prompts/Equipment/Meshy/BaseGeometry/equipment_longbow_t09_base_geometry.txt","IdleMedievalLegends_Task019_MeshyOperations/Prompts/Equipment/TextureVariants/equipment_longbow_t09_base_rarity_variants.txt","IdleMedievalLegends_Task019_MeshyOperations/Combined/equipment_longbow_t09_base_PIPELINE.md","Assets/_Game/Art/Equipment/Weapon/longbow/T9/Models","Planned destination; existence not asserted"
"equipment_ring_t01_base","Anel T1","Ring T1","Task017","IdleMedievalLegends_Task017_EquipmentTierRarity/Examples/EQUIPMENT_PRODUCTION_CATALOG.csv","Task015;Task017;Task019","2","3D Model","Equipment","Accessory","Vertical Slice","P0","T1","Text to 3D","Brief Ready","Yes","3","IdleMedievalLegends_Task019_MeshyOperations/Prompts/Equipment/ConceptArt/equipment_ring_t01_base_concept_sheet.txt","IdleMedievalLegends_Task019_MeshyOperations/Prompts/Equipment/Meshy/BaseGeometry/equipment_ring_t01_base_geometry.txt","IdleMedievalLegends_Task019_MeshyOperations/Prompts/Equipment/TextureVariants/equipment_ring_t01_base_rarity_variants.txt","IdleMedievalLegends_Task019_MeshyOperations/Combined/equipment_ring_t01_base_PIPELINE.md","Assets/_Game/Art/Equipment/Accessory/ring/T1/Models","Planned destination; existence not asserted"
"equipment_ring_t02_base","Anel T2","Ring T2","Task017","IdleMedievalLegends_Task017_EquipmentTierRarity/Examples/EQUIPMENT_PRODUCTION_CATALOG.csv","Task015;Task017;Task019","2","3D Model","Equipment","Accessory","MVP","P1","T2","Text to 3D","Brief Ready","Yes","3","IdleMedievalLegends_Task019_MeshyOperations/Prompts/Equipment/ConceptArt/equipment_ring_t02_base_concept_sheet.txt","IdleMedievalLegends_Task019_MeshyOperations/Prompts/Equipment/Meshy/BaseGeometry/equipment_ring_t02_base_geometry.txt","IdleMedievalLegends_Task019_MeshyOperations/Prompts/Equipment/TextureVariants/equipment_ring_t02_base_rarity_variants.txt","IdleMedievalLegends_Task019_MeshyOperations/Combined/equipment_ring_t02_base_PIPELINE.md","Assets/_Game/Art/Equipment/Accessory/ring/T2/Models","Planned destination; existence not asserted"
"equipment_ring_t03_base","Anel T3","Ring T3","Task017","IdleMedievalLegends_Task017_EquipmentTierRarity/Examples/EQUIPMENT_PRODUCTION_CATALOG.csv","Task015;Task017;Task019","2","3D Model","Equipment","Accessory","MVP","P1","T3","Text to 3D","Brief Ready","Yes","3","IdleMedievalLegends_Task019_MeshyOperations/Prompts/Equipment/ConceptArt/equipment_ring_t03_base_concept_sheet.txt","IdleMedievalLegends_Task019_MeshyOperations/Prompts/Equipment/Meshy/BaseGeometry/equipment_ring_t03_base_geometry.txt","IdleMedievalLegends_Task019_MeshyOperations/Prompts/Equipment/TextureVariants/equipment_ring_t03_base_rarity_variants.txt","IdleMedievalLegends_Task019_MeshyOperations/Combined/equipment_ring_t03_base_PIPELINE.md","Assets/_Game/Art/Equipment/Accessory/ring/T3/Models","Planned destination; existence not asserted"
"equipment_ring_t04_base","Anel T4","Ring T4","Task017","IdleMedievalLegends_Task017_EquipmentTierRarity/Examples/EQUIPMENT_PRODUCTION_CATALOG.csv","Task015;Task017;Task019","2","3D Model","Equipment","Accessory","Season 1","P2","T4","Text to 3D","Brief Ready","Yes","3","IdleMedievalLegends_Task019_MeshyOperations/Prompts/Equipment/ConceptArt/equipment_ring_t04_base_concept_sheet.txt","IdleMedievalLegends_Task019_MeshyOperations/Prompts/Equipment/Meshy/BaseGeometry/equipment_ring_t04_base_geometry.txt","IdleMedievalLegends_Task019_MeshyOperations/Prompts/Equipment/TextureVariants/equipment_ring_t04_base_rarity_variants.txt","IdleMedievalLegends_Task019_MeshyOperations/Combined/equipment_ring_t04_base_PIPELINE.md","Assets/_Game/Art/Equipment/Accessory/ring/T4/Models","Planned destination; existence not asserted"
"equipment_ring_t05_base","Anel T5","Ring T5","Task017","IdleMedievalLegends_Task017_EquipmentTierRarity/Examples/EQUIPMENT_PRODUCTION_CATALOG.csv","Task015;Task017;Task019","2","3D Model","Equipment","Accessory","Season 1","P2","T5","Text to 3D","Brief Ready","Yes","3","IdleMedievalLegends_Task019_MeshyOperations/Prompts/Equipment/ConceptArt/equipment_ring_t05_base_concept_sheet.txt","IdleMedievalLegends_Task019_MeshyOperations/Prompts/Equipment/Meshy/BaseGeometry/equipment_ring_t05_base_geometry.txt","IdleMedievalLegends_Task019_MeshyOperations/Prompts/Equipment/TextureVariants/equipment_ring_t05_base_rarity_variants.txt","IdleMedievalLegends_Task019_MeshyOperations/Combined/equipment_ring_t05_base_PIPELINE.md","Assets/_Game/Art/Equipment/Accessory/ring/T5/Models","Planned destination; existence not asserted"
"equipment_ring_t06_base","Anel T6","Ring T6","Task017","IdleMedievalLegends_Task017_EquipmentTierRarity/Examples/EQUIPMENT_PRODUCTION_CATALOG.csv","Task015;Task017;Task019","2","3D Model","Equipment","Accessory","Season 1","P2","T6","Text to 3D","Brief Ready","Yes","3","IdleMedievalLegends_Task019_MeshyOperations/Prompts/Equipment/ConceptArt/equipment_ring_t06_base_concept_sheet.txt","IdleMedievalLegends_Task019_MeshyOperations/Prompts/Equipment/Meshy/BaseGeometry/equipment_ring_t06_base_geometry.txt","IdleMedievalLegends_Task019_MeshyOperations/Prompts/Equipment/TextureVariants/equipment_ring_t06_base_rarity_variants.txt","IdleMedievalLegends_Task019_MeshyOperations/Combined/equipment_ring_t06_base_PIPELINE.md","Assets/_Game/Art/Equipment/Accessory/ring/T6/Models","Planned destination; existence not asserted"
"equipment_ring_t07_base","Anel T7","Ring T7","Task017","IdleMedievalLegends_Task017_EquipmentTierRarity/Examples/EQUIPMENT_PRODUCTION_CATALOG.csv","Task015;Task017;Task019","2","3D Model","Equipment","Accessory","Season 1","P2","T7","Text to 3D","Brief Ready","Yes","3","IdleMedievalLegends_Task019_MeshyOperations/Prompts/Equipment/ConceptArt/equipment_ring_t07_base_concept_sheet.txt","IdleMedievalLegends_Task019_MeshyOperations/Prompts/Equipment/Meshy/BaseGeometry/equipment_ring_t07_base_geometry.txt","IdleMedievalLegends_Task019_MeshyOperations/Prompts/Equipment/TextureVariants/equipment_ring_t07_base_rarity_variants.txt","IdleMedievalLegends_Task019_MeshyOperations/Combined/equipment_ring_t07_base_PIPELINE.md","Assets/_Game/Art/Equipment/Accessory/ring/T7/Models","Planned destination; existence not asserted"
"equipment_ring_t08_base","Anel T8","Ring T8","Task017","IdleMedievalLegends_Task017_EquipmentTierRarity/Examples/EQUIPMENT_PRODUCTION_CATALOG.csv","Task015;Task017;Task019","2","3D Model","Equipment","Accessory","Post-MVP","P3","T8","Text to 3D","Brief Ready","Yes","3","IdleMedievalLegends_Task019_MeshyOperations/Prompts/Equipment/ConceptArt/equipment_ring_t08_base_concept_sheet.txt","IdleMedievalLegends_Task019_MeshyOperations/Prompts/Equipment/Meshy/BaseGeometry/equipment_ring_t08_base_geometry.txt","IdleMedievalLegends_Task019_MeshyOperations/Prompts/Equipment/TextureVariants/equipment_ring_t08_base_rarity_variants.txt","IdleMedievalLegends_Task019_MeshyOperations/Combined/equipment_ring_t08_base_PIPELINE.md","Assets/_Game/Art/Equipment/Accessory/ring/T8/Models","Planned destination; existence not asserted"
"equipment_ring_t09_base","Anel T9","Ring T9","Task017","IdleMedievalLegends_Task017_EquipmentTierRarity/Examples/EQUIPMENT_PRODUCTION_CATALOG.csv","Task015;Task017;Task019","2","3D Model","Equipment","Accessory","Post-MVP","P3","T9","Text to 3D","Brief Ready","Yes","3","IdleMedievalLegends_Task019_MeshyOperations/Prompts/Equipment/ConceptArt/equipment_ring_t09_base_concept_sheet.txt","IdleMedievalLegends_Task019_MeshyOperations/Prompts/Equipment/Meshy/BaseGeometry/equipment_ring_t09_base_geometry.txt","IdleMedievalLegends_Task019_MeshyOperations/Prompts/Equipment/TextureVariants/equipment_ring_t09_base_rarity_variants.txt","IdleMedievalLegends_Task019_MeshyOperations/Combined/equipment_ring_t09_base_PIPELINE.md","Assets/_Game/Art/Equipment/Accessory/ring/T9/Models","Planned destination; existence not asserted"
"equipment_shield_t01_base","Escudo T1","Shield T1","Task017","IdleMedievalLegends_Task017_EquipmentTierRarity/Examples/EQUIPMENT_PRODUCTION_CATALOG.csv","Task015;Task017;Task019","2","3D Model","Equipment","Weapon","Vertical Slice","P0","T1","Text to 3D","Brief Ready","Yes","3","IdleMedievalLegends_Task019_MeshyOperations/Prompts/Equipment/ConceptArt/equipment_shield_t01_base_concept_sheet.txt","IdleMedievalLegends_Task019_MeshyOperations/Prompts/Equipment/Meshy/BaseGeometry/equipment_shield_t01_base_geometry.txt","IdleMedievalLegends_Task019_MeshyOperations/Prompts/Equipment/TextureVariants/equipment_shield_t01_base_rarity_variants.txt","IdleMedievalLegends_Task019_MeshyOperations/Combined/equipment_shield_t01_base_PIPELINE.md","Assets/_Game/Art/Equipment/Weapon/shield/T1/Models","Planned destination; existence not asserted"
"equipment_shield_t02_base","Escudo T2","Shield T2","Task017","IdleMedievalLegends_Task017_EquipmentTierRarity/Examples/EQUIPMENT_PRODUCTION_CATALOG.csv","Task015;Task017;Task019","2","3D Model","Equipment","Weapon","MVP","P1","T2","Text to 3D","Brief Ready","Yes","3","IdleMedievalLegends_Task019_MeshyOperations/Prompts/Equipment/ConceptArt/equipment_shield_t02_base_concept_sheet.txt","IdleMedievalLegends_Task019_MeshyOperations/Prompts/Equipment/Meshy/BaseGeometry/equipment_shield_t02_base_geometry.txt","IdleMedievalLegends_Task019_MeshyOperations/Prompts/Equipment/TextureVariants/equipment_shield_t02_base_rarity_variants.txt","IdleMedievalLegends_Task019_MeshyOperations/Combined/equipment_shield_t02_base_PIPELINE.md","Assets/_Game/Art/Equipment/Weapon/shield/T2/Models","Planned destination; existence not asserted"
"equipment_shield_t03_base","Escudo T3","Shield T3","Task017","IdleMedievalLegends_Task017_EquipmentTierRarity/Examples/EQUIPMENT_PRODUCTION_CATALOG.csv","Task015;Task017;Task019","2","3D Model","Equipment","Weapon","MVP","P1","T3","Text to 3D","Brief Ready","Yes","3","IdleMedievalLegends_Task019_MeshyOperations/Prompts/Equipment/ConceptArt/equipment_shield_t03_base_concept_sheet.txt","IdleMedievalLegends_Task019_MeshyOperations/Prompts/Equipment/Meshy/BaseGeometry/equipment_shield_t03_base_geometry.txt","IdleMedievalLegends_Task019_MeshyOperations/Prompts/Equipment/TextureVariants/equipment_shield_t03_base_rarity_variants.txt","IdleMedievalLegends_Task019_MeshyOperations/Combined/equipment_shield_t03_base_PIPELINE.md","Assets/_Game/Art/Equipment/Weapon/shield/T3/Models","Planned destination; existence not asserted"
"equipment_shield_t04_base","Escudo T4","Shield T4","Task017","IdleMedievalLegends_Task017_EquipmentTierRarity/Examples/EQUIPMENT_PRODUCTION_CATALOG.csv","Task015;Task017;Task019","2","3D Model","Equipment","Weapon","Season 1","P2","T4","Text to 3D","Brief Ready","Yes","3","IdleMedievalLegends_Task019_MeshyOperations/Prompts/Equipment/ConceptArt/equipment_shield_t04_base_concept_sheet.txt","IdleMedievalLegends_Task019_MeshyOperations/Prompts/Equipment/Meshy/BaseGeometry/equipment_shield_t04_base_geometry.txt","IdleMedievalLegends_Task019_MeshyOperations/Prompts/Equipment/TextureVariants/equipment_shield_t04_base_rarity_variants.txt","IdleMedievalLegends_Task019_MeshyOperations/Combined/equipment_shield_t04_base_PIPELINE.md","Assets/_Game/Art/Equipment/Weapon/shield/T4/Models","Planned destination; existence not asserted"
"equipment_shield_t05_base","Escudo T5","Shield T5","Task017","IdleMedievalLegends_Task017_EquipmentTierRarity/Examples/EQUIPMENT_PRODUCTION_CATALOG.csv","Task015;Task017;Task019","2","3D Model","Equipment","Weapon","Season 1","P2","T5","Text to 3D","Brief Ready","Yes","3","IdleMedievalLegends_Task019_MeshyOperations/Prompts/Equipment/ConceptArt/equipment_shield_t05_base_concept_sheet.txt","IdleMedievalLegends_Task019_MeshyOperations/Prompts/Equipment/Meshy/BaseGeometry/equipment_shield_t05_base_geometry.txt","IdleMedievalLegends_Task019_MeshyOperations/Prompts/Equipment/TextureVariants/equipment_shield_t05_base_rarity_variants.txt","IdleMedievalLegends_Task019_MeshyOperations/Combined/equipment_shield_t05_base_PIPELINE.md","Assets/_Game/Art/Equipment/Weapon/shield/T5/Models","Planned destination; existence not asserted"
"equipment_shield_t06_base","Escudo T6","Shield T6","Task017","IdleMedievalLegends_Task017_EquipmentTierRarity/Examples/EQUIPMENT_PRODUCTION_CATALOG.csv","Task015;Task017;Task019","2","3D Model","Equipment","Weapon","Season 1","P2","T6","Text to 3D","Brief Ready","Yes","3","IdleMedievalLegends_Task019_MeshyOperations/Prompts/Equipment/ConceptArt/equipment_shield_t06_base_concept_sheet.txt","IdleMedievalLegends_Task019_MeshyOperations/Prompts/Equipment/Meshy/BaseGeometry/equipment_shield_t06_base_geometry.txt","IdleMedievalLegends_Task019_MeshyOperations/Prompts/Equipment/TextureVariants/equipment_shield_t06_base_rarity_variants.txt","IdleMedievalLegends_Task019_MeshyOperations/Combined/equipment_shield_t06_base_PIPELINE.md","Assets/_Game/Art/Equipment/Weapon/shield/T6/Models","Planned destination; existence not asserted"
"equipment_shield_t07_base","Escudo T7","Shield T7","Task017","IdleMedievalLegends_Task017_EquipmentTierRarity/Examples/EQUIPMENT_PRODUCTION_CATALOG.csv","Task015;Task017;Task019","2","3D Model","Equipment","Weapon","Season 1","P2","T7","Text to 3D","Brief Ready","Yes","3","IdleMedievalLegends_Task019_MeshyOperations/Prompts/Equipment/ConceptArt/equipment_shield_t07_base_concept_sheet.txt","IdleMedievalLegends_Task019_MeshyOperations/Prompts/Equipment/Meshy/BaseGeometry/equipment_shield_t07_base_geometry.txt","IdleMedievalLegends_Task019_MeshyOperations/Prompts/Equipment/TextureVariants/equipment_shield_t07_base_rarity_variants.txt","IdleMedievalLegends_Task019_MeshyOperations/Combined/equipment_shield_t07_base_PIPELINE.md","Assets/_Game/Art/Equipment/Weapon/shield/T7/Models","Planned destination; existence not asserted"
"equipment_shield_t08_base","Escudo T8","Shield T8","Task017","IdleMedievalLegends_Task017_EquipmentTierRarity/Examples/EQUIPMENT_PRODUCTION_CATALOG.csv","Task015;Task017;Task019","2","3D Model","Equipment","Weapon","Post-MVP","P3","T8","Text to 3D","Brief Ready","Yes","3","IdleMedievalLegends_Task019_MeshyOperations/Prompts/Equipment/ConceptArt/equipment_shield_t08_base_concept_sheet.txt","IdleMedievalLegends_Task019_MeshyOperations/Prompts/Equipment/Meshy/BaseGeometry/equipment_shield_t08_base_geometry.txt","IdleMedievalLegends_Task019_MeshyOperations/Prompts/Equipment/TextureVariants/equipment_shield_t08_base_rarity_variants.txt","IdleMedievalLegends_Task019_MeshyOperations/Combined/equipment_shield_t08_base_PIPELINE.md","Assets/_Game/Art/Equipment/Weapon/shield/T8/Models","Planned destination; existence not asserted"
"equipment_shield_t09_base","Escudo T9","Shield T9","Task017","IdleMedievalLegends_Task017_EquipmentTierRarity/Examples/EQUIPMENT_PRODUCTION_CATALOG.csv","Task015;Task017;Task019","2","3D Model","Equipment","Weapon","Post-MVP","P3","T9","Text to 3D","Brief Ready","Yes","3","IdleMedievalLegends_Task019_MeshyOperations/Prompts/Equipment/ConceptArt/equipment_shield_t09_base_concept_sheet.txt","IdleMedievalLegends_Task019_MeshyOperations/Prompts/Equipment/Meshy/BaseGeometry/equipment_shield_t09_base_geometry.txt","IdleMedievalLegends_Task019_MeshyOperations/Prompts/Equipment/TextureVariants/equipment_shield_t09_base_rarity_variants.txt","IdleMedievalLegends_Task019_MeshyOperations/Combined/equipment_shield_t09_base_PIPELINE.md","Assets/_Game/Art/Equipment/Weapon/shield/T9/Models","Planned destination; existence not asserted"
"equipment_staff_t01_base","Cajado T1","Staff T1","Task017","IdleMedievalLegends_Task017_EquipmentTierRarity/Examples/EQUIPMENT_PRODUCTION_CATALOG.csv","Task015;Task017;Task019","2","3D Model","Equipment","Weapon","Vertical Slice","P0","T1","Text to 3D","Brief Ready","Yes","3","IdleMedievalLegends_Task019_MeshyOperations/Prompts/Equipment/ConceptArt/equipment_staff_t01_base_concept_sheet.txt","IdleMedievalLegends_Task019_MeshyOperations/Prompts/Equipment/Meshy/BaseGeometry/equipment_staff_t01_base_geometry.txt","IdleMedievalLegends_Task019_MeshyOperations/Prompts/Equipment/TextureVariants/equipment_staff_t01_base_rarity_variants.txt","IdleMedievalLegends_Task019_MeshyOperations/Combined/equipment_staff_t01_base_PIPELINE.md","Assets/_Game/Art/Equipment/Weapon/staff/T1/Models","Planned destination; existence not asserted"
"equipment_staff_t02_base","Cajado T2","Staff T2","Task017","IdleMedievalLegends_Task017_EquipmentTierRarity/Examples/EQUIPMENT_PRODUCTION_CATALOG.csv","Task015;Task017;Task019","2","3D Model","Equipment","Weapon","MVP","P1","T2","Text to 3D","Brief Ready","Yes","3","IdleMedievalLegends_Task019_MeshyOperations/Prompts/Equipment/ConceptArt/equipment_staff_t02_base_concept_sheet.txt","IdleMedievalLegends_Task019_MeshyOperations/Prompts/Equipment/Meshy/BaseGeometry/equipment_staff_t02_base_geometry.txt","IdleMedievalLegends_Task019_MeshyOperations/Prompts/Equipment/TextureVariants/equipment_staff_t02_base_rarity_variants.txt","IdleMedievalLegends_Task019_MeshyOperations/Combined/equipment_staff_t02_base_PIPELINE.md","Assets/_Game/Art/Equipment/Weapon/staff/T2/Models","Planned destination; existence not asserted"
"equipment_staff_t03_base","Cajado T3","Staff T3","Task017","IdleMedievalLegends_Task017_EquipmentTierRarity/Examples/EQUIPMENT_PRODUCTION_CATALOG.csv","Task015;Task017;Task019","2","3D Model","Equipment","Weapon","MVP","P1","T3","Text to 3D","Brief Ready","Yes","3","IdleMedievalLegends_Task019_MeshyOperations/Prompts/Equipment/ConceptArt/equipment_staff_t03_base_concept_sheet.txt","IdleMedievalLegends_Task019_MeshyOperations/Prompts/Equipment/Meshy/BaseGeometry/equipment_staff_t03_base_geometry.txt","IdleMedievalLegends_Task019_MeshyOperations/Prompts/Equipment/TextureVariants/equipment_staff_t03_base_rarity_variants.txt","IdleMedievalLegends_Task019_MeshyOperations/Combined/equipment_staff_t03_base_PIPELINE.md","Assets/_Game/Art/Equipment/Weapon/staff/T3/Models","Planned destination; existence not asserted"
"equipment_staff_t04_base","Cajado T4","Staff T4","Task017","IdleMedievalLegends_Task017_EquipmentTierRarity/Examples/EQUIPMENT_PRODUCTION_CATALOG.csv","Task015;Task017;Task019","2","3D Model","Equipment","Weapon","Season 1","P2","T4","Text to 3D","Brief Ready","Yes","3","IdleMedievalLegends_Task019_MeshyOperations/Prompts/Equipment/ConceptArt/equipment_staff_t04_base_concept_sheet.txt","IdleMedievalLegends_Task019_MeshyOperations/Prompts/Equipment/Meshy/BaseGeometry/equipment_staff_t04_base_geometry.txt","IdleMedievalLegends_Task019_MeshyOperations/Prompts/Equipment/TextureVariants/equipment_staff_t04_base_rarity_variants.txt","IdleMedievalLegends_Task019_MeshyOperations/Combined/equipment_staff_t04_base_PIPELINE.md","Assets/_Game/Art/Equipment/Weapon/staff/T4/Models","Planned destination; existence not asserted"
"equipment_staff_t05_base","Cajado T5","Staff T5","Task017","IdleMedievalLegends_Task017_EquipmentTierRarity/Examples/EQUIPMENT_PRODUCTION_CATALOG.csv","Task015;Task017;Task019","2","3D Model","Equipment","Weapon","Season 1","P2","T5","Text to 3D","Brief Ready","Yes","3","IdleMedievalLegends_Task019_MeshyOperations/Prompts/Equipment/ConceptArt/equipment_staff_t05_base_concept_sheet.txt","IdleMedievalLegends_Task019_MeshyOperations/Prompts/Equipment/Meshy/BaseGeometry/equipment_staff_t05_base_geometry.txt","IdleMedievalLegends_Task019_MeshyOperations/Prompts/Equipment/TextureVariants/equipment_staff_t05_base_rarity_variants.txt","IdleMedievalLegends_Task019_MeshyOperations/Combined/equipment_staff_t05_base_PIPELINE.md","Assets/_Game/Art/Equipment/Weapon/staff/T5/Models","Planned destination; existence not asserted"
"equipment_staff_t06_base","Cajado T6","Staff T6","Task017","IdleMedievalLegends_Task017_EquipmentTierRarity/Examples/EQUIPMENT_PRODUCTION_CATALOG.csv","Task015;Task017;Task019","2","3D Model","Equipment","Weapon","Season 1","P2","T6","Text to 3D","Brief Ready","Yes","3","IdleMedievalLegends_Task019_MeshyOperations/Prompts/Equipment/ConceptArt/equipment_staff_t06_base_concept_sheet.txt","IdleMedievalLegends_Task019_MeshyOperations/Prompts/Equipment/Meshy/BaseGeometry/equipment_staff_t06_base_geometry.txt","IdleMedievalLegends_Task019_MeshyOperations/Prompts/Equipment/TextureVariants/equipment_staff_t06_base_rarity_variants.txt","IdleMedievalLegends_Task019_MeshyOperations/Combined/equipment_staff_t06_base_PIPELINE.md","Assets/_Game/Art/Equipment/Weapon/staff/T6/Models","Planned destination; existence not asserted"
"equipment_staff_t07_base","Cajado T7","Staff T7","Task017","IdleMedievalLegends_Task017_EquipmentTierRarity/Examples/EQUIPMENT_PRODUCTION_CATALOG.csv","Task015;Task017;Task019","2","3D Model","Equipment","Weapon","Season 1","P2","T7","Text to 3D","Brief Ready","Yes","3","IdleMedievalLegends_Task019_MeshyOperations/Prompts/Equipment/ConceptArt/equipment_staff_t07_base_concept_sheet.txt","IdleMedievalLegends_Task019_MeshyOperations/Prompts/Equipment/Meshy/BaseGeometry/equipment_staff_t07_base_geometry.txt","IdleMedievalLegends_Task019_MeshyOperations/Prompts/Equipment/TextureVariants/equipment_staff_t07_base_rarity_variants.txt","IdleMedievalLegends_Task019_MeshyOperations/Combined/equipment_staff_t07_base_PIPELINE.md","Assets/_Game/Art/Equipment/Weapon/staff/T7/Models","Planned destination; existence not asserted"
"equipment_staff_t08_base","Cajado T8","Staff T8","Task017","IdleMedievalLegends_Task017_EquipmentTierRarity/Examples/EQUIPMENT_PRODUCTION_CATALOG.csv","Task015;Task017;Task019","2","3D Model","Equipment","Weapon","Post-MVP","P3","T8","Text to 3D","Brief Ready","Yes","3","IdleMedievalLegends_Task019_MeshyOperations/Prompts/Equipment/ConceptArt/equipment_staff_t08_base_concept_sheet.txt","IdleMedievalLegends_Task019_MeshyOperations/Prompts/Equipment/Meshy/BaseGeometry/equipment_staff_t08_base_geometry.txt","IdleMedievalLegends_Task019_MeshyOperations/Prompts/Equipment/TextureVariants/equipment_staff_t08_base_rarity_variants.txt","IdleMedievalLegends_Task019_MeshyOperations/Combined/equipment_staff_t08_base_PIPELINE.md","Assets/_Game/Art/Equipment/Weapon/staff/T8/Models","Planned destination; existence not asserted"
"equipment_staff_t09_base","Cajado T9","Staff T9","Task017","IdleMedievalLegends_Task017_EquipmentTierRarity/Examples/EQUIPMENT_PRODUCTION_CATALOG.csv","Task015;Task017;Task019","2","3D Model","Equipment","Weapon","Post-MVP","P3","T9","Text to 3D","Brief Ready","Yes","3","IdleMedievalLegends_Task019_MeshyOperations/Prompts/Equipment/ConceptArt/equipment_staff_t09_base_concept_sheet.txt","IdleMedievalLegends_Task019_MeshyOperations/Prompts/Equipment/Meshy/BaseGeometry/equipment_staff_t09_base_geometry.txt","IdleMedievalLegends_Task019_MeshyOperations/Prompts/Equipment/TextureVariants/equipment_staff_t09_base_rarity_variants.txt","IdleMedievalLegends_Task019_MeshyOperations/Combined/equipment_staff_t09_base_PIPELINE.md","Assets/_Game/Art/Equipment/Weapon/staff/T9/Models","Planned destination; existence not asserted"
"equipment_sword_1h_t01_base","Espada de Uma Mão T1","One-Handed Sword T1","Task017","IdleMedievalLegends_Task017_EquipmentTierRarity/Examples/EQUIPMENT_PRODUCTION_CATALOG.csv","Task015;Task017;Task019","2","3D Model","Equipment","Weapon","Vertical Slice","P0","T1","Text to 3D","Brief Ready","Yes","3","IdleMedievalLegends_Task019_MeshyOperations/Prompts/Equipment/ConceptArt/equipment_sword_1h_t01_base_concept_sheet.txt","IdleMedievalLegends_Task019_MeshyOperations/Prompts/Equipment/Meshy/BaseGeometry/equipment_sword_1h_t01_base_geometry.txt","IdleMedievalLegends_Task019_MeshyOperations/Prompts/Equipment/TextureVariants/equipment_sword_1h_t01_base_rarity_variants.txt","IdleMedievalLegends_Task019_MeshyOperations/Combined/equipment_sword_1h_t01_base_PIPELINE.md","Assets/_Game/Art/Equipment/Weapon/sword_1h/T1/Models","Planned destination; existence not asserted"
"equipment_sword_1h_t02_base","Espada de Uma Mão T2","One-Handed Sword T2","Task017","IdleMedievalLegends_Task017_EquipmentTierRarity/Examples/EQUIPMENT_PRODUCTION_CATALOG.csv","Task015;Task017;Task019","2","3D Model","Equipment","Weapon","MVP","P1","T2","Text to 3D","Brief Ready","Yes","3","IdleMedievalLegends_Task019_MeshyOperations/Prompts/Equipment/ConceptArt/equipment_sword_1h_t02_base_concept_sheet.txt","IdleMedievalLegends_Task019_MeshyOperations/Prompts/Equipment/Meshy/BaseGeometry/equipment_sword_1h_t02_base_geometry.txt","IdleMedievalLegends_Task019_MeshyOperations/Prompts/Equipment/TextureVariants/equipment_sword_1h_t02_base_rarity_variants.txt","IdleMedievalLegends_Task019_MeshyOperations/Combined/equipment_sword_1h_t02_base_PIPELINE.md","Assets/_Game/Art/Equipment/Weapon/sword_1h/T2/Models","Planned destination; existence not asserted"
"equipment_sword_1h_t03_base","Espada de Uma Mão T3","One-Handed Sword T3","Task017","IdleMedievalLegends_Task017_EquipmentTierRarity/Examples/EQUIPMENT_PRODUCTION_CATALOG.csv","Task015;Task017;Task019","2","3D Model","Equipment","Weapon","MVP","P1","T3","Text to 3D","Brief Ready","Yes","3","IdleMedievalLegends_Task019_MeshyOperations/Prompts/Equipment/ConceptArt/equipment_sword_1h_t03_base_concept_sheet.txt","IdleMedievalLegends_Task019_MeshyOperations/Prompts/Equipment/Meshy/BaseGeometry/equipment_sword_1h_t03_base_geometry.txt","IdleMedievalLegends_Task019_MeshyOperations/Prompts/Equipment/TextureVariants/equipment_sword_1h_t03_base_rarity_variants.txt","IdleMedievalLegends_Task019_MeshyOperations/Combined/equipment_sword_1h_t03_base_PIPELINE.md","Assets/_Game/Art/Equipment/Weapon/sword_1h/T3/Models","Planned destination; existence not asserted"
"equipment_sword_1h_t04_base","Espada de Uma Mão T4","One-Handed Sword T4","Task017","IdleMedievalLegends_Task017_EquipmentTierRarity/Examples/EQUIPMENT_PRODUCTION_CATALOG.csv","Task015;Task017;Task019","2","3D Model","Equipment","Weapon","Season 1","P2","T4","Text to 3D","Brief Ready","Yes","3","IdleMedievalLegends_Task019_MeshyOperations/Prompts/Equipment/ConceptArt/equipment_sword_1h_t04_base_concept_sheet.txt","IdleMedievalLegends_Task019_MeshyOperations/Prompts/Equipment/Meshy/BaseGeometry/equipment_sword_1h_t04_base_geometry.txt","IdleMedievalLegends_Task019_MeshyOperations/Prompts/Equipment/TextureVariants/equipment_sword_1h_t04_base_rarity_variants.txt","IdleMedievalLegends_Task019_MeshyOperations/Combined/equipment_sword_1h_t04_base_PIPELINE.md","Assets/_Game/Art/Equipment/Weapon/sword_1h/T4/Models","Planned destination; existence not asserted"
"equipment_sword_1h_t05_base","Espada de Uma Mão T5","One-Handed Sword T5","Task017","IdleMedievalLegends_Task017_EquipmentTierRarity/Examples/EQUIPMENT_PRODUCTION_CATALOG.csv","Task015;Task017;Task019","2","3D Model","Equipment","Weapon","Season 1","P2","T5","Text to 3D","Brief Ready","Yes","3","IdleMedievalLegends_Task019_MeshyOperations/Prompts/Equipment/ConceptArt/equipment_sword_1h_t05_base_concept_sheet.txt","IdleMedievalLegends_Task019_MeshyOperations/Prompts/Equipment/Meshy/BaseGeometry/equipment_sword_1h_t05_base_geometry.txt","IdleMedievalLegends_Task019_MeshyOperations/Prompts/Equipment/TextureVariants/equipment_sword_1h_t05_base_rarity_variants.txt","IdleMedievalLegends_Task019_MeshyOperations/Combined/equipment_sword_1h_t05_base_PIPELINE.md","Assets/_Game/Art/Equipment/Weapon/sword_1h/T5/Models","Planned destination; existence not asserted"
"equipment_sword_1h_t06_base","Espada de Uma Mão T6","One-Handed Sword T6","Task017","IdleMedievalLegends_Task017_EquipmentTierRarity/Examples/EQUIPMENT_PRODUCTION_CATALOG.csv","Task015;Task017;Task019","2","3D Model","Equipment","Weapon","Season 1","P2","T6","Text to 3D","Brief Ready","Yes","3","IdleMedievalLegends_Task019_MeshyOperations/Prompts/Equipment/ConceptArt/equipment_sword_1h_t06_base_concept_sheet.txt","IdleMedievalLegends_Task019_MeshyOperations/Prompts/Equipment/Meshy/BaseGeometry/equipment_sword_1h_t06_base_geometry.txt","IdleMedievalLegends_Task019_MeshyOperations/Prompts/Equipment/TextureVariants/equipment_sword_1h_t06_base_rarity_variants.txt","IdleMedievalLegends_Task019_MeshyOperations/Combined/equipment_sword_1h_t06_base_PIPELINE.md","Assets/_Game/Art/Equipment/Weapon/sword_1h/T6/Models","Planned destination; existence not asserted"
"equipment_sword_1h_t07_base","Espada de Uma Mão T7","One-Handed Sword T7","Task017","IdleMedievalLegends_Task017_EquipmentTierRarity/Examples/EQUIPMENT_PRODUCTION_CATALOG.csv","Task015;Task017;Task019","2","3D Model","Equipment","Weapon","Season 1","P2","T7","Text to 3D","Brief Ready","Yes","3","IdleMedievalLegends_Task019_MeshyOperations/Prompts/Equipment/ConceptArt/equipment_sword_1h_t07_base_concept_sheet.txt","IdleMedievalLegends_Task019_MeshyOperations/Prompts/Equipment/Meshy/BaseGeometry/equipment_sword_1h_t07_base_geometry.txt","IdleMedievalLegends_Task019_MeshyOperations/Prompts/Equipment/TextureVariants/equipment_sword_1h_t07_base_rarity_variants.txt","IdleMedievalLegends_Task019_MeshyOperations/Combined/equipment_sword_1h_t07_base_PIPELINE.md","Assets/_Game/Art/Equipment/Weapon/sword_1h/T7/Models","Planned destination; existence not asserted"
"equipment_sword_1h_t08_base","Espada de Uma Mão T8","One-Handed Sword T8","Task017","IdleMedievalLegends_Task017_EquipmentTierRarity/Examples/EQUIPMENT_PRODUCTION_CATALOG.csv","Task015;Task017;Task019","2","3D Model","Equipment","Weapon","Post-MVP","P3","T8","Text to 3D","Brief Ready","Yes","3","IdleMedievalLegends_Task019_MeshyOperations/Prompts/Equipment/ConceptArt/equipment_sword_1h_t08_base_concept_sheet.txt","IdleMedievalLegends_Task019_MeshyOperations/Prompts/Equipment/Meshy/BaseGeometry/equipment_sword_1h_t08_base_geometry.txt","IdleMedievalLegends_Task019_MeshyOperations/Prompts/Equipment/TextureVariants/equipment_sword_1h_t08_base_rarity_variants.txt","IdleMedievalLegends_Task019_MeshyOperations/Combined/equipment_sword_1h_t08_base_PIPELINE.md","Assets/_Game/Art/Equipment/Weapon/sword_1h/T8/Models","Planned destination; existence not asserted"
"equipment_sword_1h_t09_base","Espada de Uma Mão T9","One-Handed Sword T9","Task017","IdleMedievalLegends_Task017_EquipmentTierRarity/Examples/EQUIPMENT_PRODUCTION_CATALOG.csv","Task015;Task017;Task019","2","3D Model","Equipment","Weapon","Post-MVP","P3","T9","Text to 3D","Brief Ready","Yes","3","IdleMedievalLegends_Task019_MeshyOperations/Prompts/Equipment/ConceptArt/equipment_sword_1h_t09_base_concept_sheet.txt","IdleMedievalLegends_Task019_MeshyOperations/Prompts/Equipment/Meshy/BaseGeometry/equipment_sword_1h_t09_base_geometry.txt","IdleMedievalLegends_Task019_MeshyOperations/Prompts/Equipment/TextureVariants/equipment_sword_1h_t09_base_rarity_variants.txt","IdleMedievalLegends_Task019_MeshyOperations/Combined/equipment_sword_1h_t09_base_PIPELINE.md","Assets/_Game/Art/Equipment/Weapon/sword_1h/T9/Models","Planned destination; existence not asserted"
"hero_archer_001","Arqueira","Archer","Task016","IdleMedievalLegends_Task016_CharacterDesignPack/Examples/CHARACTER_PRODUCTION_SHEETS.csv","Task015;Task016;Task019","2","3D Model","Character","Playable Hero","Vertical Slice","P0","N/A","Multi-view Image to 3D","Planned","Yes","3","IdleMedievalLegends_Task019_MeshyOperations/Prompts/Characters/ConceptArt/hero_archer_001_concept_sheet.txt","IdleMedievalLegends_Task019_MeshyOperations/Prompts/Characters/Meshy/hero_archer_001_meshy_character.txt","IdleMedievalLegends_Task019_MeshyOperations/Prompts/Characters/Texture/hero_archer_001_texture.txt","IdleMedievalLegends_Task019_MeshyOperations/Combined/hero_archer_001_PIPELINE.md","Assets/_Game/Art/Characters/hero_archer_001","Planned destination; existence not asserted"
"hero_mage_001","Mago","Mage","Task016","IdleMedievalLegends_Task016_CharacterDesignPack/Examples/CHARACTER_PRODUCTION_SHEETS.csv","Task015;Task016;Task019","2","3D Model","Character","Playable Hero","Vertical Slice","P0","N/A","Multi-view Image to 3D","Planned","Yes","3","IdleMedievalLegends_Task019_MeshyOperations/Prompts/Characters/ConceptArt/hero_mage_001_concept_sheet.txt","IdleMedievalLegends_Task019_MeshyOperations/Prompts/Characters/Meshy/hero_mage_001_meshy_character.txt","IdleMedievalLegends_Task019_MeshyOperations/Prompts/Characters/Texture/hero_mage_001_texture.txt","IdleMedievalLegends_Task019_MeshyOperations/Combined/hero_mage_001_PIPELINE.md","Assets/_Game/Art/Characters/hero_mage_001","Planned destination; existence not asserted"
"hero_paladin_001","Paladino","Paladin","Task016","IdleMedievalLegends_Task016_CharacterDesignPack/Examples/CHARACTER_PRODUCTION_SHEETS.csv","Task015;Task016;Task019","2","3D Model","Character","Playable Hero","Vertical Slice","P0","N/A","Multi-view Image to 3D","Planned","Yes","3","IdleMedievalLegends_Task019_MeshyOperations/Prompts/Characters/ConceptArt/hero_paladin_001_concept_sheet.txt","IdleMedievalLegends_Task019_MeshyOperations/Prompts/Characters/Meshy/hero_paladin_001_meshy_character.txt","IdleMedievalLegends_Task019_MeshyOperations/Prompts/Characters/Texture/hero_paladin_001_texture.txt","IdleMedievalLegends_Task019_MeshyOperations/Combined/hero_paladin_001_PIPELINE.md","Assets/_Game/Art/Characters/hero_paladin_001","Planned destination; existence not asserted"
"icon_hero_archer_001","Ícone — Arqueira","Icon — Archer","Task015","IdleMedievalLegends_Task015_AssetCatalog/Examples/ASSET_MASTER_CATALOG.csv","Task015","1","2D Image","Character Art","Hero Icon","Vertical Slice","P0","N/A","None","Planned","No","0","","","","","Assets/_Game/Art/UI/Icons/Heroes/Archer","Planned destination; existence not asserted"
"icon_hero_mage_001","Ícone — Mago","Icon — Mage","Task015","IdleMedievalLegends_Task015_AssetCatalog/Examples/ASSET_MASTER_CATALOG.csv","Task015","1","2D Image","Character Art","Hero Icon","Vertical Slice","P0","N/A","None","Planned","No","0","","","","","Assets/_Game/Art/UI/Icons/Heroes/Mage","Planned destination; existence not asserted"
"icon_hero_paladin_001","Ícone — Paladino","Icon — Paladin","Task015","IdleMedievalLegends_Task015_AssetCatalog/Examples/ASSET_MASTER_CATALOG.csv","Task015","1","2D Image","Character Art","Hero Icon","Vertical Slice","P0","N/A","None","Planned","No","0","","","","","Assets/_Game/Art/UI/Icons/Heroes/Paladin","Planned destination; existence not asserted"
"loot_chest_common_001","Baú Comum","Common Chest","Task015","IdleMedievalLegends_Task015_AssetCatalog/Examples/ASSET_MASTER_CATALOG.csv","Task015","1","3D Model","Loot","Reward Chest","Vertical Slice","P0","N/A","Text to 3D","Planned","No","0","","","","","Assets/_Game/Art/Props/Loot/Chests","Planned destination; existence not asserted"
"loot_chest_epic_001","Baú Épico","Epic Chest","Task015","IdleMedievalLegends_Task015_AssetCatalog/Examples/ASSET_MASTER_CATALOG.csv","Task015","1","3D Model","Loot","Reward Chest","MVP","P1","N/A","Text to 3D","Planned","No","0","","","","","Assets/_Game/Art/Props/Loot/Chests","Planned destination; existence not asserted"
"loot_chest_legendary_001","Baú Lendário","Legendary Chest","Task015","IdleMedievalLegends_Task015_AssetCatalog/Examples/ASSET_MASTER_CATALOG.csv","Task015","1","3D Model","Loot","Reward Chest","MVP","P1","N/A","Text to 3D","Planned","No","0","","","","","Assets/_Game/Art/Props/Loot/Chests","Planned destination; existence not asserted"
"loot_chest_mythic_001","Baú Mítico","Mythic Chest","Task015","IdleMedievalLegends_Task015_AssetCatalog/Examples/ASSET_MASTER_CATALOG.csv","Task015","1","3D Model","Loot","Reward Chest","MVP","P1","N/A","Text to 3D","Planned","No","0","","","","","Assets/_Game/Art/Props/Loot/Chests","Planned destination; existence not asserted"
"loot_chest_rare_001","Baú Raro","Rare Chest","Task015","IdleMedievalLegends_Task015_AssetCatalog/Examples/ASSET_MASTER_CATALOG.csv","Task015","1","3D Model","Loot","Reward Chest","Vertical Slice","P0","N/A","Text to 3D","Planned","No","0","","","","","Assets/_Game/Art/Props/Loot/Chests","Planned destination; existence not asserted"
"loot_chest_uncommon_001","Baú Incomum","Uncommon Chest","Task015","IdleMedievalLegends_Task015_AssetCatalog/Examples/ASSET_MASTER_CATALOG.csv","Task015","1","3D Model","Loot","Reward Chest","Vertical Slice","P0","N/A","Text to 3D","Planned","No","0","","","","","Assets/_Game/Art/Props/Loot/Chests","Planned destination; existence not asserted"
"matlib_bone_stylized_pbr_001","Biblioteca PBR — Osso","PBR Library — Bone","Task015","IdleMedievalLegends_Task015_AssetCatalog/Examples/ASSET_MASTER_CATALOG.csv","Task015","1","Material/Shader","Material Library","Stylized PBR","Vertical Slice","P0","N/A","Meshy AI Texturing + Unity material authoring","Planned","No","0","","","","","Assets/_Game/Art/Materials/Library","Planned destination; existence not asserted"
"matlib_bronze_gold_stylized_pbr_001","Biblioteca PBR — Bronze e Ouro","PBR Library — Bronze and Gold","Task015","IdleMedievalLegends_Task015_AssetCatalog/Examples/ASSET_MASTER_CATALOG.csv","Task015","1","Material/Shader","Material Library","Stylized PBR","Vertical Slice","P0","N/A","Meshy AI Texturing + Unity material authoring","Planned","No","0","","","","","Assets/_Game/Art/Materials/Library","Planned destination; existence not asserted"
"matlib_celestial_stylized_pbr_001","Biblioteca PBR — Celestial","PBR Library — Celestial","Task015","IdleMedievalLegends_Task015_AssetCatalog/Examples/ASSET_MASTER_CATALOG.csv","Task015","1","Material/Shader","Material Library","Stylized PBR","Vertical Slice","P0","N/A","Meshy AI Texturing + Unity material authoring","Planned","No","0","","","","","Assets/_Game/Art/Materials/Library","Planned destination; existence not asserted"
"matlib_cloth_stylized_pbr_001","Biblioteca PBR — Tecido","PBR Library — Cloth","Task015","IdleMedievalLegends_Task015_AssetCatalog/Examples/ASSET_MASTER_CATALOG.csv","Task015","1","Material/Shader","Material Library","Stylized PBR","Vertical Slice","P0","N/A","Meshy AI Texturing + Unity material authoring","Planned","No","0","","","","","Assets/_Game/Art/Materials/Library","Planned destination; existence not asserted"
"matlib_crystal_stylized_pbr_001","Biblioteca PBR — Cristal","PBR Library — Crystal","Task015","IdleMedievalLegends_Task015_AssetCatalog/Examples/ASSET_MASTER_CATALOG.csv","Task015","1","Material/Shader","Material Library","Stylized PBR","Vertical Slice","P0","N/A","Meshy AI Texturing + Unity material authoring","Planned","No","0","","","","","Assets/_Game/Art/Materials/Library","Planned destination; existence not asserted"
"matlib_infernal_stylized_pbr_001","Biblioteca PBR — Infernal","PBR Library — Infernal","Task015","IdleMedievalLegends_Task015_AssetCatalog/Examples/ASSET_MASTER_CATALOG.csv","Task015","1","Material/Shader","Material Library","Stylized PBR","Vertical Slice","P0","N/A","Meshy AI Texturing + Unity material authoring","Planned","No","0","","","","","Assets/_Game/Art/Materials/Library","Planned destination; existence not asserted"
"matlib_iron_steel_stylized_pbr_001","Biblioteca PBR — Ferro e Aço","PBR Library — Iron and Steel","Task015","IdleMedievalLegends_Task015_AssetCatalog/Examples/ASSET_MASTER_CATALOG.csv","Task015","1","Material/Shader","Material Library","Stylized PBR","Vertical Slice","P0","N/A","Meshy AI Texturing + Unity material authoring","Planned","No","0","","","","","Assets/_Game/Art/Materials/Library","Planned destination; existence not asserted"
"matlib_leather_stylized_pbr_001","Biblioteca PBR — Couro","PBR Library — Leather","Task015","IdleMedievalLegends_Task015_AssetCatalog/Examples/ASSET_MASTER_CATALOG.csv","Task015","1","Material/Shader","Material Library","Stylized PBR","Vertical Slice","P0","N/A","Meshy AI Texturing + Unity material authoring","Planned","No","0","","","","","Assets/_Game/Art/Materials/Library","Planned destination; existence not asserted"
"matlib_stone_stylized_pbr_001","Biblioteca PBR — Pedra","PBR Library — Stone","Task015","IdleMedievalLegends_Task015_AssetCatalog/Examples/ASSET_MASTER_CATALOG.csv","Task015","1","Material/Shader","Material Library","Stylized PBR","Vertical Slice","P0","N/A","Meshy AI Texturing + Unity material authoring","Planned","No","0","","","","","Assets/_Game/Art/Materials/Library","Planned destination; existence not asserted"
"matlib_wood_stylized_pbr_001","Biblioteca PBR — Madeira","PBR Library — Wood","Task015","IdleMedievalLegends_Task015_AssetCatalog/Examples/ASSET_MASTER_CATALOG.csv","Task015","1","Material/Shader","Material Library","Stylized PBR","Vertical Slice","P0","N/A","Meshy AI Texturing + Unity material authoring","Planned","No","0","","","","","Assets/_Game/Art/Materials/Library","Planned destination; existence not asserted"
"portrait_boss_bone_knight_001","Bestiário — Cavaleiro Ósseo","Bestiary — Bone Knight","Task015","IdleMedievalLegends_Task015_AssetCatalog/Examples/ASSET_MASTER_CATALOG.csv","Task015","1","2D Image","Character Art","Enemy Portrait","Season 1 - Arc 2","P2","N/A","None","Planned","No","0","","","","","Assets/_Game/Art/UI/Portraits/Enemies/Undead","Planned destination; existence not asserted"
"portrait_boss_demon_lord_001","Bestiário — Lorde Demônio","Bestiary — Demon Lord","Task015","IdleMedievalLegends_Task015_AssetCatalog/Examples/ASSET_MASTER_CATALOG.csv","Task015","1","2D Image","Character Art","Enemy Portrait","Season 1 - Arc 3","P2","N/A","None","Planned","No","0","","","","","Assets/_Game/Art/UI/Portraits/Enemies/Demon","Planned destination; existence not asserted"
"portrait_boss_goblin_chieftain_001","Bestiário — Chefe Goblin","Bestiary — Goblin Chieftain","Task015","IdleMedievalLegends_Task015_AssetCatalog/Examples/ASSET_MASTER_CATALOG.csv","Task015","1","2D Image","Character Art","Enemy Portrait","MVP","P2","N/A","None","Planned","No","0","","","","","Assets/_Game/Art/UI/Portraits/Enemies/Goblin","Planned destination; existence not asserted"
"portrait_boss_goblin_king_001","Bestiário — Rei Goblin","Bestiary — Goblin King","Task015","IdleMedievalLegends_Task015_AssetCatalog/Examples/ASSET_MASTER_CATALOG.csv","Task015","1","2D Image","Character Art","Enemy Portrait","MVP","P2","N/A","None","Planned","No","0","","","","","Assets/_Game/Art/UI/Portraits/Enemies/Goblin","Planned destination; existence not asserted"
"portrait_boss_incubus_warden_001","Bestiário — Guardião Íncubo","Bestiary — Incubus Warden","Task015","IdleMedievalLegends_Task015_AssetCatalog/Examples/ASSET_MASTER_CATALOG.csv","Task015","1","2D Image","Character Art","Enemy Portrait","Season 1 - Arc 3","P2","N/A","None","Planned","No","0","","","","","Assets/_Game/Art/UI/Portraits/Enemies/Demon","Planned destination; existence not asserted"
"portrait_boss_lich_001","Bestiário — Lich","Bestiary — Lich","Task015","IdleMedievalLegends_Task015_AssetCatalog/Examples/ASSET_MASTER_CATALOG.csv","Task015","1","2D Image","Character Art","Enemy Portrait","Season 1 - Arc 2","P2","N/A","None","Planned","No","0","","","","","Assets/_Game/Art/UI/Portraits/Enemies/Undead","Planned destination; existence not asserted"
"portrait_enemy_bone_acolyte_001","Bestiário — Acólito Ósseo","Bestiary — Bone Acolyte","Task015","IdleMedievalLegends_Task015_AssetCatalog/Examples/ASSET_MASTER_CATALOG.csv","Task015","1","2D Image","Character Art","Enemy Portrait","Season 1 - Arc 2","P2","N/A","None","Planned","No","0","","","","","Assets/_Game/Art/UI/Portraits/Enemies/Undead","Planned destination; existence not asserted"
"portrait_enemy_bone_archmage_001","Bestiário — Arquimago Ósseo","Bestiary — Bone Archmage","Task015","IdleMedievalLegends_Task015_AssetCatalog/Examples/ASSET_MASTER_CATALOG.csv","Task015","1","2D Image","Character Art","Enemy Portrait","Season 1 - Arc 2","P2","N/A","None","Planned","No","0","","","","","Assets/_Game/Art/UI/Portraits/Enemies/Undead","Planned destination; existence not asserted"
"portrait_enemy_death_knight_001","Bestiário — Cavaleiro da Morte","Bestiary — Death Knight","Task015","IdleMedievalLegends_Task015_AssetCatalog/Examples/ASSET_MASTER_CATALOG.csv","Task015","1","2D Image","Character Art","Enemy Portrait","Season 1 - Arc 2","P2","N/A","None","Planned","No","0","","","","","Assets/_Game/Art/UI/Portraits/Enemies/Undead","Planned destination; existence not asserted"
"portrait_enemy_demon_knight_001","Bestiário — Cavaleiro Demoníaco","Bestiary — Demon Knight","Task015","IdleMedievalLegends_Task015_AssetCatalog/Examples/ASSET_MASTER_CATALOG.csv","Task015","1","2D Image","Character Art","Enemy Portrait","Season 1 - Arc 3","P2","N/A","None","Planned","No","0","","","","","Assets/_Game/Art/UI/Portraits/Enemies/Demon","Planned destination; existence not asserted"
"portrait_enemy_demon_ranger_001","Bestiário — Patrulheiro Demoníaco","Bestiary — Demon Ranger","Task015","IdleMedievalLegends_Task015_AssetCatalog/Examples/ASSET_MASTER_CATALOG.csv","Task015","1","2D Image","Character Art","Enemy Portrait","Season 1 - Arc 3","P2","N/A","None","Planned","No","0","","","","","Assets/_Game/Art/UI/Portraits/Enemies/Demon","Planned destination; existence not asserted"
"portrait_enemy_ghoul_reaver_001","Bestiário — Carniçal Dilacerador","Bestiary — Ghoul Reaver","Task015","IdleMedievalLegends_Task015_AssetCatalog/Examples/ASSET_MASTER_CATALOG.csv","Task015","1","2D Image","Character Art","Enemy Portrait","Season 1 - Arc 2","P2","N/A","None","Planned","No","0","","","","","Assets/_Game/Art/UI/Portraits/Enemies/Undead","Planned destination; existence not asserted"
"portrait_enemy_goblin_archer_001","Bestiário — Arqueiro Goblin","Bestiary — Goblin Archer","Task015","IdleMedievalLegends_Task015_AssetCatalog/Examples/ASSET_MASTER_CATALOG.csv","Task015","1","2D Image","Character Art","Enemy Portrait","Vertical Slice","P2","N/A","None","Planned","No","0","","","","","Assets/_Game/Art/UI/Portraits/Enemies/Goblin","Planned destination; existence not asserted"
"portrait_enemy_goblin_high_shaman_001","Bestiário — Alto Xamã Goblin","Bestiary — Goblin High Shaman","Task015","IdleMedievalLegends_Task015_AssetCatalog/Examples/ASSET_MASTER_CATALOG.csv","Task015","1","2D Image","Character Art","Enemy Portrait","MVP","P2","N/A","None","Planned","No","0","","","","","Assets/_Game/Art/UI/Portraits/Enemies/Goblin","Planned destination; existence not asserted"
"portrait_enemy_goblin_ranger_001","Bestiário — Patrulheiro Goblin","Bestiary — Goblin Ranger","Task015","IdleMedievalLegends_Task015_AssetCatalog/Examples/ASSET_MASTER_CATALOG.csv","Task015","1","2D Image","Character Art","Enemy Portrait","MVP","P2","N/A","None","Planned","No","0","","","","","Assets/_Game/Art/UI/Portraits/Enemies/Goblin","Planned destination; existence not asserted"
"portrait_enemy_goblin_scavenger_001","Bestiário — Goblin Saqueador","Bestiary — Goblin Scavenger","Task015","IdleMedievalLegends_Task015_AssetCatalog/Examples/ASSET_MASTER_CATALOG.csv","Task015","1","2D Image","Character Art","Enemy Portrait","Vertical Slice","P2","N/A","None","Planned","No","0","","","","","Assets/_Game/Art/UI/Portraits/Enemies/Goblin","Planned destination; existence not asserted"
"portrait_enemy_goblin_shaman_001","Bestiário — Xamã Goblin","Bestiary — Goblin Shaman","Task015","IdleMedievalLegends_Task015_AssetCatalog/Examples/ASSET_MASTER_CATALOG.csv","Task015","1","2D Image","Character Art","Enemy Portrait","MVP","P2","N/A","None","Planned","No","0","","","","","Assets/_Game/Art/UI/Portraits/Enemies/Goblin","Planned destination; existence not asserted"
"portrait_enemy_goblin_warrior_001","Bestiário — Guerreiro Goblin","Bestiary — Goblin Warrior","Task015","IdleMedievalLegends_Task015_AssetCatalog/Examples/ASSET_MASTER_CATALOG.csv","Task015","1","2D Image","Character Art","Enemy Portrait","Vertical Slice","P2","N/A","None","Planned","No","0","","","","","Assets/_Game/Art/UI/Portraits/Enemies/Goblin","Planned destination; existence not asserted"
"portrait_enemy_grave_ranger_001","Bestiário — Patrulheiro da Tumba","Bestiary — Grave Ranger","Task015","IdleMedievalLegends_Task015_AssetCatalog/Examples/ASSET_MASTER_CATALOG.csv","Task015","1","2D Image","Character Art","Enemy Portrait","Season 1 - Arc 2","P2","N/A","None","Planned","No","0","","","","","Assets/_Game/Art/UI/Portraits/Enemies/Undead","Planned destination; existence not asserted"
"portrait_enemy_hobgoblin_knight_001","Bestiário — Cavaleiro Hobgoblin","Bestiary — Hobgoblin Knight","Task015","IdleMedievalLegends_Task015_AssetCatalog/Examples/ASSET_MASTER_CATALOG.csv","Task015","1","2D Image","Character Art","Enemy Portrait","MVP","P2","N/A","None","Planned","No","0","","","","","Assets/_Game/Art/UI/Portraits/Enemies/Goblin","Planned destination; existence not asserted"
"portrait_enemy_imp_001","Bestiário — Diabrete","Bestiary — Imp","Task015","IdleMedievalLegends_Task015_AssetCatalog/Examples/ASSET_MASTER_CATALOG.csv","Task015","1","2D Image","Character Art","Enemy Portrait","Season 1 - Arc 3","P2","N/A","None","Planned","No","0","","","","","Assets/_Game/Art/UI/Portraits/Enemies/Demon","Planned destination; existence not asserted"
"portrait_enemy_imp_legionary_001","Bestiário — Legionário Diabrete","Bestiary — Imp Legionary","Task015","IdleMedievalLegends_Task015_AssetCatalog/Examples/ASSET_MASTER_CATALOG.csv","Task015","1","2D Image","Character Art","Enemy Portrait","Season 1 - Arc 3","P2","N/A","None","Planned","No","0","","","","","Assets/_Game/Art/UI/Portraits/Enemies/Demon","Planned destination; existence not asserted"
"portrait_enemy_imp_pyromancer_001","Bestiário — Piromante Diabrete","Bestiary — Imp Pyromancer","Task015","IdleMedievalLegends_Task015_AssetCatalog/Examples/ASSET_MASTER_CATALOG.csv","Task015","1","2D Image","Character Art","Enemy Portrait","Season 1 - Arc 3","P2","N/A","None","Planned","No","0","","","","","Assets/_Game/Art/UI/Portraits/Enemies/Demon","Planned destination; existence not asserted"
"portrait_enemy_imp_skirmisher_001","Bestiário — Escaramuçador Diabrete","Bestiary — Imp Skirmisher","Task015","IdleMedievalLegends_Task015_AssetCatalog/Examples/ASSET_MASTER_CATALOG.csv","Task015","1","2D Image","Character Art","Enemy Portrait","Season 1 - Arc 3","P2","N/A","None","Planned","No","0","","","","","Assets/_Game/Art/UI/Portraits/Enemies/Demon","Planned destination; existence not asserted"
"portrait_enemy_restless_skeleton_001","Bestiário — Esqueleto Inquieto","Bestiary — Restless Skeleton","Task015","IdleMedievalLegends_Task015_AssetCatalog/Examples/ASSET_MASTER_CATALOG.csv","Task015","1","2D Image","Character Art","Enemy Portrait","Season 1 - Arc 2","P2","N/A","None","Planned","No","0","","","","","Assets/_Game/Art/UI/Portraits/Enemies/Undead","Planned destination; existence not asserted"
"portrait_enemy_skeleton_archer_001","Bestiário — Arqueiro Esqueleto","Bestiary — Skeleton Archer","Task015","IdleMedievalLegends_Task015_AssetCatalog/Examples/ASSET_MASTER_CATALOG.csv","Task015","1","2D Image","Character Art","Enemy Portrait","Season 1 - Arc 2","P2","N/A","None","Planned","No","0","","","","","Assets/_Game/Art/UI/Portraits/Enemies/Undead","Planned destination; existence not asserted"
"portrait_enemy_skeleton_soldier_001","Bestiário — Soldado Esqueleto","Bestiary — Skeleton Soldier","Task015","IdleMedievalLegends_Task015_AssetCatalog/Examples/ASSET_MASTER_CATALOG.csv","Task015","1","2D Image","Character Art","Enemy Portrait","Season 1 - Arc 2","P2","N/A","None","Planned","No","0","","","","","Assets/_Game/Art/UI/Portraits/Enemies/Undead","Planned destination; existence not asserted"
"portrait_enemy_succubus_enchantress_001","Bestiário — Encantadora Súcubo","Bestiary — Succubus Enchantress","Task015","IdleMedievalLegends_Task015_AssetCatalog/Examples/ASSET_MASTER_CATALOG.csv","Task015","1","2D Image","Character Art","Enemy Portrait","Season 1 - Arc 3","P2","N/A","None","Planned","No","0","","","","","Assets/_Game/Art/UI/Portraits/Enemies/Demon","Planned destination; existence not asserted"
"portrait_hero_archer_001","Retrato — Arqueira","Portrait — Archer","Task015","IdleMedievalLegends_Task015_AssetCatalog/Examples/ASSET_MASTER_CATALOG.csv","Task015","1","2D Image","Character Art","Hero Portrait","Vertical Slice","P0","N/A","None","Planned","No","0","","","","","Assets/_Game/Art/UI/Portraits/Heroes/Archer","Planned destination; existence not asserted"
"portrait_hero_mage_001","Retrato — Mago","Portrait — Mage","Task015","IdleMedievalLegends_Task015_AssetCatalog/Examples/ASSET_MASTER_CATALOG.csv","Task015","1","2D Image","Character Art","Hero Portrait","Vertical Slice","P0","N/A","None","Planned","No","0","","","","","Assets/_Game/Art/UI/Portraits/Heroes/Mage","Planned destination; existence not asserted"
"portrait_hero_paladin_001","Retrato — Paladino","Portrait — Paladin","Task015","IdleMedievalLegends_Task015_AssetCatalog/Examples/ASSET_MASTER_CATALOG.csv","Task015","1","2D Image","Character Art","Hero Portrait","Vertical Slice","P0","N/A","None","Planned","No","0","","","","","Assets/_Game/Art/UI/Portraits/Heroes/Paladin","Planned destination; existence not asserted"
"prop_demon_lord_crown_001","Coroa do Lorde Demônio","Demon Lord Crown","Task015","IdleMedievalLegends_Task015_AssetCatalog/Examples/ASSET_MASTER_CATALOG.csv","Task015","1","3D Model","Character Prop","crown","Season 1","P1","N/A","Image to 3D","Planned","No","0","","","","","Assets/_Game/Art/Equipment/CharacterProps/Demon","Planned destination; existence not asserted"
"prop_goblin_king_crown_001","Coroa do Rei Goblin","Goblin King Crown","Task015","IdleMedievalLegends_Task015_AssetCatalog/Examples/ASSET_MASTER_CATALOG.csv","Task015","1","3D Model","Character Prop","crown","MVP","P1","N/A","Image to 3D","Planned","No","0","","","","","Assets/_Game/Art/Equipment/CharacterProps/Goblin","Planned destination; existence not asserted"
"prop_goblin_trap_satchel_001","Bolsa de Armadilhas Goblin","Goblin Trap Satchel","Task015","IdleMedievalLegends_Task015_AssetCatalog/Examples/ASSET_MASTER_CATALOG.csv","Task015","1","3D Model","Character Prop","satchel","MVP","P1","N/A","Image to 3D","Planned","No","0","","","","","Assets/_Game/Art/Equipment/CharacterProps/Goblin","Planned destination; existence not asserted"
"prop_imp_pyromancer_focus_001","Foco Piromântico","Imp Pyromancer Focus","Task015","IdleMedievalLegends_Task015_AssetCatalog/Examples/ASSET_MASTER_CATALOG.csv","Task015","1","3D Model","Character Prop","magic focus","Season 1","P1","N/A","Image to 3D","Planned","No","0","","","","","Assets/_Game/Art/Equipment/CharacterProps/Demon","Planned destination; existence not asserted"
"prop_lich_phylactery_001","Filactério do Lich","Lich Phylactery","Task015","IdleMedievalLegends_Task015_AssetCatalog/Examples/ASSET_MASTER_CATALOG.csv","Task015","1","3D Model","Character Prop","relic","Season 1","P1","N/A","Image to 3D","Planned","No","0","","","","","Assets/_Game/Art/Equipment/CharacterProps/Undead","Planned destination; existence not asserted"
"prop_succubus_enchantress_focus_001","Foco da Encantadora Súcubo","Succubus Enchantress Focus","Task015","IdleMedievalLegends_Task015_AssetCatalog/Examples/ASSET_MASTER_CATALOG.csv","Task015","1","3D Model","Character Prop","magic focus","Season 1","P2","N/A","Image to 3D","Planned","No","0","","","","","Assets/_Game/Art/Equipment/CharacterProps/Demon","Planned destination; existence not asserted"
"resource_arcane_raw_t01_001","Cristal de Essência Tênue","Faint Essence Crystal","Task015","IdleMedievalLegends_Task015_AssetCatalog/Examples/ASSET_MASTER_CATALOG.csv","Task015","1","3D Model","Resource","Arcane Crystal","Vertical Slice","P0","T1","Text to 3D","Planned","No","0","","","","","Assets/_Game/Art/Resources/T1/ArcaneCrystal","Planned destination; existence not asserted"
"resource_arcane_raw_t02_001","Cristal Arcano Menor","Lesser Arcane Crystal","Task015","IdleMedievalLegends_Task015_AssetCatalog/Examples/ASSET_MASTER_CATALOG.csv","Task015","1","3D Model","Resource","Arcane Crystal","MVP","P1","T2","Text to 3D","Planned","No","0","","","","","Assets/_Game/Art/Resources/T2/ArcaneCrystal","Planned destination; existence not asserted"
"resource_arcane_raw_t03_001","Cristal Rúnico","Runic Crystal","Task015","IdleMedievalLegends_Task015_AssetCatalog/Examples/ASSET_MASTER_CATALOG.csv","Task015","1","3D Model","Resource","Arcane Crystal","MVP","P1","T3","Text to 3D","Planned","No","0","","","","","Assets/_Game/Art/Resources/T3/ArcaneCrystal","Planned destination; existence not asserted"
"resource_arcane_raw_t04_001","Cristal Espiritual","Spirit Crystal","Task015","IdleMedievalLegends_Task015_AssetCatalog/Examples/ASSET_MASTER_CATALOG.csv","Task015","1","3D Model","Resource","Arcane Crystal","Season 1","P2","T4","Text to 3D","Planned","No","0","","","","","Assets/_Game/Art/Resources/T4/ArcaneCrystal","Planned destination; existence not asserted"
"resource_arcane_raw_t05_001","Cristal de Essência Maior","Greater Essence Crystal","Task015","IdleMedievalLegends_Task015_AssetCatalog/Examples/ASSET_MASTER_CATALOG.csv","Task015","1","3D Model","Resource","Arcane Crystal","Season 1","P2","T5","Text to 3D","Planned","No","0","","","","","Assets/_Game/Art/Resources/T5/ArcaneCrystal","Planned destination; existence not asserted"
"resource_arcane_raw_t06_001","Cristal de Fênix","Phoenix Crystal","Task015","IdleMedievalLegends_Task015_AssetCatalog/Examples/ASSET_MASTER_CATALOG.csv","Task015","1","3D Model","Resource","Arcane Crystal","Season 1","P2","T6","Text to 3D","Planned","No","0","","","","","Assets/_Game/Art/Resources/T6/ArcaneCrystal","Planned destination; existence not asserted"
"resource_arcane_raw_t07_001","Cristal Astral","Astral Crystal","Task015","IdleMedievalLegends_Task015_AssetCatalog/Examples/ASSET_MASTER_CATALOG.csv","Task015","1","3D Model","Resource","Arcane Crystal","Season 1","P2","T7","Text to 3D","Planned","No","0","","","","","Assets/_Game/Art/Resources/T7/ArcaneCrystal","Planned destination; existence not asserted"
"resource_arcane_raw_t08_001","Cristal Celestial","Celestial Crystal","Task015","IdleMedievalLegends_Task015_AssetCatalog/Examples/ASSET_MASTER_CATALOG.csv","Task015","1","3D Model","Resource","Arcane Crystal","Post-MVP","P3","T8","Text to 3D","Planned","No","0","","","","","Assets/_Game/Art/Resources/T8/ArcaneCrystal","Planned destination; existence not asserted"
"resource_arcane_raw_t09_001","Coração da Criação","Heart of Creation","Task015","IdleMedievalLegends_Task015_AssetCatalog/Examples/ASSET_MASTER_CATALOG.csv","Task015","1","3D Model","Resource","Arcane Crystal","Post-MVP","P3","T9","Text to 3D","Planned","No","0","","","","","Assets/_Game/Art/Resources/T9/ArcaneCrystal","Planned destination; existence not asserted"
"resource_arcane_refined_t01_001","Núcleo Rúnico Menor","Minor Rune Core","Task015","IdleMedievalLegends_Task015_AssetCatalog/Examples/ASSET_MASTER_CATALOG.csv","Task015","1","3D Model","Resource","Rune Core","Vertical Slice","P0","T1","Text to 3D","Planned","No","0","","","","","Assets/_Game/Art/Resources/T1/RuneCore","Planned destination; existence not asserted"
"resource_arcane_refined_t02_001","Núcleo Arcano Menor","Lesser Arcane Core","Task015","IdleMedievalLegends_Task015_AssetCatalog/Examples/ASSET_MASTER_CATALOG.csv","Task015","1","3D Model","Resource","Rune Core","MVP","P1","T2","Text to 3D","Planned","No","0","","","","","Assets/_Game/Art/Resources/T2/RuneCore","Planned destination; existence not asserted"
"resource_arcane_refined_t03_001","Núcleo Rúnico","Runic Core","Task015","IdleMedievalLegends_Task015_AssetCatalog/Examples/ASSET_MASTER_CATALOG.csv","Task015","1","3D Model","Resource","Rune Core","MVP","P1","T3","Text to 3D","Planned","No","0","","","","","Assets/_Game/Art/Resources/T3/RuneCore","Planned destination; existence not asserted"
"resource_arcane_refined_t04_001","Núcleo Espiritual","Spirit Core","Task015","IdleMedievalLegends_Task015_AssetCatalog/Examples/ASSET_MASTER_CATALOG.csv","Task015","1","3D Model","Resource","Rune Core","Season 1","P2","T4","Text to 3D","Planned","No","0","","","","","Assets/_Game/Art/Resources/T4/RuneCore","Planned destination; existence not asserted"
"resource_arcane_refined_t05_001","Núcleo de Essência Maior","Greater Essence Core","Task015","IdleMedievalLegends_Task015_AssetCatalog/Examples/ASSET_MASTER_CATALOG.csv","Task015","1","3D Model","Resource","Rune Core","Season 1","P2","T5","Text to 3D","Planned","No","0","","","","","Assets/_Game/Art/Resources/T5/RuneCore","Planned destination; existence not asserted"
"resource_arcane_refined_t06_001","Núcleo Dracônico","Dragon Core","Task015","IdleMedievalLegends_Task015_AssetCatalog/Examples/ASSET_MASTER_CATALOG.csv","Task015","1","3D Model","Resource","Rune Core","Season 1","P2","T6","Text to 3D","Planned","No","0","","","","","Assets/_Game/Art/Resources/T6/RuneCore","Planned destination; existence not asserted"
"resource_arcane_refined_t07_001","Núcleo do Vazio","Void Core","Task015","IdleMedievalLegends_Task015_AssetCatalog/Examples/ASSET_MASTER_CATALOG.csv","Task015","1","3D Model","Resource","Rune Core","Season 1","P2","T7","Text to 3D","Planned","No","0","","","","","Assets/_Game/Art/Resources/T7/RuneCore","Planned destination; existence not asserted"
"resource_arcane_refined_t08_001","Núcleo Serafim","Seraph Core","Task015","IdleMedievalLegends_Task015_AssetCatalog/Examples/ASSET_MASTER_CATALOG.csv","Task015","1","3D Model","Resource","Rune Core","Post-MVP","P3","T8","Text to 3D","Planned","No","0","","","","","Assets/_Game/Art/Resources/T8/RuneCore","Planned destination; existence not asserted"
"resource_arcane_refined_t09_001","Núcleo Rúnico Divino","Divine Rune Core","Task015","IdleMedievalLegends_Task015_AssetCatalog/Examples/ASSET_MASTER_CATALOG.csv","Task015","1","3D Model","Resource","Rune Core","Post-MVP","P3","T9","Text to 3D","Planned","No","0","","","","","Assets/_Game/Art/Resources/T9/RuneCore","Planned destination; existence not asserted"
"resource_blueprint_scroll_001","Diagrama em Pergaminho","Blueprint Scroll","Task015","IdleMedievalLegends_Task015_AssetCatalog/Examples/ASSET_MASTER_CATALOG.csv","Task015","1","3D Model","Loot","Crafting","Vertical Slice","P0","N/A","Text to 3D","Planned","No","0","","","","","Assets/_Game/Art/Props/Loot/Core","Planned destination; existence not asserted"
"resource_energy_flask_001","Frasco de Energia","Energy Flask","Task015","IdleMedievalLegends_Task015_AssetCatalog/Examples/ASSET_MASTER_CATALOG.csv","Task015","1","3D Model","Loot","Currency","Vertical Slice","P0","N/A","Text to 3D","Planned","No","0","","","","","Assets/_Game/Art/Props/Loot/Core","Planned destination; existence not asserted"
"resource_fiber_raw_t01_001","Fibra de Linho","Flax Fiber","Task015","IdleMedievalLegends_Task015_AssetCatalog/Examples/ASSET_MASTER_CATALOG.csv","Task015","1","3D Model","Resource","Fiber","Vertical Slice","P0","T1","Text to 3D","Planned","No","0","","","","","Assets/_Game/Art/Resources/T1/Fiber","Planned destination; existence not asserted"
"resource_fiber_raw_t02_001","Feixe de Lã","Wool Bundle","Task015","IdleMedievalLegends_Task015_AssetCatalog/Examples/ASSET_MASTER_CATALOG.csv","Task015","1","3D Model","Resource","Fiber","MVP","P1","T2","Text to 3D","Planned","No","0","","","","","Assets/_Game/Art/Resources/T2/Fiber","Planned destination; existence not asserted"
"resource_fiber_raw_t03_001","Fibra Rúnica","Runic Fiber","Task015","IdleMedievalLegends_Task015_AssetCatalog/Examples/ASSET_MASTER_CATALOG.csv","Task015","1","3D Model","Resource","Fiber","MVP","P1","T3","Text to 3D","Planned","No","0","","","","","Assets/_Game/Art/Resources/T3/Fiber","Planned destination; existence not asserted"
"resource_fiber_raw_t04_001","Fibra de Seda Élfica","Elven Silk Fiber","Task015","IdleMedievalLegends_Task015_AssetCatalog/Examples/ASSET_MASTER_CATALOG.csv","Task015","1","3D Model","Resource","Fiber","Season 1","P2","T4","Text to 3D","Planned","No","0","","","","","Assets/_Game/Art/Resources/T4/Fiber","Planned destination; existence not asserted"
"resource_fiber_raw_t05_001","Fibra Ancestral","Ancient Fiber","Task015","IdleMedievalLegends_Task015_AssetCatalog/Examples/ASSET_MASTER_CATALOG.csv","Task015","1","3D Model","Resource","Fiber","Season 1","P2","T5","Text to 3D","Planned","No","0","","","","","Assets/_Game/Art/Resources/T5/Fiber","Planned destination; existence not asserted"
"resource_fiber_raw_t06_001","Fibra de Fênix","Phoenix Fiber","Task015","IdleMedievalLegends_Task015_AssetCatalog/Examples/ASSET_MASTER_CATALOG.csv","Task015","1","3D Model","Resource","Fiber","Season 1","P2","T6","Text to 3D","Planned","No","0","","","","","Assets/_Game/Art/Resources/T6/Fiber","Planned destination; existence not asserted"
"resource_fiber_raw_t07_001","Fibra Astral","Astral Fiber","Task015","IdleMedievalLegends_Task015_AssetCatalog/Examples/ASSET_MASTER_CATALOG.csv","Task015","1","3D Model","Resource","Fiber","Season 1","P2","T7","Text to 3D","Planned","No","0","","","","","Assets/_Game/Art/Resources/T7/Fiber","Planned destination; existence not asserted"
"resource_fiber_raw_t08_001","Fibra Serafim","Seraph Fiber","Task015","IdleMedievalLegends_Task015_AssetCatalog/Examples/ASSET_MASTER_CATALOG.csv","Task015","1","3D Model","Resource","Fiber","Post-MVP","P3","T8","Text to 3D","Planned","No","0","","","","","Assets/_Game/Art/Resources/T8/Fiber","Planned destination; existence not asserted"
"resource_fiber_raw_t09_001","Fibra do Destino","Fate Fiber","Task015","IdleMedievalLegends_Task015_AssetCatalog/Examples/ASSET_MASTER_CATALOG.csv","Task015","1","3D Model","Resource","Fiber","Post-MVP","P3","T9","Text to 3D","Planned","No","0","","","","","Assets/_Game/Art/Resources/T9/Fiber","Planned destination; existence not asserted"
"resource_fiber_refined_t01_001","Rolo de Linho","Linen Roll","Task015","IdleMedievalLegends_Task015_AssetCatalog/Examples/ASSET_MASTER_CATALOG.csv","Task015","1","3D Model","Resource","Textile","Vertical Slice","P0","T1","Text to 3D","Planned","No","0","","","","","Assets/_Game/Art/Resources/T1/Textile","Planned destination; existence not asserted"
"resource_fiber_refined_t02_001","Rolo de Lã","Wool Roll","Task015","IdleMedievalLegends_Task015_AssetCatalog/Examples/ASSET_MASTER_CATALOG.csv","Task015","1","3D Model","Resource","Textile","MVP","P1","T2","Text to 3D","Planned","No","0","","","","","Assets/_Game/Art/Resources/T2/Textile","Planned destination; existence not asserted"
"resource_fiber_refined_t03_001","Tecido Rúnico","Runic Cloth","Task015","IdleMedievalLegends_Task015_AssetCatalog/Examples/ASSET_MASTER_CATALOG.csv","Task015","1","3D Model","Resource","Textile","MVP","P1","T3","Text to 3D","Planned","No","0","","","","","Assets/_Game/Art/Resources/T3/Textile","Planned destination; existence not asserted"
"resource_fiber_refined_t04_001","Seda Élfica","Elven Silk Roll","Task015","IdleMedievalLegends_Task015_AssetCatalog/Examples/ASSET_MASTER_CATALOG.csv","Task015","1","3D Model","Resource","Textile","Season 1","P2","T4","Text to 3D","Planned","No","0","","","","","Assets/_Game/Art/Resources/T4/Textile","Planned destination; existence not asserted"
"resource_fiber_refined_t05_001","Tecido Ancestral","Ancient Cloth","Task015","IdleMedievalLegends_Task015_AssetCatalog/Examples/ASSET_MASTER_CATALOG.csv","Task015","1","3D Model","Resource","Textile","Season 1","P2","T5","Text to 3D","Planned","No","0","","","","","Assets/_Game/Art/Resources/T5/Textile","Planned destination; existence not asserted"
"resource_fiber_refined_t06_001","Trama de Fênix","Phoenix Weave","Task015","IdleMedievalLegends_Task015_AssetCatalog/Examples/ASSET_MASTER_CATALOG.csv","Task015","1","3D Model","Resource","Textile","Season 1","P2","T6","Text to 3D","Planned","No","0","","","","","Assets/_Game/Art/Resources/T6/Textile","Planned destination; existence not asserted"
"resource_fiber_refined_t07_001","Seda Astral","Astral Silk","Task015","IdleMedievalLegends_Task015_AssetCatalog/Examples/ASSET_MASTER_CATALOG.csv","Task015","1","3D Model","Resource","Textile","Season 1","P2","T7","Text to 3D","Planned","No","0","","","","","Assets/_Game/Art/Resources/T7/Textile","Planned destination; existence not asserted"
"resource_fiber_refined_t08_001","Trama Serafim","Seraph Weave","Task015","IdleMedievalLegends_Task015_AssetCatalog/Examples/ASSET_MASTER_CATALOG.csv","Task015","1","3D Model","Resource","Textile","Post-MVP","P3","T8","Text to 3D","Planned","No","0","","","","","Assets/_Game/Art/Resources/T8/Textile","Planned destination; existence not asserted"
"resource_fiber_refined_t09_001","Trama do Destino","Fate Weave","Task015","IdleMedievalLegends_Task015_AssetCatalog/Examples/ASSET_MASTER_CATALOG.csv","Task015","1","3D Model","Resource","Textile","Post-MVP","P3","T9","Text to 3D","Planned","No","0","","","","","Assets/_Game/Art/Resources/T9/Textile","Planned destination; existence not asserted"
"resource_herb_raw_t01_001","Ervas do Prado","Meadow Herbs","Task015","IdleMedievalLegends_Task015_AssetCatalog/Examples/ASSET_MASTER_CATALOG.csv","Task015","1","3D Model","Resource","Herb","Vertical Slice","P0","T1","Text to 3D","Planned","No","0","","","","","Assets/_Game/Art/Resources/T1/Herb","Planned destination; existence not asserted"
"resource_herb_raw_t02_001","Ervas da Floresta","Forest Herbs","Task015","IdleMedievalLegends_Task015_AssetCatalog/Examples/ASSET_MASTER_CATALOG.csv","Task015","1","3D Model","Resource","Herb","MVP","P1","T2","Text to 3D","Planned","No","0","","","","","Assets/_Game/Art/Resources/T2/Herb","Planned destination; existence not asserted"
"resource_herb_raw_t03_001","Flor Rubra","Crimson Bloom","Task015","IdleMedievalLegends_Task015_AssetCatalog/Examples/ASSET_MASTER_CATALOG.csv","Task015","1","3D Model","Resource","Herb","MVP","P1","T3","Text to 3D","Planned","No","0","","","","","Assets/_Game/Art/Resources/T3/Herb","Planned destination; existence not asserted"
"resource_herb_raw_t04_001","Folha Lunar","Moonleaf","Task015","IdleMedievalLegends_Task015_AssetCatalog/Examples/ASSET_MASTER_CATALOG.csv","Task015","1","3D Model","Resource","Herb","Season 1","P2","T4","Text to 3D","Planned","No","0","","","","","Assets/_Game/Art/Resources/T4/Herb","Planned destination; existence not asserted"
"resource_herb_raw_t05_001","Raiz de Dragão","Dragonroot","Task015","IdleMedievalLegends_Task015_AssetCatalog/Examples/ASSET_MASTER_CATALOG.csv","Task015","1","3D Model","Resource","Herb","Season 1","P2","T5","Text to 3D","Planned","No","0","","","","","Assets/_Game/Art/Resources/T5/Herb","Planned destination; existence not asserted"
"resource_herb_raw_t06_001","Flor de Fênix","Phoenix Bloom","Task015","IdleMedievalLegends_Task015_AssetCatalog/Examples/ASSET_MASTER_CATALOG.csv","Task015","1","3D Model","Resource","Herb","Season 1","P2","T6","Text to 3D","Planned","No","0","","","","","Assets/_Game/Art/Resources/T6/Herb","Planned destination; existence not asserted"
"resource_herb_raw_t07_001","Folha Estelar","Starleaf","Task015","IdleMedievalLegends_Task015_AssetCatalog/Examples/ASSET_MASTER_CATALOG.csv","Task015","1","3D Model","Resource","Herb","Season 1","P2","T7","Text to 3D","Planned","No","0","","","","","Assets/_Game/Art/Resources/T7/Herb","Planned destination; existence not asserted"
"resource_herb_raw_t08_001","Raiz-Mundo","Worldroot","Task015","IdleMedievalLegends_Task015_AssetCatalog/Examples/ASSET_MASTER_CATALOG.csv","Task015","1","3D Model","Resource","Herb","Post-MVP","P3","T8","Text to 3D","Planned","No","0","","","","","Assets/_Game/Art/Resources/T8/Herb","Planned destination; existence not asserted"
"resource_herb_raw_t09_001","Ambrosia","Ambrosia Herb","Task015","IdleMedievalLegends_Task015_AssetCatalog/Examples/ASSET_MASTER_CATALOG.csv","Task015","1","3D Model","Resource","Herb","Post-MVP","P3","T9","Text to 3D","Planned","No","0","","","","","Assets/_Game/Art/Resources/T9/Herb","Planned destination; existence not asserted"
"resource_herb_refined_t01_001","Extrato Menor","Minor Extract","Task015","IdleMedievalLegends_Task015_AssetCatalog/Examples/ASSET_MASTER_CATALOG.csv","Task015","1","3D Model","Resource","Extract","Vertical Slice","P0","T1","Text to 3D","Planned","No","0","","","","","Assets/_Game/Art/Resources/T1/Extract","Planned destination; existence not asserted"
"resource_herb_refined_t02_001","Extrato Refinado","Refined Extract","Task015","IdleMedievalLegends_Task015_AssetCatalog/Examples/ASSET_MASTER_CATALOG.csv","Task015","1","3D Model","Resource","Extract","MVP","P1","T2","Text to 3D","Planned","No","0","","","","","Assets/_Game/Art/Resources/T2/Extract","Planned destination; existence not asserted"
"resource_herb_refined_t03_001","Extrato Rubro","Crimson Extract","Task015","IdleMedievalLegends_Task015_AssetCatalog/Examples/ASSET_MASTER_CATALOG.csv","Task015","1","3D Model","Resource","Extract","MVP","P1","T3","Text to 3D","Planned","No","0","","","","","Assets/_Game/Art/Resources/T3/Extract","Planned destination; existence not asserted"
"resource_herb_refined_t04_001","Solvente Espiritual","Spirit Solvent","Task015","IdleMedievalLegends_Task015_AssetCatalog/Examples/ASSET_MASTER_CATALOG.csv","Task015","1","3D Model","Resource","Extract","Season 1","P2","T4","Text to 3D","Planned","No","0","","","","","Assets/_Game/Art/Resources/T4/Extract","Planned destination; existence not asserted"
"resource_herb_refined_t05_001","Extrato Maior","Greater Extract","Task015","IdleMedievalLegends_Task015_AssetCatalog/Examples/ASSET_MASTER_CATALOG.csv","Task015","1","3D Model","Resource","Extract","Season 1","P2","T5","Text to 3D","Planned","No","0","","","","","Assets/_Game/Art/Resources/T5/Extract","Planned destination; existence not asserted"
"resource_herb_refined_t06_001","Óleo de Têmpera Dracônico","Dragon Tempering Oil","Task015","IdleMedievalLegends_Task015_AssetCatalog/Examples/ASSET_MASTER_CATALOG.csv","Task015","1","3D Model","Resource","Extract","Season 1","P2","T6","Text to 3D","Planned","No","0","","","","","Assets/_Game/Art/Resources/T6/Extract","Planned destination; existence not asserted"
"resource_herb_refined_t07_001","Extrato Astral","Astral Extract","Task015","IdleMedievalLegends_Task015_AssetCatalog/Examples/ASSET_MASTER_CATALOG.csv","Task015","1","3D Model","Resource","Extract","Season 1","P2","T7","Text to 3D","Planned","No","0","","","","","Assets/_Game/Art/Resources/T7/Extract","Planned destination; existence not asserted"
"resource_herb_refined_t08_001","Extrato Celestial","Celestial Extract","Task015","IdleMedievalLegends_Task015_AssetCatalog/Examples/ASSET_MASTER_CATALOG.csv","Task015","1","3D Model","Resource","Extract","Post-MVP","P3","T8","Text to 3D","Planned","No","0","","","","","Assets/_Game/Art/Resources/T8/Extract","Planned destination; existence not asserted"
"resource_herb_refined_t09_001","Extrato Divino","Divine Extract","Task015","IdleMedievalLegends_Task015_AssetCatalog/Examples/ASSET_MASTER_CATALOG.csv","Task015","1","3D Model","Resource","Extract","Post-MVP","P3","T9","Text to 3D","Planned","No","0","","","","","Assets/_Game/Art/Resources/T9/Extract","Planned destination; existence not asserted"
"resource_hero_fragment_001","Fragmento de Herói","Hero Fragment","Task015","IdleMedievalLegends_Task015_AssetCatalog/Examples/ASSET_MASTER_CATALOG.csv","Task015","1","3D Model","Loot","Gacha","Vertical Slice","P0","N/A","Text to 3D","Planned","No","0","","","","","Assets/_Game/Art/Props/Loot/Core","Planned destination; existence not asserted"
"resource_hide_raw_t01_001","Couro Cru","Raw Hide","Task015","IdleMedievalLegends_Task015_AssetCatalog/Examples/ASSET_MASTER_CATALOG.csv","Task015","1","3D Model","Resource","Hide","Vertical Slice","P0","T1","Text to 3D","Planned","No","0","","","","","Assets/_Game/Art/Resources/T1/Hide","Planned destination; existence not asserted"
"resource_hide_raw_t02_001","Pele da Floresta","Forest Hide","Task015","IdleMedievalLegends_Task015_AssetCatalog/Examples/ASSET_MASTER_CATALOG.csv","Task015","1","3D Model","Resource","Hide","MVP","P1","T2","Text to 3D","Planned","No","0","","","","","Assets/_Game/Art/Resources/T2/Hide","Planned destination; existence not asserted"
"resource_hide_raw_t03_001","Pele Endurecida","Hardened Hide","Task015","IdleMedievalLegends_Task015_AssetCatalog/Examples/ASSET_MASTER_CATALOG.csv","Task015","1","3D Model","Resource","Hide","MVP","P1","T3","Text to 3D","Planned","No","0","","","","","Assets/_Game/Art/Resources/T3/Hide","Planned destination; existence not asserted"
"resource_hide_raw_t04_001","Pele Lunar","Moonhide","Task015","IdleMedievalLegends_Task015_AssetCatalog/Examples/ASSET_MASTER_CATALOG.csv","Task015","1","3D Model","Resource","Hide","Season 1","P2","T4","Text to 3D","Planned","No","0","","","","","Assets/_Game/Art/Resources/T4/Hide","Planned destination; existence not asserted"
"resource_hide_raw_t05_001","Pele Ancestral","Ancient Hide","Task015","IdleMedievalLegends_Task015_AssetCatalog/Examples/ASSET_MASTER_CATALOG.csv","Task015","1","3D Model","Resource","Hide","Season 1","P2","T5","Text to 3D","Planned","No","0","","","","","Assets/_Game/Art/Resources/T5/Hide","Planned destination; existence not asserted"
"resource_hide_raw_t06_001","Pele Dracônica","Dragon Hide","Task015","IdleMedievalLegends_Task015_AssetCatalog/Examples/ASSET_MASTER_CATALOG.csv","Task015","1","3D Model","Resource","Hide","Season 1","P2","T6","Text to 3D","Planned","No","0","","","","","Assets/_Game/Art/Resources/T6/Hide","Planned destination; existence not asserted"
"resource_hide_raw_t07_001","Pele do Vazio","Void Hide","Task015","IdleMedievalLegends_Task015_AssetCatalog/Examples/ASSET_MASTER_CATALOG.csv","Task015","1","3D Model","Resource","Hide","Season 1","P2","T7","Text to 3D","Planned","No","0","","","","","Assets/_Game/Art/Resources/T7/Hide","Planned destination; existence not asserted"
"resource_hide_raw_t08_001","Pele Celestial","Celestial Hide","Task015","IdleMedievalLegends_Task015_AssetCatalog/Examples/ASSET_MASTER_CATALOG.csv","Task015","1","3D Model","Resource","Hide","Post-MVP","P3","T8","Text to 3D","Planned","No","0","","","","","Assets/_Game/Art/Resources/T8/Hide","Planned destination; existence not asserted"
"resource_hide_raw_t09_001","Pele da Criação","Creation Hide","Task015","IdleMedievalLegends_Task015_AssetCatalog/Examples/ASSET_MASTER_CATALOG.csv","Task015","1","3D Model","Resource","Hide","Post-MVP","P3","T9","Text to 3D","Planned","No","0","","","","","Assets/_Game/Art/Resources/T9/Hide","Planned destination; existence not asserted"
"resource_hide_refined_t01_001","Couro Curtido","Cured Leather","Task015","IdleMedievalLegends_Task015_AssetCatalog/Examples/ASSET_MASTER_CATALOG.csv","Task015","1","3D Model","Resource","Leather","Vertical Slice","P0","T1","Text to 3D","Planned","No","0","","","","","Assets/_Game/Art/Resources/T1/Leather","Planned destination; existence not asserted"
"resource_hide_refined_t02_001","Couro Reforçado","Reinforced Leather","Task015","IdleMedievalLegends_Task015_AssetCatalog/Examples/ASSET_MASTER_CATALOG.csv","Task015","1","3D Model","Resource","Leather","MVP","P1","T2","Text to 3D","Planned","No","0","","","","","Assets/_Game/Art/Resources/T2/Leather","Planned destination; existence not asserted"
"resource_hide_refined_t03_001","Couro Rúnico","Runic Leather","Task015","IdleMedievalLegends_Task015_AssetCatalog/Examples/ASSET_MASTER_CATALOG.csv","Task015","1","3D Model","Resource","Leather","MVP","P1","T3","Text to 3D","Planned","No","0","","","","","Assets/_Game/Art/Resources/T3/Leather","Planned destination; existence not asserted"
"resource_hide_refined_t04_001","Couro Lunar","Moon-Treated Leather","Task015","IdleMedievalLegends_Task015_AssetCatalog/Examples/ASSET_MASTER_CATALOG.csv","Task015","1","3D Model","Resource","Leather","Season 1","P2","T4","Text to 3D","Planned","No","0","","","","","Assets/_Game/Art/Resources/T4/Leather","Planned destination; existence not asserted"
"resource_hide_refined_t05_001","Couro Ancestral","Ancient Leather","Task015","IdleMedievalLegends_Task015_AssetCatalog/Examples/ASSET_MASTER_CATALOG.csv","Task015","1","3D Model","Resource","Leather","Season 1","P2","T5","Text to 3D","Planned","No","0","","","","","Assets/_Game/Art/Resources/T5/Leather","Planned destination; existence not asserted"
"resource_hide_refined_t06_001","Couro Dracônico","Dragon Leather","Task015","IdleMedievalLegends_Task015_AssetCatalog/Examples/ASSET_MASTER_CATALOG.csv","Task015","1","3D Model","Resource","Leather","Season 1","P2","T6","Text to 3D","Planned","No","0","","","","","Assets/_Game/Art/Resources/T6/Leather","Planned destination; existence not asserted"
"resource_hide_refined_t07_001","Couro do Vazio","Void Leather","Task015","IdleMedievalLegends_Task015_AssetCatalog/Examples/ASSET_MASTER_CATALOG.csv","Task015","1","3D Model","Resource","Leather","Season 1","P2","T7","Text to 3D","Planned","No","0","","","","","Assets/_Game/Art/Resources/T7/Leather","Planned destination; existence not asserted"
"resource_hide_refined_t08_001","Couro Celestial","Celestial Leather","Task015","IdleMedievalLegends_Task015_AssetCatalog/Examples/ASSET_MASTER_CATALOG.csv","Task015","1","3D Model","Resource","Leather","Post-MVP","P3","T8","Text to 3D","Planned","No","0","","","","","Assets/_Game/Art/Resources/T8/Leather","Planned destination; existence not asserted"
"resource_hide_refined_t09_001","Couro da Criação","Creation Leather","Task015","IdleMedievalLegends_Task015_AssetCatalog/Examples/ASSET_MASTER_CATALOG.csv","Task015","1","3D Model","Resource","Leather","Post-MVP","P3","T9","Text to 3D","Planned","No","0","","","","","Assets/_Game/Art/Resources/T9/Leather","Planned destination; existence not asserted"
"resource_metal_raw_t01_001","Minério de Ferro","Iron Ore","Task015","IdleMedievalLegends_Task015_AssetCatalog/Examples/ASSET_MASTER_CATALOG.csv","Task015","1","3D Model","Resource","Metal Ore","Vertical Slice","P0","T1","Text to 3D","Planned","No","0","","","","","Assets/_Game/Art/Resources/T1/MetalOre","Planned destination; existence not asserted"
"resource_metal_raw_t02_001","Minério Ferroso e Carvão","Iron and Coal Ore","Task015","IdleMedievalLegends_Task015_AssetCatalog/Examples/ASSET_MASTER_CATALOG.csv","Task015","1","3D Model","Resource","Metal Ore","MVP","P1","T2","Text to 3D","Planned","No","0","","","","","Assets/_Game/Art/Resources/T2/MetalOre","Planned destination; existence not asserted"
"resource_metal_raw_t03_001","Minério de Prataço","Silversteel Ore","Task015","IdleMedievalLegends_Task015_AssetCatalog/Examples/ASSET_MASTER_CATALOG.csv","Task015","1","3D Model","Resource","Metal Ore","MVP","P1","T3","Text to 3D","Planned","No","0","","","","","Assets/_Game/Art/Resources/T3/MetalOre","Planned destination; existence not asserted"
"resource_metal_raw_t04_001","Minério de Mithril","Mithril Ore","Task015","IdleMedievalLegends_Task015_AssetCatalog/Examples/ASSET_MASTER_CATALOG.csv","Task015","1","3D Model","Resource","Metal Ore","Season 1","P2","T4","Text to 3D","Planned","No","0","","","","","Assets/_Game/Art/Resources/T4/MetalOre","Planned destination; existence not asserted"
"resource_metal_raw_t05_001","Minério de Adamantita","Adamantite Ore","Task015","IdleMedievalLegends_Task015_AssetCatalog/Examples/ASSET_MASTER_CATALOG.csv","Task015","1","3D Model","Resource","Metal Ore","Season 1","P2","T5","Text to 3D","Planned","No","0","","","","","Assets/_Game/Art/Resources/T5/MetalOre","Planned destination; existence not asserted"
"resource_metal_raw_t06_001","Minério Dracônico","Dragon Ore","Task015","IdleMedievalLegends_Task015_AssetCatalog/Examples/ASSET_MASTER_CATALOG.csv","Task015","1","3D Model","Resource","Metal Ore","Season 1","P2","T6","Text to 3D","Planned","No","0","","","","","Assets/_Game/Art/Resources/T6/MetalOre","Planned destination; existence not asserted"
"resource_metal_raw_t07_001","Minério de Oricalco","Orichalcum Ore","Task015","IdleMedievalLegends_Task015_AssetCatalog/Examples/ASSET_MASTER_CATALOG.csv","Task015","1","3D Model","Resource","Metal Ore","Season 1","P2","T7","Text to 3D","Planned","No","0","","","","","Assets/_Game/Art/Resources/T7/MetalOre","Planned destination; existence not asserted"
"resource_metal_raw_t08_001","Minério de Etério","Etherium Ore","Task015","IdleMedievalLegends_Task015_AssetCatalog/Examples/ASSET_MASTER_CATALOG.csv","Task015","1","3D Model","Resource","Metal Ore","Post-MVP","P3","T8","Text to 3D","Planned","No","0","","","","","Assets/_Game/Art/Resources/T8/MetalOre","Planned destination; existence not asserted"
"resource_metal_raw_t09_001","Minério Primordial","Primordial Ore","Task015","IdleMedievalLegends_Task015_AssetCatalog/Examples/ASSET_MASTER_CATALOG.csv","Task015","1","3D Model","Resource","Metal Ore","Post-MVP","P3","T9","Text to 3D","Planned","No","0","","","","","Assets/_Game/Art/Resources/T9/MetalOre","Planned destination; existence not asserted"
"resource_metal_refined_t01_001","Lingote de Ferro","Iron Ingot","Task015","IdleMedievalLegends_Task015_AssetCatalog/Examples/ASSET_MASTER_CATALOG.csv","Task015","1","3D Model","Resource","Metal Ingot","Vertical Slice","P0","T1","Text to 3D","Planned","No","0","","","","","Assets/_Game/Art/Resources/T1/MetalIngot","Planned destination; existence not asserted"
"resource_metal_refined_t02_001","Lingote de Aço","Steel Ingot","Task015","IdleMedievalLegends_Task015_AssetCatalog/Examples/ASSET_MASTER_CATALOG.csv","Task015","1","3D Model","Resource","Metal Ingot","MVP","P1","T2","Text to 3D","Planned","No","0","","","","","Assets/_Game/Art/Resources/T2/MetalIngot","Planned destination; existence not asserted"
"resource_metal_refined_t03_001","Lingote de Prataço","Silversteel Ingot","Task015","IdleMedievalLegends_Task015_AssetCatalog/Examples/ASSET_MASTER_CATALOG.csv","Task015","1","3D Model","Resource","Metal Ingot","MVP","P1","T3","Text to 3D","Planned","No","0","","","","","Assets/_Game/Art/Resources/T3/MetalIngot","Planned destination; existence not asserted"
"resource_metal_refined_t04_001","Lingote de Mithril","Mithril Ingot","Task015","IdleMedievalLegends_Task015_AssetCatalog/Examples/ASSET_MASTER_CATALOG.csv","Task015","1","3D Model","Resource","Metal Ingot","Season 1","P2","T4","Text to 3D","Planned","No","0","","","","","Assets/_Game/Art/Resources/T4/MetalIngot","Planned destination; existence not asserted"
"resource_metal_refined_t05_001","Lingote de Adamantita","Adamantite Ingot","Task015","IdleMedievalLegends_Task015_AssetCatalog/Examples/ASSET_MASTER_CATALOG.csv","Task015","1","3D Model","Resource","Metal Ingot","Season 1","P2","T5","Text to 3D","Planned","No","0","","","","","Assets/_Game/Art/Resources/T5/MetalIngot","Planned destination; existence not asserted"
"resource_metal_refined_t06_001","Lingote de Aço Dracônico","Dragonsteel Ingot","Task015","IdleMedievalLegends_Task015_AssetCatalog/Examples/ASSET_MASTER_CATALOG.csv","Task015","1","3D Model","Resource","Metal Ingot","Season 1","P2","T6","Text to 3D","Planned","No","0","","","","","Assets/_Game/Art/Resources/T6/MetalIngot","Planned destination; existence not asserted"
"resource_metal_refined_t07_001","Lingote de Oricalco","Orichalcum Ingot","Task015","IdleMedievalLegends_Task015_AssetCatalog/Examples/ASSET_MASTER_CATALOG.csv","Task015","1","3D Model","Resource","Metal Ingot","Season 1","P2","T7","Text to 3D","Planned","No","0","","","","","Assets/_Game/Art/Resources/T7/MetalIngot","Planned destination; existence not asserted"
"resource_metal_refined_t08_001","Lingote de Etério","Etherium Ingot","Task015","IdleMedievalLegends_Task015_AssetCatalog/Examples/ASSET_MASTER_CATALOG.csv","Task015","1","3D Model","Resource","Metal Ingot","Post-MVP","P3","T8","Text to 3D","Planned","No","0","","","","","Assets/_Game/Art/Resources/T8/MetalIngot","Planned destination; existence not asserted"
"resource_metal_refined_t09_001","Lingote Primordial","Primordial Ingot","Task015","IdleMedievalLegends_Task015_AssetCatalog/Examples/ASSET_MASTER_CATALOG.csv","Task015","1","3D Model","Resource","Metal Ingot","Post-MVP","P3","T9","Text to 3D","Planned","No","0","","","","","Assets/_Game/Art/Resources/T9/MetalIngot","Planned destination; existence not asserted"
"resource_profession_tome_001","Tomo de Profissão","Profession Tome","Task015","IdleMedievalLegends_Task015_AssetCatalog/Examples/ASSET_MASTER_CATALOG.csv","Task015","1","3D Model","Loot","Crafting","Vertical Slice","P1","N/A","Text to 3D","Planned","No","0","","","","","Assets/_Game/Art/Props/Loot/Core","Planned destination; existence not asserted"
"shader_rarity_common_overlay_001","Overlay Comum","Common Rarity Overlay","Task015","IdleMedievalLegends_Task015_AssetCatalog/Examples/ASSET_MASTER_CATALOG.csv","Task015","1","Material/Shader","Material Library","Rarity Overlay","MVP","P1","N/A","Unity Shader Graph/URP","Planned","No","0","","","","","Assets/_Game/Art/Materials/Rarity","Planned destination; existence not asserted"
"shader_rarity_epic_overlay_001","Overlay Épico","Epic Rarity Overlay","Task015","IdleMedievalLegends_Task015_AssetCatalog/Examples/ASSET_MASTER_CATALOG.csv","Task015","1","Material/Shader","Material Library","Rarity Overlay","MVP","P1","N/A","Unity Shader Graph/URP","Planned","No","0","","","","","Assets/_Game/Art/Materials/Rarity","Planned destination; existence not asserted"
"shader_rarity_legendary_overlay_001","Overlay Lendário","Legendary Rarity Overlay","Task015","IdleMedievalLegends_Task015_AssetCatalog/Examples/ASSET_MASTER_CATALOG.csv","Task015","1","Material/Shader","Material Library","Rarity Overlay","MVP","P1","N/A","Unity Shader Graph/URP","Planned","No","0","","","","","Assets/_Game/Art/Materials/Rarity","Planned destination; existence not asserted"
"shader_rarity_mythic_overlay_001","Overlay Mítico","Mythic Rarity Overlay","Task015","IdleMedievalLegends_Task015_AssetCatalog/Examples/ASSET_MASTER_CATALOG.csv","Task015","1","Material/Shader","Material Library","Rarity Overlay","MVP","P1","N/A","Unity Shader Graph/URP","Planned","No","0","","","","","Assets/_Game/Art/Materials/Rarity","Planned destination; existence not asserted"
"shader_rarity_rare_overlay_001","Overlay Raro","Rare Rarity Overlay","Task015","IdleMedievalLegends_Task015_AssetCatalog/Examples/ASSET_MASTER_CATALOG.csv","Task015","1","Material/Shader","Material Library","Rarity Overlay","MVP","P1","N/A","Unity Shader Graph/URP","Planned","No","0","","","","","Assets/_Game/Art/Materials/Rarity","Planned destination; existence not asserted"
"shader_rarity_uncommon_overlay_001","Overlay Incomum","Uncommon Rarity Overlay","Task015","IdleMedievalLegends_Task015_AssetCatalog/Examples/ASSET_MASTER_CATALOG.csv","Task015","1","Material/Shader","Material Library","Rarity Overlay","MVP","P1","N/A","Unity Shader Graph/URP","Planned","No","0","","","","","Assets/_Game/Art/Materials/Rarity","Planned destination; existence not asserted"
"skin_archer_t01_base","Skin Arqueira T1","Archer Skin T1","Task015","IdleMedievalLegends_Task015_AssetCatalog/Examples/ASSET_MASTER_CATALOG.csv","Task015","1","3D Model","Character Skin","Archer","Vertical Slice","P0","T1","Multi-view Image to 3D","Planned","No","0","","","","","Assets/_Game/Art/Characters/Heroes/Archer/Skins/T1","Planned destination; existence not asserted"
"skin_archer_t03_base","Skin Arqueira T3","Archer Skin T3","Task015","IdleMedievalLegends_Task015_AssetCatalog/Examples/ASSET_MASTER_CATALOG.csv","Task015","1","3D Model","Character Skin","Archer","MVP","P1","T3","Multi-view Image to 3D","Planned","No","0","","","","","Assets/_Game/Art/Characters/Heroes/Archer/Skins/T3","Planned destination; existence not asserted"
"skin_archer_t05_base","Skin Arqueira T5","Archer Skin T5","Task015","IdleMedievalLegends_Task015_AssetCatalog/Examples/ASSET_MASTER_CATALOG.csv","Task015","1","3D Model","Character Skin","Archer","Season 1","P2","T5","Multi-view Image to 3D","Planned","No","0","","","","","Assets/_Game/Art/Characters/Heroes/Archer/Skins/T5","Planned destination; existence not asserted"
"skin_archer_t07_base","Skin Arqueira T7","Archer Skin T7","Task015","IdleMedievalLegends_Task015_AssetCatalog/Examples/ASSET_MASTER_CATALOG.csv","Task015","1","3D Model","Character Skin","Archer","Season 1","P2","T7","Multi-view Image to 3D","Planned","No","0","","","","","Assets/_Game/Art/Characters/Heroes/Archer/Skins/T7","Planned destination; existence not asserted"
"skin_archer_t09_base","Skin Arqueira T9","Archer Skin T9","Task015","IdleMedievalLegends_Task015_AssetCatalog/Examples/ASSET_MASTER_CATALOG.csv","Task015","1","3D Model","Character Skin","Archer","Post-MVP","P3","T9","Multi-view Image to 3D","Planned","No","0","","","","","Assets/_Game/Art/Characters/Heroes/Archer/Skins/T9","Planned destination; existence not asserted"
"skin_mage_t01_base","Skin Mago T1","Mage Skin T1","Task015","IdleMedievalLegends_Task015_AssetCatalog/Examples/ASSET_MASTER_CATALOG.csv","Task015","1","3D Model","Character Skin","Mage","Vertical Slice","P0","T1","Multi-view Image to 3D","Planned","No","0","","","","","Assets/_Game/Art/Characters/Heroes/Mage/Skins/T1","Planned destination; existence not asserted"
"skin_mage_t03_base","Skin Mago T3","Mage Skin T3","Task015","IdleMedievalLegends_Task015_AssetCatalog/Examples/ASSET_MASTER_CATALOG.csv","Task015","1","3D Model","Character Skin","Mage","MVP","P1","T3","Multi-view Image to 3D","Planned","No","0","","","","","Assets/_Game/Art/Characters/Heroes/Mage/Skins/T3","Planned destination; existence not asserted"
"skin_mage_t05_base","Skin Mago T5","Mage Skin T5","Task015","IdleMedievalLegends_Task015_AssetCatalog/Examples/ASSET_MASTER_CATALOG.csv","Task015","1","3D Model","Character Skin","Mage","Season 1","P2","T5","Multi-view Image to 3D","Planned","No","0","","","","","Assets/_Game/Art/Characters/Heroes/Mage/Skins/T5","Planned destination; existence not asserted"
"skin_mage_t07_base","Skin Mago T7","Mage Skin T7","Task015","IdleMedievalLegends_Task015_AssetCatalog/Examples/ASSET_MASTER_CATALOG.csv","Task015","1","3D Model","Character Skin","Mage","Season 1","P2","T7","Multi-view Image to 3D","Planned","No","0","","","","","Assets/_Game/Art/Characters/Heroes/Mage/Skins/T7","Planned destination; existence not asserted"
"skin_mage_t09_base","Skin Mago T9","Mage Skin T9","Task015","IdleMedievalLegends_Task015_AssetCatalog/Examples/ASSET_MASTER_CATALOG.csv","Task015","1","3D Model","Character Skin","Mage","Post-MVP","P3","T9","Multi-view Image to 3D","Planned","No","0","","","","","Assets/_Game/Art/Characters/Heroes/Mage/Skins/T9","Planned destination; existence not asserted"
"skin_paladin_t01_base","Skin Paladino T1","Paladin Skin T1","Task015","IdleMedievalLegends_Task015_AssetCatalog/Examples/ASSET_MASTER_CATALOG.csv","Task015","1","3D Model","Character Skin","Paladin","Vertical Slice","P0","T1","Multi-view Image to 3D","Planned","No","0","","","","","Assets/_Game/Art/Characters/Heroes/Paladin/Skins/T1","Planned destination; existence not asserted"
"skin_paladin_t03_base","Skin Paladino T3","Paladin Skin T3","Task015","IdleMedievalLegends_Task015_AssetCatalog/Examples/ASSET_MASTER_CATALOG.csv","Task015","1","3D Model","Character Skin","Paladin","MVP","P1","T3","Multi-view Image to 3D","Planned","No","0","","","","","Assets/_Game/Art/Characters/Heroes/Paladin/Skins/T3","Planned destination; existence not asserted"
"skin_paladin_t05_base","Skin Paladino T5","Paladin Skin T5","Task015","IdleMedievalLegends_Task015_AssetCatalog/Examples/ASSET_MASTER_CATALOG.csv","Task015","1","3D Model","Character Skin","Paladin","Season 1","P2","T5","Multi-view Image to 3D","Planned","No","0","","","","","Assets/_Game/Art/Characters/Heroes/Paladin/Skins/T5","Planned destination; existence not asserted"
"skin_paladin_t07_base","Skin Paladino T7","Paladin Skin T7","Task015","IdleMedievalLegends_Task015_AssetCatalog/Examples/ASSET_MASTER_CATALOG.csv","Task015","1","3D Model","Character Skin","Paladin","Season 1","P2","T7","Multi-view Image to 3D","Planned","No","0","","","","","Assets/_Game/Art/Characters/Heroes/Paladin/Skins/T7","Planned destination; existence not asserted"
"skin_paladin_t09_base","Skin Paladino T9","Paladin Skin T9","Task015","IdleMedievalLegends_Task015_AssetCatalog/Examples/ASSET_MASTER_CATALOG.csv","Task015","1","3D Model","Character Skin","Paladin","Post-MVP","P3","T9","Multi-view Image to 3D","Planned","No","0","","","","","Assets/_Game/Art/Characters/Heroes/Paladin/Skins/T9","Planned destination; existence not asserted"
"station_alchemist_t01_001","Laboratório T1","Laboratory T1","Task018","IdleMedievalLegends_Task018_EnvironmentStations/Examples/ENVIRONMENT_STATION_PRODUCTION_CATALOG.csv","Task015;Task018;Task019","2","3D Model","Crafting Station","Alchemist","Vertical Slice","P0","T1","Text to 3D","Planned","Yes","3","IdleMedievalLegends_Task019_MeshyOperations/Prompts/EnvironmentStations/ConceptArt/station_alchemist_t01_001_concept_sheet.txt","IdleMedievalLegends_Task019_MeshyOperations/Prompts/EnvironmentStations/Meshy/station_alchemist_t01_001_geometry.txt","IdleMedievalLegends_Task019_MeshyOperations/Prompts/EnvironmentStations/Texture/station_alchemist_t01_001_texture.txt","IdleMedievalLegends_Task019_MeshyOperations/Combined/station_alchemist_t01_001_PIPELINE.md","Assets/_Game/Art/Crafting/Stations/Alchemist/T1","Planned destination; existence not asserted"
"station_alchemist_t03_001","Laboratório T3","Laboratory T3","Task018","IdleMedievalLegends_Task018_EnvironmentStations/Examples/ENVIRONMENT_STATION_PRODUCTION_CATALOG.csv","Task015;Task018;Task019","2","3D Model","Crafting Station","Alchemist","MVP","P1","T3","Text to 3D","Planned","Yes","3","IdleMedievalLegends_Task019_MeshyOperations/Prompts/EnvironmentStations/ConceptArt/station_alchemist_t03_001_concept_sheet.txt","IdleMedievalLegends_Task019_MeshyOperations/Prompts/EnvironmentStations/Meshy/station_alchemist_t03_001_geometry.txt","IdleMedievalLegends_Task019_MeshyOperations/Prompts/EnvironmentStations/Texture/station_alchemist_t03_001_texture.txt","IdleMedievalLegends_Task019_MeshyOperations/Combined/station_alchemist_t03_001_PIPELINE.md","Assets/_Game/Art/Crafting/Stations/Alchemist/T3","Planned destination; existence not asserted"
"station_alchemist_t05_001","Laboratório T5","Laboratory T5","Task018","IdleMedievalLegends_Task018_EnvironmentStations/Examples/ENVIRONMENT_STATION_PRODUCTION_CATALOG.csv","Task015;Task018;Task019","2","3D Model","Crafting Station","Alchemist","Season 1","P2","T5","Image to 3D","Planned","Yes","3","IdleMedievalLegends_Task019_MeshyOperations/Prompts/EnvironmentStations/ConceptArt/station_alchemist_t05_001_concept_sheet.txt","IdleMedievalLegends_Task019_MeshyOperations/Prompts/EnvironmentStations/Meshy/station_alchemist_t05_001_geometry.txt","IdleMedievalLegends_Task019_MeshyOperations/Prompts/EnvironmentStations/Texture/station_alchemist_t05_001_texture.txt","IdleMedievalLegends_Task019_MeshyOperations/Combined/station_alchemist_t05_001_PIPELINE.md","Assets/_Game/Art/Crafting/Stations/Alchemist/T5","Planned destination; existence not asserted"
"station_alchemist_t07_001","Laboratório T7","Laboratory T7","Task018","IdleMedievalLegends_Task018_EnvironmentStations/Examples/ENVIRONMENT_STATION_PRODUCTION_CATALOG.csv","Task015;Task018;Task019","2","3D Model","Crafting Station","Alchemist","Season 1","P2","T7","Image to 3D","Planned","Yes","3","IdleMedievalLegends_Task019_MeshyOperations/Prompts/EnvironmentStations/ConceptArt/station_alchemist_t07_001_concept_sheet.txt","IdleMedievalLegends_Task019_MeshyOperations/Prompts/EnvironmentStations/Meshy/station_alchemist_t07_001_geometry.txt","IdleMedievalLegends_Task019_MeshyOperations/Prompts/EnvironmentStations/Texture/station_alchemist_t07_001_texture.txt","IdleMedievalLegends_Task019_MeshyOperations/Combined/station_alchemist_t07_001_PIPELINE.md","Assets/_Game/Art/Crafting/Stations/Alchemist/T7","Planned destination; existence not asserted"
"station_alchemist_t09_001","Laboratório T9","Laboratory T9","Task018","IdleMedievalLegends_Task018_EnvironmentStations/Examples/ENVIRONMENT_STATION_PRODUCTION_CATALOG.csv","Task015;Task018;Task019","2","3D Model","Crafting Station","Alchemist","Post-MVP","P3","T9","Image to 3D","Planned","Yes","3","IdleMedievalLegends_Task019_MeshyOperations/Prompts/EnvironmentStations/ConceptArt/station_alchemist_t09_001_concept_sheet.txt","IdleMedievalLegends_Task019_MeshyOperations/Prompts/EnvironmentStations/Meshy/station_alchemist_t09_001_geometry.txt","IdleMedievalLegends_Task019_MeshyOperations/Prompts/EnvironmentStations/Texture/station_alchemist_t09_001_texture.txt","IdleMedievalLegends_Task019_MeshyOperations/Combined/station_alchemist_t09_001_PIPELINE.md","Assets/_Game/Art/Crafting/Stations/Alchemist/T9","Planned destination; existence not asserted"
"station_blacksmith_t01_001","Forja T1","Forge T1","Task018","IdleMedievalLegends_Task018_EnvironmentStations/Examples/ENVIRONMENT_STATION_PRODUCTION_CATALOG.csv","Task015;Task018;Task019","2","3D Model","Crafting Station","Blacksmith","Vertical Slice","P0","T1","Text to 3D","Planned","Yes","3","IdleMedievalLegends_Task019_MeshyOperations/Prompts/EnvironmentStations/ConceptArt/station_blacksmith_t01_001_concept_sheet.txt","IdleMedievalLegends_Task019_MeshyOperations/Prompts/EnvironmentStations/Meshy/station_blacksmith_t01_001_geometry.txt","IdleMedievalLegends_Task019_MeshyOperations/Prompts/EnvironmentStations/Texture/station_blacksmith_t01_001_texture.txt","IdleMedievalLegends_Task019_MeshyOperations/Combined/station_blacksmith_t01_001_PIPELINE.md","Assets/_Game/Art/Crafting/Stations/Blacksmith/T1","Planned destination; existence not asserted"
"station_blacksmith_t03_001","Forja T3","Forge T3","Task018","IdleMedievalLegends_Task018_EnvironmentStations/Examples/ENVIRONMENT_STATION_PRODUCTION_CATALOG.csv","Task015;Task018;Task019","2","3D Model","Crafting Station","Blacksmith","MVP","P1","T3","Text to 3D","Planned","Yes","3","IdleMedievalLegends_Task019_MeshyOperations/Prompts/EnvironmentStations/ConceptArt/station_blacksmith_t03_001_concept_sheet.txt","IdleMedievalLegends_Task019_MeshyOperations/Prompts/EnvironmentStations/Meshy/station_blacksmith_t03_001_geometry.txt","IdleMedievalLegends_Task019_MeshyOperations/Prompts/EnvironmentStations/Texture/station_blacksmith_t03_001_texture.txt","IdleMedievalLegends_Task019_MeshyOperations/Combined/station_blacksmith_t03_001_PIPELINE.md","Assets/_Game/Art/Crafting/Stations/Blacksmith/T3","Planned destination; existence not asserted"
"station_blacksmith_t05_001","Forja T5","Forge T5","Task018","IdleMedievalLegends_Task018_EnvironmentStations/Examples/ENVIRONMENT_STATION_PRODUCTION_CATALOG.csv","Task015;Task018;Task019","2","3D Model","Crafting Station","Blacksmith","Season 1","P2","T5","Image to 3D","Planned","Yes","3","IdleMedievalLegends_Task019_MeshyOperations/Prompts/EnvironmentStations/ConceptArt/station_blacksmith_t05_001_concept_sheet.txt","IdleMedievalLegends_Task019_MeshyOperations/Prompts/EnvironmentStations/Meshy/station_blacksmith_t05_001_geometry.txt","IdleMedievalLegends_Task019_MeshyOperations/Prompts/EnvironmentStations/Texture/station_blacksmith_t05_001_texture.txt","IdleMedievalLegends_Task019_MeshyOperations/Combined/station_blacksmith_t05_001_PIPELINE.md","Assets/_Game/Art/Crafting/Stations/Blacksmith/T5","Planned destination; existence not asserted"
"station_blacksmith_t07_001","Forja T7","Forge T7","Task018","IdleMedievalLegends_Task018_EnvironmentStations/Examples/ENVIRONMENT_STATION_PRODUCTION_CATALOG.csv","Task015;Task018;Task019","2","3D Model","Crafting Station","Blacksmith","Season 1","P2","T7","Image to 3D","Planned","Yes","3","IdleMedievalLegends_Task019_MeshyOperations/Prompts/EnvironmentStations/ConceptArt/station_blacksmith_t07_001_concept_sheet.txt","IdleMedievalLegends_Task019_MeshyOperations/Prompts/EnvironmentStations/Meshy/station_blacksmith_t07_001_geometry.txt","IdleMedievalLegends_Task019_MeshyOperations/Prompts/EnvironmentStations/Texture/station_blacksmith_t07_001_texture.txt","IdleMedievalLegends_Task019_MeshyOperations/Combined/station_blacksmith_t07_001_PIPELINE.md","Assets/_Game/Art/Crafting/Stations/Blacksmith/T7","Planned destination; existence not asserted"
"station_blacksmith_t09_001","Forja T9","Forge T9","Task018","IdleMedievalLegends_Task018_EnvironmentStations/Examples/ENVIRONMENT_STATION_PRODUCTION_CATALOG.csv","Task015;Task018;Task019","2","3D Model","Crafting Station","Blacksmith","Post-MVP","P3","T9","Image to 3D","Planned","Yes","3","IdleMedievalLegends_Task019_MeshyOperations/Prompts/EnvironmentStations/ConceptArt/station_blacksmith_t09_001_concept_sheet.txt","IdleMedievalLegends_Task019_MeshyOperations/Prompts/EnvironmentStations/Meshy/station_blacksmith_t09_001_geometry.txt","IdleMedievalLegends_Task019_MeshyOperations/Prompts/EnvironmentStations/Texture/station_blacksmith_t09_001_texture.txt","IdleMedievalLegends_Task019_MeshyOperations/Combined/station_blacksmith_t09_001_PIPELINE.md","Assets/_Game/Art/Crafting/Stations/Blacksmith/T9","Planned destination; existence not asserted"
"station_enchanter_t01_001","Mesa Arcana T1","Arcane Table T1","Task018","IdleMedievalLegends_Task018_EnvironmentStations/Examples/ENVIRONMENT_STATION_PRODUCTION_CATALOG.csv","Task015;Task018;Task019","2","3D Model","Crafting Station","Enchanter","Vertical Slice","P0","T1","Text to 3D","Planned","Yes","3","IdleMedievalLegends_Task019_MeshyOperations/Prompts/EnvironmentStations/ConceptArt/station_enchanter_t01_001_concept_sheet.txt","IdleMedievalLegends_Task019_MeshyOperations/Prompts/EnvironmentStations/Meshy/station_enchanter_t01_001_geometry.txt","IdleMedievalLegends_Task019_MeshyOperations/Prompts/EnvironmentStations/Texture/station_enchanter_t01_001_texture.txt","IdleMedievalLegends_Task019_MeshyOperations/Combined/station_enchanter_t01_001_PIPELINE.md","Assets/_Game/Art/Crafting/Stations/Enchanter/T1","Planned destination; existence not asserted"
"station_enchanter_t03_001","Mesa Arcana T3","Arcane Table T3","Task018","IdleMedievalLegends_Task018_EnvironmentStations/Examples/ENVIRONMENT_STATION_PRODUCTION_CATALOG.csv","Task015;Task018;Task019","2","3D Model","Crafting Station","Enchanter","MVP","P1","T3","Text to 3D","Planned","Yes","3","IdleMedievalLegends_Task019_MeshyOperations/Prompts/EnvironmentStations/ConceptArt/station_enchanter_t03_001_concept_sheet.txt","IdleMedievalLegends_Task019_MeshyOperations/Prompts/EnvironmentStations/Meshy/station_enchanter_t03_001_geometry.txt","IdleMedievalLegends_Task019_MeshyOperations/Prompts/EnvironmentStations/Texture/station_enchanter_t03_001_texture.txt","IdleMedievalLegends_Task019_MeshyOperations/Combined/station_enchanter_t03_001_PIPELINE.md","Assets/_Game/Art/Crafting/Stations/Enchanter/T3","Planned destination; existence not asserted"
"station_enchanter_t05_001","Mesa Arcana T5","Arcane Table T5","Task018","IdleMedievalLegends_Task018_EnvironmentStations/Examples/ENVIRONMENT_STATION_PRODUCTION_CATALOG.csv","Task015;Task018;Task019","2","3D Model","Crafting Station","Enchanter","Season 1","P2","T5","Image to 3D","Planned","Yes","3","IdleMedievalLegends_Task019_MeshyOperations/Prompts/EnvironmentStations/ConceptArt/station_enchanter_t05_001_concept_sheet.txt","IdleMedievalLegends_Task019_MeshyOperations/Prompts/EnvironmentStations/Meshy/station_enchanter_t05_001_geometry.txt","IdleMedievalLegends_Task019_MeshyOperations/Prompts/EnvironmentStations/Texture/station_enchanter_t05_001_texture.txt","IdleMedievalLegends_Task019_MeshyOperations/Combined/station_enchanter_t05_001_PIPELINE.md","Assets/_Game/Art/Crafting/Stations/Enchanter/T5","Planned destination; existence not asserted"
"station_enchanter_t07_001","Mesa Arcana T7","Arcane Table T7","Task018","IdleMedievalLegends_Task018_EnvironmentStations/Examples/ENVIRONMENT_STATION_PRODUCTION_CATALOG.csv","Task015;Task018;Task019","2","3D Model","Crafting Station","Enchanter","Season 1","P2","T7","Image to 3D","Planned","Yes","3","IdleMedievalLegends_Task019_MeshyOperations/Prompts/EnvironmentStations/ConceptArt/station_enchanter_t07_001_concept_sheet.txt","IdleMedievalLegends_Task019_MeshyOperations/Prompts/EnvironmentStations/Meshy/station_enchanter_t07_001_geometry.txt","IdleMedievalLegends_Task019_MeshyOperations/Prompts/EnvironmentStations/Texture/station_enchanter_t07_001_texture.txt","IdleMedievalLegends_Task019_MeshyOperations/Combined/station_enchanter_t07_001_PIPELINE.md","Assets/_Game/Art/Crafting/Stations/Enchanter/T7","Planned destination; existence not asserted"
"station_enchanter_t09_001","Mesa Arcana T9","Arcane Table T9","Task018","IdleMedievalLegends_Task018_EnvironmentStations/Examples/ENVIRONMENT_STATION_PRODUCTION_CATALOG.csv","Task015;Task018;Task019","2","3D Model","Crafting Station","Enchanter","Post-MVP","P3","T9","Image to 3D","Planned","Yes","3","IdleMedievalLegends_Task019_MeshyOperations/Prompts/EnvironmentStations/ConceptArt/station_enchanter_t09_001_concept_sheet.txt","IdleMedievalLegends_Task019_MeshyOperations/Prompts/EnvironmentStations/Meshy/station_enchanter_t09_001_geometry.txt","IdleMedievalLegends_Task019_MeshyOperations/Prompts/EnvironmentStations/Texture/station_enchanter_t09_001_texture.txt","IdleMedievalLegends_Task019_MeshyOperations/Combined/station_enchanter_t09_001_PIPELINE.md","Assets/_Game/Art/Crafting/Stations/Enchanter/T9","Planned destination; existence not asserted"
"station_gatherer_t01_001","Acampamento de Expedição T1","Expedition Camp T1","Task018","IdleMedievalLegends_Task018_EnvironmentStations/Examples/ENVIRONMENT_STATION_PRODUCTION_CATALOG.csv","Task015;Task018;Task019","2","3D Model","Crafting Station","Gatherer","Vertical Slice","P0","T1","Text to 3D","Planned","Yes","3","IdleMedievalLegends_Task019_MeshyOperations/Prompts/EnvironmentStations/ConceptArt/station_gatherer_t01_001_concept_sheet.txt","IdleMedievalLegends_Task019_MeshyOperations/Prompts/EnvironmentStations/Meshy/station_gatherer_t01_001_geometry.txt","IdleMedievalLegends_Task019_MeshyOperations/Prompts/EnvironmentStations/Texture/station_gatherer_t01_001_texture.txt","IdleMedievalLegends_Task019_MeshyOperations/Combined/station_gatherer_t01_001_PIPELINE.md","Assets/_Game/Art/Crafting/Stations/Gatherer/T1","Planned destination; existence not asserted"
"station_gatherer_t03_001","Acampamento de Expedição T3","Expedition Camp T3","Task018","IdleMedievalLegends_Task018_EnvironmentStations/Examples/ENVIRONMENT_STATION_PRODUCTION_CATALOG.csv","Task015;Task018;Task019","2","3D Model","Crafting Station","Gatherer","MVP","P1","T3","Text to 3D","Planned","Yes","3","IdleMedievalLegends_Task019_MeshyOperations/Prompts/EnvironmentStations/ConceptArt/station_gatherer_t03_001_concept_sheet.txt","IdleMedievalLegends_Task019_MeshyOperations/Prompts/EnvironmentStations/Meshy/station_gatherer_t03_001_geometry.txt","IdleMedievalLegends_Task019_MeshyOperations/Prompts/EnvironmentStations/Texture/station_gatherer_t03_001_texture.txt","IdleMedievalLegends_Task019_MeshyOperations/Combined/station_gatherer_t03_001_PIPELINE.md","Assets/_Game/Art/Crafting/Stations/Gatherer/T3","Planned destination; existence not asserted"
"station_gatherer_t05_001","Acampamento de Expedição T5","Expedition Camp T5","Task018","IdleMedievalLegends_Task018_EnvironmentStations/Examples/ENVIRONMENT_STATION_PRODUCTION_CATALOG.csv","Task015;Task018;Task019","2","3D Model","Crafting Station","Gatherer","Season 1","P2","T5","Image to 3D","Planned","Yes","3","IdleMedievalLegends_Task019_MeshyOperations/Prompts/EnvironmentStations/ConceptArt/station_gatherer_t05_001_concept_sheet.txt","IdleMedievalLegends_Task019_MeshyOperations/Prompts/EnvironmentStations/Meshy/station_gatherer_t05_001_geometry.txt","IdleMedievalLegends_Task019_MeshyOperations/Prompts/EnvironmentStations/Texture/station_gatherer_t05_001_texture.txt","IdleMedievalLegends_Task019_MeshyOperations/Combined/station_gatherer_t05_001_PIPELINE.md","Assets/_Game/Art/Crafting/Stations/Gatherer/T5","Planned destination; existence not asserted"
"station_gatherer_t07_001","Acampamento de Expedição T7","Expedition Camp T7","Task018","IdleMedievalLegends_Task018_EnvironmentStations/Examples/ENVIRONMENT_STATION_PRODUCTION_CATALOG.csv","Task015;Task018;Task019","2","3D Model","Crafting Station","Gatherer","Season 1","P2","T7","Image to 3D","Planned","Yes","3","IdleMedievalLegends_Task019_MeshyOperations/Prompts/EnvironmentStations/ConceptArt/station_gatherer_t07_001_concept_sheet.txt","IdleMedievalLegends_Task019_MeshyOperations/Prompts/EnvironmentStations/Meshy/station_gatherer_t07_001_geometry.txt","IdleMedievalLegends_Task019_MeshyOperations/Prompts/EnvironmentStations/Texture/station_gatherer_t07_001_texture.txt","IdleMedievalLegends_Task019_MeshyOperations/Combined/station_gatherer_t07_001_PIPELINE.md","Assets/_Game/Art/Crafting/Stations/Gatherer/T7","Planned destination; existence not asserted"
"station_gatherer_t09_001","Acampamento de Expedição T9","Expedition Camp T9","Task018","IdleMedievalLegends_Task018_EnvironmentStations/Examples/ENVIRONMENT_STATION_PRODUCTION_CATALOG.csv","Task015;Task018;Task019","2","3D Model","Crafting Station","Gatherer","Post-MVP","P3","T9","Image to 3D","Planned","Yes","3","IdleMedievalLegends_Task019_MeshyOperations/Prompts/EnvironmentStations/ConceptArt/station_gatherer_t09_001_concept_sheet.txt","IdleMedievalLegends_Task019_MeshyOperations/Prompts/EnvironmentStations/Meshy/station_gatherer_t09_001_geometry.txt","IdleMedievalLegends_Task019_MeshyOperations/Prompts/EnvironmentStations/Texture/station_gatherer_t09_001_texture.txt","IdleMedievalLegends_Task019_MeshyOperations/Combined/station_gatherer_t09_001_PIPELINE.md","Assets/_Game/Art/Crafting/Stations/Gatherer/T9","Planned destination; existence not asserted"
"station_tailor_t01_001","Ateliê T1","Atelier T1","Task018","IdleMedievalLegends_Task018_EnvironmentStations/Examples/ENVIRONMENT_STATION_PRODUCTION_CATALOG.csv","Task015;Task018;Task019","2","3D Model","Crafting Station","Tailor","Vertical Slice","P0","T1","Text to 3D","Planned","Yes","3","IdleMedievalLegends_Task019_MeshyOperations/Prompts/EnvironmentStations/ConceptArt/station_tailor_t01_001_concept_sheet.txt","IdleMedievalLegends_Task019_MeshyOperations/Prompts/EnvironmentStations/Meshy/station_tailor_t01_001_geometry.txt","IdleMedievalLegends_Task019_MeshyOperations/Prompts/EnvironmentStations/Texture/station_tailor_t01_001_texture.txt","IdleMedievalLegends_Task019_MeshyOperations/Combined/station_tailor_t01_001_PIPELINE.md","Assets/_Game/Art/Crafting/Stations/Tailor/T1","Planned destination; existence not asserted"
"station_tailor_t03_001","Ateliê T3","Atelier T3","Task018","IdleMedievalLegends_Task018_EnvironmentStations/Examples/ENVIRONMENT_STATION_PRODUCTION_CATALOG.csv","Task015;Task018;Task019","2","3D Model","Crafting Station","Tailor","MVP","P1","T3","Text to 3D","Planned","Yes","3","IdleMedievalLegends_Task019_MeshyOperations/Prompts/EnvironmentStations/ConceptArt/station_tailor_t03_001_concept_sheet.txt","IdleMedievalLegends_Task019_MeshyOperations/Prompts/EnvironmentStations/Meshy/station_tailor_t03_001_geometry.txt","IdleMedievalLegends_Task019_MeshyOperations/Prompts/EnvironmentStations/Texture/station_tailor_t03_001_texture.txt","IdleMedievalLegends_Task019_MeshyOperations/Combined/station_tailor_t03_001_PIPELINE.md","Assets/_Game/Art/Crafting/Stations/Tailor/T3","Planned destination; existence not asserted"
"station_tailor_t05_001","Ateliê T5","Atelier T5","Task018","IdleMedievalLegends_Task018_EnvironmentStations/Examples/ENVIRONMENT_STATION_PRODUCTION_CATALOG.csv","Task015;Task018;Task019","2","3D Model","Crafting Station","Tailor","Season 1","P2","T5","Image to 3D","Planned","Yes","3","IdleMedievalLegends_Task019_MeshyOperations/Prompts/EnvironmentStations/ConceptArt/station_tailor_t05_001_concept_sheet.txt","IdleMedievalLegends_Task019_MeshyOperations/Prompts/EnvironmentStations/Meshy/station_tailor_t05_001_geometry.txt","IdleMedievalLegends_Task019_MeshyOperations/Prompts/EnvironmentStations/Texture/station_tailor_t05_001_texture.txt","IdleMedievalLegends_Task019_MeshyOperations/Combined/station_tailor_t05_001_PIPELINE.md","Assets/_Game/Art/Crafting/Stations/Tailor/T5","Planned destination; existence not asserted"
"station_tailor_t07_001","Ateliê T7","Atelier T7","Task018","IdleMedievalLegends_Task018_EnvironmentStations/Examples/ENVIRONMENT_STATION_PRODUCTION_CATALOG.csv","Task015;Task018;Task019","2","3D Model","Crafting Station","Tailor","Season 1","P2","T7","Image to 3D","Planned","Yes","3","IdleMedievalLegends_Task019_MeshyOperations/Prompts/EnvironmentStations/ConceptArt/station_tailor_t07_001_concept_sheet.txt","IdleMedievalLegends_Task019_MeshyOperations/Prompts/EnvironmentStations/Meshy/station_tailor_t07_001_geometry.txt","IdleMedievalLegends_Task019_MeshyOperations/Prompts/EnvironmentStations/Texture/station_tailor_t07_001_texture.txt","IdleMedievalLegends_Task019_MeshyOperations/Combined/station_tailor_t07_001_PIPELINE.md","Assets/_Game/Art/Crafting/Stations/Tailor/T7","Planned destination; existence not asserted"
"station_tailor_t09_001","Ateliê T9","Atelier T9","Task018","IdleMedievalLegends_Task018_EnvironmentStations/Examples/ENVIRONMENT_STATION_PRODUCTION_CATALOG.csv","Task015;Task018;Task019","2","3D Model","Crafting Station","Tailor","Post-MVP","P3","T9","Image to 3D","Planned","Yes","3","IdleMedievalLegends_Task019_MeshyOperations/Prompts/EnvironmentStations/ConceptArt/station_tailor_t09_001_concept_sheet.txt","IdleMedievalLegends_Task019_MeshyOperations/Prompts/EnvironmentStations/Meshy/station_tailor_t09_001_geometry.txt","IdleMedievalLegends_Task019_MeshyOperations/Prompts/EnvironmentStations/Texture/station_tailor_t09_001_texture.txt","IdleMedievalLegends_Task019_MeshyOperations/Combined/station_tailor_t09_001_PIPELINE.md","Assets/_Game/Art/Crafting/Stations/Tailor/T9","Planned destination; existence not asserted"
"tool_alchemist_kit_001","Kit de Alquimia","Alchemy Kit","Task015","IdleMedievalLegends_Task015_AssetCatalog/Examples/ASSET_MASTER_CATALOG.csv","Task015","1","3D Model","Profession Tool","Alquimista","Vertical Slice","P0","N/A","Text to 3D","Planned","No","0","","","","","Assets/_Game/Art/Crafting/Tools","Planned destination; existence not asserted"
"tool_blacksmith_hammer_001","Martelo de Ferreiro","Blacksmith Hammer","Task015","IdleMedievalLegends_Task015_AssetCatalog/Examples/ASSET_MASTER_CATALOG.csv","Task015","1","3D Model","Profession Tool","Ferreiro","Vertical Slice","P0","N/A","Text to 3D","Planned","No","0","","","","","Assets/_Game/Art/Crafting/Tools","Planned destination; existence not asserted"
"tool_enchanter_chisel_001","Cinzel Rúnico","Runic Chisel","Task015","IdleMedievalLegends_Task015_AssetCatalog/Examples/ASSET_MASTER_CATALOG.csv","Task015","1","3D Model","Profession Tool","Encantador","Vertical Slice","P0","N/A","Text to 3D","Planned","No","0","","","","","Assets/_Game/Art/Crafting/Tools","Planned destination; existence not asserted"
"tool_gatherer_pickaxe_001","Picareta de Coleta","Gathering Pickaxe","Task015","IdleMedievalLegends_Task015_AssetCatalog/Examples/ASSET_MASTER_CATALOG.csv","Task015","1","3D Model","Profession Tool","Coletador","Vertical Slice","P0","N/A","Text to 3D","Planned","No","0","","","","","Assets/_Game/Art/Crafting/Tools","Planned destination; existence not asserted"
"tool_tailor_shears_001","Tesoura de Costureiro","Tailor Shears","Task015","IdleMedievalLegends_Task015_AssetCatalog/Examples/ASSET_MASTER_CATALOG.csv","Task015","1","3D Model","Profession Tool","Costureiro","Vertical Slice","P0","N/A","Text to 3D","Planned","No","0","","","","","Assets/_Game/Art/Crafting/Tools","Planned destination; existence not asserted"
"ui_badge_tier_01_001","Emblema Tier 1","Tier 1 Badge","Task015","IdleMedievalLegends_Task015_AssetCatalog/Examples/ASSET_MASTER_CATALOG.csv","Task015","1","2D Image","UI","Tier Badge","MVP","P1","T1","None","Planned","No","0","","","","","Assets/_Game/Art/UI/Badges/Tier","Planned destination; existence not asserted"
"ui_badge_tier_02_001","Emblema Tier 2","Tier 2 Badge","Task015","IdleMedievalLegends_Task015_AssetCatalog/Examples/ASSET_MASTER_CATALOG.csv","Task015","1","2D Image","UI","Tier Badge","MVP","P1","T2","None","Planned","No","0","","","","","Assets/_Game/Art/UI/Badges/Tier","Planned destination; existence not asserted"
"ui_badge_tier_03_001","Emblema Tier 3","Tier 3 Badge","Task015","IdleMedievalLegends_Task015_AssetCatalog/Examples/ASSET_MASTER_CATALOG.csv","Task015","1","2D Image","UI","Tier Badge","MVP","P1","T3","None","Planned","No","0","","","","","Assets/_Game/Art/UI/Badges/Tier","Planned destination; existence not asserted"
"ui_badge_tier_04_001","Emblema Tier 4","Tier 4 Badge","Task015","IdleMedievalLegends_Task015_AssetCatalog/Examples/ASSET_MASTER_CATALOG.csv","Task015","1","2D Image","UI","Tier Badge","Season 1","P2","T4","None","Planned","No","0","","","","","Assets/_Game/Art/UI/Badges/Tier","Planned destination; existence not asserted"
"ui_badge_tier_05_001","Emblema Tier 5","Tier 5 Badge","Task015","IdleMedievalLegends_Task015_AssetCatalog/Examples/ASSET_MASTER_CATALOG.csv","Task015","1","2D Image","UI","Tier Badge","Season 1","P2","T5","None","Planned","No","0","","","","","Assets/_Game/Art/UI/Badges/Tier","Planned destination; existence not asserted"
"ui_badge_tier_06_001","Emblema Tier 6","Tier 6 Badge","Task015","IdleMedievalLegends_Task015_AssetCatalog/Examples/ASSET_MASTER_CATALOG.csv","Task015","1","2D Image","UI","Tier Badge","Season 1","P2","T6","None","Planned","No","0","","","","","Assets/_Game/Art/UI/Badges/Tier","Planned destination; existence not asserted"
"ui_badge_tier_07_001","Emblema Tier 7","Tier 7 Badge","Task015","IdleMedievalLegends_Task015_AssetCatalog/Examples/ASSET_MASTER_CATALOG.csv","Task015","1","2D Image","UI","Tier Badge","Season 1","P2","T7","None","Planned","No","0","","","","","Assets/_Game/Art/UI/Badges/Tier","Planned destination; existence not asserted"
"ui_badge_tier_08_001","Emblema Tier 8","Tier 8 Badge","Task015","IdleMedievalLegends_Task015_AssetCatalog/Examples/ASSET_MASTER_CATALOG.csv","Task015","1","2D Image","UI","Tier Badge","Season 1","P2","T8","None","Planned","No","0","","","","","Assets/_Game/Art/UI/Badges/Tier","Planned destination; existence not asserted"
"ui_badge_tier_09_001","Emblema Tier 9","Tier 9 Badge","Task015","IdleMedievalLegends_Task015_AssetCatalog/Examples/ASSET_MASTER_CATALOG.csv","Task015","1","2D Image","UI","Tier Badge","Season 1","P2","T9","None","Planned","No","0","","","","","Assets/_Game/Art/UI/Badges/Tier","Planned destination; existence not asserted"
"ui_frame_rarity_common_001","Moldura Comum","Common Rarity Frame","Task015","IdleMedievalLegends_Task015_AssetCatalog/Examples/ASSET_MASTER_CATALOG.csv","Task015","1","2D Image","UI","Rarity Frame","Vertical Slice","P0","N/A","None","Planned","No","0","","","","","Assets/_Game/Art/UI/Frames/Rarity","Planned destination; existence not asserted"
"ui_frame_rarity_epic_001","Moldura Épico","Epic Rarity Frame","Task015","IdleMedievalLegends_Task015_AssetCatalog/Examples/ASSET_MASTER_CATALOG.csv","Task015","1","2D Image","UI","Rarity Frame","Vertical Slice","P0","N/A","None","Planned","No","0","","","","","Assets/_Game/Art/UI/Frames/Rarity","Planned destination; existence not asserted"
"ui_frame_rarity_legendary_001","Moldura Lendário","Legendary Rarity Frame","Task015","IdleMedievalLegends_Task015_AssetCatalog/Examples/ASSET_MASTER_CATALOG.csv","Task015","1","2D Image","UI","Rarity Frame","Vertical Slice","P0","N/A","None","Planned","No","0","","","","","Assets/_Game/Art/UI/Frames/Rarity","Planned destination; existence not asserted"
"ui_frame_rarity_mythic_001","Moldura Mítico","Mythic Rarity Frame","Task015","IdleMedievalLegends_Task015_AssetCatalog/Examples/ASSET_MASTER_CATALOG.csv","Task015","1","2D Image","UI","Rarity Frame","Vertical Slice","P0","N/A","None","Planned","No","0","","","","","Assets/_Game/Art/UI/Frames/Rarity","Planned destination; existence not asserted"
"ui_frame_rarity_rare_001","Moldura Raro","Rare Rarity Frame","Task015","IdleMedievalLegends_Task015_AssetCatalog/Examples/ASSET_MASTER_CATALOG.csv","Task015","1","2D Image","UI","Rarity Frame","Vertical Slice","P0","N/A","None","Planned","No","0","","","","","Assets/_Game/Art/UI/Frames/Rarity","Planned destination; existence not asserted"
"ui_frame_rarity_uncommon_001","Moldura Incomum","Uncommon Rarity Frame","Task015","IdleMedievalLegends_Task015_AssetCatalog/Examples/ASSET_MASTER_CATALOG.csv","Task015","1","2D Image","UI","Rarity Frame","Vertical Slice","P0","N/A","None","Planned","No","0","","","","","Assets/_Game/Art/UI/Frames/Rarity","Planned destination; existence not asserted"
"ui_icon_nav_battle_001","Ícone Batalha","Battle Navigation Icon","Task015","IdleMedievalLegends_Task015_AssetCatalog/Examples/ASSET_MASTER_CATALOG.csv","Task015","1","2D Image","UI","Navigation Icon","Vertical Slice","P0","N/A","None","Planned","No","0","","","","","Assets/_Game/Art/UI/Icons/Navigation","Planned destination; existence not asserted"
"ui_icon_nav_crafting_001","Ícone Crafting","Crafting Navigation Icon","Task015","IdleMedievalLegends_Task015_AssetCatalog/Examples/ASSET_MASTER_CATALOG.csv","Task015","1","2D Image","UI","Navigation Icon","Vertical Slice","P0","N/A","None","Planned","No","0","","","","","Assets/_Game/Art/UI/Icons/Navigation","Planned destination; existence not asserted"
"ui_icon_nav_dungeons_001","Ícone Masmorras","Dungeons Navigation Icon","Task015","IdleMedievalLegends_Task015_AssetCatalog/Examples/ASSET_MASTER_CATALOG.csv","Task015","1","2D Image","UI","Navigation Icon","Vertical Slice","P0","N/A","None","Planned","No","0","","","","","Assets/_Game/Art/UI/Icons/Navigation","Planned destination; existence not asserted"
"ui_icon_nav_gacha_001","Ícone Invocação","Gacha Navigation Icon","Task015","IdleMedievalLegends_Task015_AssetCatalog/Examples/ASSET_MASTER_CATALOG.csv","Task015","1","2D Image","UI","Navigation Icon","Vertical Slice","P0","N/A","None","Planned","No","0","","","","","Assets/_Game/Art/UI/Icons/Navigation","Planned destination; existence not asserted"
"ui_icon_nav_heroes_001","Ícone Heróis","Heroes Navigation Icon","Task015","IdleMedievalLegends_Task015_AssetCatalog/Examples/ASSET_MASTER_CATALOG.csv","Task015","1","2D Image","UI","Navigation Icon","Vertical Slice","P0","N/A","None","Planned","No","0","","","","","Assets/_Game/Art/UI/Icons/Navigation","Planned destination; existence not asserted"
"ui_icon_nav_home_001","Ícone Início","Home Navigation Icon","Task015","IdleMedievalLegends_Task015_AssetCatalog/Examples/ASSET_MASTER_CATALOG.csv","Task015","1","2D Image","UI","Navigation Icon","Vertical Slice","P0","N/A","None","Planned","No","0","","","","","Assets/_Game/Art/UI/Icons/Navigation","Planned destination; existence not asserted"
"ui_icon_nav_inventory_001","Ícone Inventário","Inventory Navigation Icon","Task015","IdleMedievalLegends_Task015_AssetCatalog/Examples/ASSET_MASTER_CATALOG.csv","Task015","1","2D Image","UI","Navigation Icon","Vertical Slice","P0","N/A","None","Planned","No","0","","","","","Assets/_Game/Art/UI/Icons/Navigation","Planned destination; existence not asserted"
"ui_icon_nav_market_001","Ícone Mercado","Market Navigation Icon","Task015","IdleMedievalLegends_Task015_AssetCatalog/Examples/ASSET_MASTER_CATALOG.csv","Task015","1","2D Image","UI","Navigation Icon","Vertical Slice","P0","N/A","None","Planned","No","0","","","","","Assets/_Game/Art/UI/Icons/Navigation","Planned destination; existence not asserted"
"ui_icon_nav_profile_001","Ícone Perfil","Profile Navigation Icon","Task015","IdleMedievalLegends_Task015_AssetCatalog/Examples/ASSET_MASTER_CATALOG.csv","Task015","1","2D Image","UI","Navigation Icon","Vertical Slice","P0","N/A","None","Planned","No","0","","","","","Assets/_Game/Art/UI/Icons/Navigation","Planned destination; existence not asserted"
"ui_icon_nav_settings_001","Ícone Configurações","Settings Navigation Icon","Task015","IdleMedievalLegends_Task015_AssetCatalog/Examples/ASSET_MASTER_CATALOG.csv","Task015","1","2D Image","UI","Navigation Icon","Vertical Slice","P0","N/A","None","Planned","No","0","","","","","Assets/_Game/Art/UI/Icons/Navigation","Planned destination; existence not asserted"
"ui_icon_profession_alchemist_001","Ícone Alquimista","Alchemist Profession Icon","Task015","IdleMedievalLegends_Task015_AssetCatalog/Examples/ASSET_MASTER_CATALOG.csv","Task015","1","2D Image","UI","Profession Icon","Vertical Slice","P0","N/A","None","Planned","No","0","","","","","Assets/_Game/Art/UI/Icons/Professions","Planned destination; existence not asserted"
"ui_icon_profession_blacksmith_001","Ícone Ferreiro","Blacksmith Profession Icon","Task015","IdleMedievalLegends_Task015_AssetCatalog/Examples/ASSET_MASTER_CATALOG.csv","Task015","1","2D Image","UI","Profession Icon","Vertical Slice","P0","N/A","None","Planned","No","0","","","","","Assets/_Game/Art/UI/Icons/Professions","Planned destination; existence not asserted"
"ui_icon_profession_enchanter_001","Ícone Encantador","Enchanter Profession Icon","Task015","IdleMedievalLegends_Task015_AssetCatalog/Examples/ASSET_MASTER_CATALOG.csv","Task015","1","2D Image","UI","Profession Icon","Vertical Slice","P0","N/A","None","Planned","No","0","","","","","Assets/_Game/Art/UI/Icons/Professions","Planned destination; existence not asserted"
"ui_icon_profession_gatherer_001","Ícone Coletador","Gatherer Profession Icon","Task015","IdleMedievalLegends_Task015_AssetCatalog/Examples/ASSET_MASTER_CATALOG.csv","Task015","1","2D Image","UI","Profession Icon","Vertical Slice","P0","N/A","None","Planned","No","0","","","","","Assets/_Game/Art/UI/Icons/Professions","Planned destination; existence not asserted"
"ui_icon_profession_tailor_001","Ícone Costureiro","Tailor Profession Icon","Task015","IdleMedievalLegends_Task015_AssetCatalog/Examples/ASSET_MASTER_CATALOG.csv","Task015","1","2D Image","UI","Profession Icon","Vertical Slice","P0","N/A","None","Planned","No","0","","","","","Assets/_Game/Art/UI/Icons/Professions","Planned destination; existence not asserted"
"ui_icon_status_equipped_001","Estado Equipado","Equipped Status Icon","Task015","IdleMedievalLegends_Task015_AssetCatalog/Examples/ASSET_MASTER_CATALOG.csv","Task015","1","2D Image","UI","Status Icon","Vertical Slice","P0","N/A","None","Planned","No","0","","","","","Assets/_Game/Art/UI/Icons/Status","Planned destination; existence not asserted"
"ui_icon_status_error_001","Estado Erro","Error Status Icon","Task015","IdleMedievalLegends_Task015_AssetCatalog/Examples/ASSET_MASTER_CATALOG.csv","Task015","1","2D Image","UI","Status Icon","Vertical Slice","P0","N/A","None","Planned","No","0","","","","","Assets/_Game/Art/UI/Icons/Status","Planned destination; existence not asserted"
"ui_icon_status_escrow_001","Estado Em Mercado","Escrow Status Icon","Task015","IdleMedievalLegends_Task015_AssetCatalog/Examples/ASSET_MASTER_CATALOG.csv","Task015","1","2D Image","UI","Status Icon","Vertical Slice","P0","N/A","None","Planned","No","0","","","","","Assets/_Game/Art/UI/Icons/Status","Planned destination; existence not asserted"
"ui_icon_status_favorite_001","Estado Favorito","Favorite Status Icon","Task015","IdleMedievalLegends_Task015_AssetCatalog/Examples/ASSET_MASTER_CATALOG.csv","Task015","1","2D Image","UI","Status Icon","Vertical Slice","P0","N/A","None","Planned","No","0","","","","","Assets/_Game/Art/UI/Icons/Status","Planned destination; existence not asserted"
"ui_icon_status_locked_001","Estado Bloqueado","Locked Status Icon","Task015","IdleMedievalLegends_Task015_AssetCatalog/Examples/ASSET_MASTER_CATALOG.csv","Task015","1","2D Image","UI","Status Icon","Vertical Slice","P0","N/A","None","Planned","No","0","","","","","Assets/_Game/Art/UI/Icons/Status","Planned destination; existence not asserted"
"ui_icon_status_new_001","Estado Novo","New Status Icon","Task015","IdleMedievalLegends_Task015_AssetCatalog/Examples/ASSET_MASTER_CATALOG.csv","Task015","1","2D Image","UI","Status Icon","Vertical Slice","P0","N/A","None","Planned","No","0","","","","","Assets/_Game/Art/UI/Icons/Status","Planned destination; existence not asserted"
"ui_icon_status_reserved_001","Estado Reservado","Reserved Status Icon","Task015","IdleMedievalLegends_Task015_AssetCatalog/Examples/ASSET_MASTER_CATALOG.csv","Task015","1","2D Image","UI","Status Icon","Vertical Slice","P0","N/A","None","Planned","No","0","","","","","Assets/_Game/Art/UI/Icons/Status","Planned destination; existence not asserted"
"ui_icon_status_warning_001","Estado Aviso","Warning Status Icon","Task015","IdleMedievalLegends_Task015_AssetCatalog/Examples/ASSET_MASTER_CATALOG.csv","Task015","1","2D Image","UI","Status Icon","Vertical Slice","P0","N/A","None","Planned","No","0","","","","","Assets/_Game/Art/UI/Icons/Status","Planned destination; existence not asserted"
"vfx_environment_goblin_mine_ambient_001","VFX Ambiente — Mina Goblin","Environment VFX — Goblin Mine","Task015","IdleMedievalLegends_Task015_AssetCatalog/Examples/ASSET_MASTER_CATALOG.csv","Task015","1","VFX","VFX","Environment Ambient","Season 1","P1","N/A","Unity Particle System/Shader Graph","Planned","No","0","","","","","Assets/_Game/Art/VFX/Environment/Goblin Mine","Planned destination; existence not asserted"
"vfx_environment_infernal_fortress_ambient_001","VFX Ambiente — Fortaleza Infernal","Environment VFX — Infernal Fortress","Task015","IdleMedievalLegends_Task015_AssetCatalog/Examples/ASSET_MASTER_CATALOG.csv","Task015","1","VFX","VFX","Environment Ambient","Season 1","P1","N/A","Unity Particle System/Shader Graph","Planned","No","0","","","","","Assets/_Game/Art/VFX/Environment/Infernal Fortress","Planned destination; existence not asserted"
"vfx_environment_undead_crypt_ambient_001","VFX Ambiente — Cripta","Environment VFX — Undead Crypt","Task015","IdleMedievalLegends_Task015_AssetCatalog/Examples/ASSET_MASTER_CATALOG.csv","Task015","1","VFX","VFX","Environment Ambient","Season 1","P1","N/A","Unity Particle System/Shader Graph","Planned","No","0","","","","","Assets/_Game/Art/VFX/Environment/Undead Crypt","Planned destination; existence not asserted"
"vfx_magic_arcane_kit_001","Kit de VFX Arcano","Arcane VFX Kit","Task015","IdleMedievalLegends_Task015_AssetCatalog/Examples/ASSET_MASTER_CATALOG.csv","Task015","1","VFX","VFX","Magic School Kit","Season 1","P1","N/A","Unity Particle System/Shader Graph","Planned","No","0","","","","","Assets/_Game/Art/VFX/Magic/Arcane","Planned destination; existence not asserted"
"vfx_magic_chaos_kit_001","Kit de VFX Caos","Chaos VFX Kit","Task015","IdleMedievalLegends_Task015_AssetCatalog/Examples/ASSET_MASTER_CATALOG.csv","Task015","1","VFX","VFX","Magic School Kit","Season 1","P1","N/A","Unity Particle System/Shader Graph","Planned","No","0","","","","","Assets/_Game/Art/VFX/Magic/Chaos","Planned destination; existence not asserted"
"vfx_magic_fire_kit_001","Kit de VFX Fogo","Fire VFX Kit","Task015","IdleMedievalLegends_Task015_AssetCatalog/Examples/ASSET_MASTER_CATALOG.csv","Task015","1","VFX","VFX","Magic School Kit","Season 1","P1","N/A","Unity Particle System/Shader Graph","Planned","No","0","","","","","Assets/_Game/Art/VFX/Magic/Fire","Planned destination; existence not asserted"
"vfx_magic_holy_kit_001","Kit de VFX Sagrado","Holy VFX Kit","Task015","IdleMedievalLegends_Task015_AssetCatalog/Examples/ASSET_MASTER_CATALOG.csv","Task015","1","VFX","VFX","Magic School Kit","Season 1","P1","N/A","Unity Particle System/Shader Graph","Planned","No","0","","","","","Assets/_Game/Art/VFX/Magic/Holy","Planned destination; existence not asserted"
"vfx_magic_ice_kit_001","Kit de VFX Gelo","Ice VFX Kit","Task015","IdleMedievalLegends_Task015_AssetCatalog/Examples/ASSET_MASTER_CATALOG.csv","Task015","1","VFX","VFX","Magic School Kit","Season 1","P1","N/A","Unity Particle System/Shader Graph","Planned","No","0","","","","","Assets/_Game/Art/VFX/Magic/Ice","Planned destination; existence not asserted"
"vfx_magic_infernal_kit_001","Kit de VFX Infernal","Infernal VFX Kit","Task015","IdleMedievalLegends_Task015_AssetCatalog/Examples/ASSET_MASTER_CATALOG.csv","Task015","1","VFX","VFX","Magic School Kit","Season 1","P1","N/A","Unity Particle System/Shader Graph","Planned","No","0","","","","","Assets/_Game/Art/VFX/Magic/Infernal","Planned destination; existence not asserted"
"vfx_magic_nature_kit_001","Kit de VFX Natureza","Nature VFX Kit","Task015","IdleMedievalLegends_Task015_AssetCatalog/Examples/ASSET_MASTER_CATALOG.csv","Task015","1","VFX","VFX","Magic School Kit","Season 1","P1","N/A","Unity Particle System/Shader Graph","Planned","No","0","","","","","Assets/_Game/Art/VFX/Magic/Nature","Planned destination; existence not asserted"
"vfx_magic_necromancy_kit_001","Kit de VFX Necromancia","Necromancy VFX Kit","Task015","IdleMedievalLegends_Task015_AssetCatalog/Examples/ASSET_MASTER_CATALOG.csv","Task015","1","VFX","VFX","Magic School Kit","Season 1","P1","N/A","Unity Particle System/Shader Graph","Planned","No","0","","","","","Assets/_Game/Art/VFX/Magic/Necromancy","Planned destination; existence not asserted"
"vfx_magic_poison_kit_001","Kit de VFX Veneno","Poison VFX Kit","Task015","IdleMedievalLegends_Task015_AssetCatalog/Examples/ASSET_MASTER_CATALOG.csv","Task015","1","VFX","VFX","Magic School Kit","Season 1","P1","N/A","Unity Particle System/Shader Graph","Planned","No","0","","","","","Assets/_Game/Art/VFX/Magic/Poison","Planned destination; existence not asserted"
"vfx_magic_shadow_kit_001","Kit de VFX Sombra","Shadow VFX Kit","Task015","IdleMedievalLegends_Task015_AssetCatalog/Examples/ASSET_MASTER_CATALOG.csv","Task015","1","VFX","VFX","Magic School Kit","Season 1","P1","N/A","Unity Particle System/Shader Graph","Planned","No","0","","","","","Assets/_Game/Art/VFX/Magic/Shadow","Planned destination; existence not asserted"
"vfx_rarity_common_aura_001","Aura Comum","Common Rarity Aura","Task015","IdleMedievalLegends_Task015_AssetCatalog/Examples/ASSET_MASTER_CATALOG.csv","Task015","1","VFX","VFX","Rarity Aura","MVP","P1","N/A","Unity Particle System/Shader Graph","Planned","No","0","","","","","Assets/_Game/Art/VFX/Rarity","Planned destination; existence not asserted"
"vfx_rarity_epic_aura_001","Aura Épico","Epic Rarity Aura","Task015","IdleMedievalLegends_Task015_AssetCatalog/Examples/ASSET_MASTER_CATALOG.csv","Task015","1","VFX","VFX","Rarity Aura","MVP","P1","N/A","Unity Particle System/Shader Graph","Planned","No","0","","","","","Assets/_Game/Art/VFX/Rarity","Planned destination; existence not asserted"
"vfx_rarity_legendary_aura_001","Aura Lendário","Legendary Rarity Aura","Task015","IdleMedievalLegends_Task015_AssetCatalog/Examples/ASSET_MASTER_CATALOG.csv","Task015","1","VFX","VFX","Rarity Aura","MVP","P1","N/A","Unity Particle System/Shader Graph","Planned","No","0","","","","","Assets/_Game/Art/VFX/Rarity","Planned destination; existence not asserted"
"vfx_rarity_mythic_aura_001","Aura Mítico","Mythic Rarity Aura","Task015","IdleMedievalLegends_Task015_AssetCatalog/Examples/ASSET_MASTER_CATALOG.csv","Task015","1","VFX","VFX","Rarity Aura","MVP","P1","N/A","Unity Particle System/Shader Graph","Planned","No","0","","","","","Assets/_Game/Art/VFX/Rarity","Planned destination; existence not asserted"
"vfx_rarity_rare_aura_001","Aura Raro","Rare Rarity Aura","Task015","IdleMedievalLegends_Task015_AssetCatalog/Examples/ASSET_MASTER_CATALOG.csv","Task015","1","VFX","VFX","Rarity Aura","MVP","P1","N/A","Unity Particle System/Shader Graph","Planned","No","0","","","","","Assets/_Game/Art/VFX/Rarity","Planned destination; existence not asserted"
"vfx_rarity_uncommon_aura_001","Aura Incomum","Uncommon Rarity Aura","Task015","IdleMedievalLegends_Task015_AssetCatalog/Examples/ASSET_MASTER_CATALOG.csv","Task015","1","VFX","VFX","Rarity Aura","MVP","P1","N/A","Unity Particle System/Shader Graph","Planned","No","0","","","","","Assets/_Game/Art/VFX/Rarity","Planned destination; existence not asserted"
"weapon_bone_acolyte_staff_001","Cajado do Acólito Ósseo","Bone Acolyte Staff","Task015","IdleMedievalLegends_Task015_AssetCatalog/Examples/ASSET_MASTER_CATALOG.csv","Task015","1","3D Model","Character Prop","staff","Season 1","P1","N/A","Image to 3D","Planned","No","0","","","","","Assets/_Game/Art/Equipment/CharacterProps/Undead","Planned destination; existence not asserted"
"weapon_bone_archmage_staff_001","Cajado do Arquimago Ósseo","Bone Archmage Staff","Task015","IdleMedievalLegends_Task015_AssetCatalog/Examples/ASSET_MASTER_CATALOG.csv","Task015","1","3D Model","Character Prop","staff","Season 1","P2","N/A","Image to 3D","Planned","No","0","","","","","Assets/_Game/Art/Equipment/CharacterProps/Undead","Planned destination; existence not asserted"
"weapon_bone_knight_greatsword_001","Montante do Cavaleiro Ósseo","Bone Knight Greatsword","Task015","IdleMedievalLegends_Task015_AssetCatalog/Examples/ASSET_MASTER_CATALOG.csv","Task015","1","3D Model","Character Prop","2H sword","Season 1","P1","N/A","Image to 3D","Planned","No","0","","","","","Assets/_Game/Art/Equipment/CharacterProps/Undead","Planned destination; existence not asserted"
"weapon_bone_knight_shield_001","Escudo do Cavaleiro Ósseo","Bone Knight Shield","Task015","IdleMedievalLegends_Task015_AssetCatalog/Examples/ASSET_MASTER_CATALOG.csv","Task015","1","3D Model","Character Prop","shield","Season 1","P1","N/A","Image to 3D","Planned","No","0","","","","","Assets/_Game/Art/Equipment/CharacterProps/Undead","Planned destination; existence not asserted"
"weapon_death_knight_greatsword_001","Montante do Cavaleiro da Morte","Death Knight Greatsword","Task015","IdleMedievalLegends_Task015_AssetCatalog/Examples/ASSET_MASTER_CATALOG.csv","Task015","1","3D Model","Character Prop","2H sword","Season 1","P2","N/A","Image to 3D","Planned","No","0","","","","","Assets/_Game/Art/Equipment/CharacterProps/Undead","Planned destination; existence not asserted"
"weapon_demon_knight_greatsword_001","Montante Demoníaco","Demon Knight Greatsword","Task015","IdleMedievalLegends_Task015_AssetCatalog/Examples/ASSET_MASTER_CATALOG.csv","Task015","1","3D Model","Character Prop","2H sword","Season 1","P2","N/A","Image to 3D","Planned","No","0","","","","","Assets/_Game/Art/Equipment/CharacterProps/Demon","Planned destination; existence not asserted"
"weapon_demon_knight_shield_001","Escudo Demoníaco","Demon Knight Shield","Task015","IdleMedievalLegends_Task015_AssetCatalog/Examples/ASSET_MASTER_CATALOG.csv","Task015","1","3D Model","Character Prop","shield","Season 1","P2","N/A","Image to 3D","Planned","No","0","","","","","Assets/_Game/Art/Equipment/CharacterProps/Demon","Planned destination; existence not asserted"
"weapon_demon_lord_greatblade_001","Grande Lâmina do Lorde Demônio","Demon Lord Greatblade","Task015","IdleMedievalLegends_Task015_AssetCatalog/Examples/ASSET_MASTER_CATALOG.csv","Task015","1","3D Model","Character Prop","2H sword","Season 1","P1","N/A","Image to 3D","Planned","No","0","","","","","Assets/_Game/Art/Equipment/CharacterProps/Demon","Planned destination; existence not asserted"
"weapon_demon_ranger_bow_001","Arco Demoníaco","Demon Ranger Bow","Task015","IdleMedievalLegends_Task015_AssetCatalog/Examples/ASSET_MASTER_CATALOG.csv","Task015","1","3D Model","Character Prop","bow","Season 1","P2","N/A","Image to 3D","Planned","No","0","","","","","Assets/_Game/Art/Equipment/CharacterProps/Demon","Planned destination; existence not asserted"
"weapon_goblin_chieftain_axe_001","Machado do Chefe Goblin","Goblin Chieftain Axe","Task015","IdleMedievalLegends_Task015_AssetCatalog/Examples/ASSET_MASTER_CATALOG.csv","Task015","1","3D Model","Character Prop","axe","MVP","P1","N/A","Image to 3D","Planned","No","0","","","","","Assets/_Game/Art/Equipment/CharacterProps/Goblin","Planned destination; existence not asserted"
"weapon_goblin_cleaver_001","Cutelo Goblin","Goblin Cleaver","Task015","IdleMedievalLegends_Task015_AssetCatalog/Examples/ASSET_MASTER_CATALOG.csv","Task015","1","3D Model","Character Prop","axe","Vertical Slice","P0","N/A","Text to 3D","Planned","No","0","","","","","Assets/_Game/Art/Equipment/CharacterProps/Goblin","Planned destination; existence not asserted"
"weapon_goblin_high_shaman_totem_001","Totem do Alto Xamã","Goblin High Shaman Totem","Task015","IdleMedievalLegends_Task015_AssetCatalog/Examples/ASSET_MASTER_CATALOG.csv","Task015","1","3D Model","Character Prop","staff","MVP","P1","N/A","Image to 3D","Planned","No","0","","","","","Assets/_Game/Art/Equipment/CharacterProps/Goblin","Planned destination; existence not asserted"
"weapon_goblin_king_blade_001","Lâmina Real Goblin","Goblin King Blade","Task015","IdleMedievalLegends_Task015_AssetCatalog/Examples/ASSET_MASTER_CATALOG.csv","Task015","1","3D Model","Character Prop","2H sword","MVP","P1","N/A","Image to 3D","Planned","No","0","","","","","Assets/_Game/Art/Equipment/CharacterProps/Goblin","Planned destination; existence not asserted"
"weapon_goblin_ranger_longbow_001","Arco Longo Goblin","Goblin Ranger Longbow","Task015","IdleMedievalLegends_Task015_AssetCatalog/Examples/ASSET_MASTER_CATALOG.csv","Task015","1","3D Model","Character Prop","bow","MVP","P1","N/A","Image to 3D","Planned","No","0","","","","","Assets/_Game/Art/Equipment/CharacterProps/Goblin","Planned destination; existence not asserted"
"weapon_goblin_scrap_knife_001","Faca de Sucata Goblin","Goblin Scrap Knife","Task015","IdleMedievalLegends_Task015_AssetCatalog/Examples/ASSET_MASTER_CATALOG.csv","Task015","1","3D Model","Character Prop","dagger","Vertical Slice","P0","N/A","Text to 3D","Planned","No","0","","","","","Assets/_Game/Art/Equipment/CharacterProps/Goblin","Planned destination; existence not asserted"
"weapon_goblin_shaman_staff_001","Cajado Xamânico Goblin","Goblin Shaman Staff","Task015","IdleMedievalLegends_Task015_AssetCatalog/Examples/ASSET_MASTER_CATALOG.csv","Task015","1","3D Model","Character Prop","staff","Vertical Slice","P0","N/A","Text to 3D","Planned","No","0","","","","","Assets/_Game/Art/Equipment/CharacterProps/Goblin","Planned destination; existence not asserted"
"weapon_goblin_shortbow_001","Arco Curto Goblin","Goblin Shortbow","Task015","IdleMedievalLegends_Task015_AssetCatalog/Examples/ASSET_MASTER_CATALOG.csv","Task015","1","3D Model","Character Prop","bow","Vertical Slice","P0","N/A","Text to 3D","Planned","No","0","","","","","Assets/_Game/Art/Equipment/CharacterProps/Goblin","Planned destination; existence not asserted"
"weapon_goblin_wood_shield_001","Escudo de Madeira Goblin","Goblin Wood Shield","Task015","IdleMedievalLegends_Task015_AssetCatalog/Examples/ASSET_MASTER_CATALOG.csv","Task015","1","3D Model","Character Prop","shield","Vertical Slice","P0","N/A","Text to 3D","Planned","No","0","","","","","Assets/_Game/Art/Equipment/CharacterProps/Goblin","Planned destination; existence not asserted"
"weapon_grave_ranger_crossbow_001","Besta da Tumba","Grave Ranger Crossbow","Task015","IdleMedievalLegends_Task015_AssetCatalog/Examples/ASSET_MASTER_CATALOG.csv","Task015","1","3D Model","Character Prop","crossbow","Season 1","P2","N/A","Image to 3D","Planned","No","0","","","","","Assets/_Game/Art/Equipment/CharacterProps/Undead","Planned destination; existence not asserted"
"weapon_hero_archer_bow_001","Arco da Arqueira","Archer Bow","Task015","IdleMedievalLegends_Task015_AssetCatalog/Examples/ASSET_MASTER_CATALOG.csv","Task015","1","3D Model","Character Prop","bow","Vertical Slice","P0","N/A","Text to 3D","Planned","No","0","","","","","Assets/_Game/Art/Equipment/CharacterProps/Heroes","Planned destination; existence not asserted"
"weapon_hero_archer_quiver_001","Aljava da Arqueira","Archer Quiver","Task015","IdleMedievalLegends_Task015_AssetCatalog/Examples/ASSET_MASTER_CATALOG.csv","Task015","1","3D Model","Character Prop","quiver","Vertical Slice","P0","N/A","Text to 3D","Planned","No","0","","","","","Assets/_Game/Art/Equipment/CharacterProps/Heroes","Planned destination; existence not asserted"
"weapon_hero_mage_grimoire_001","Grimório do Mago","Mage Grimoire","Task015","IdleMedievalLegends_Task015_AssetCatalog/Examples/ASSET_MASTER_CATALOG.csv","Task015","1","3D Model","Character Prop","book","Season 1","P1","N/A","Image to 3D","Planned","No","0","","","","","Assets/_Game/Art/Equipment/CharacterProps/Heroes","Planned destination; existence not asserted"
"weapon_hero_mage_staff_001","Cajado do Mago","Mage Staff","Task015","IdleMedievalLegends_Task015_AssetCatalog/Examples/ASSET_MASTER_CATALOG.csv","Task015","1","3D Model","Character Prop","staff","Vertical Slice","P0","N/A","Text to 3D","Planned","No","0","","","","","Assets/_Game/Art/Equipment/CharacterProps/Heroes","Planned destination; existence not asserted"
"weapon_hero_paladin_shield_001","Escudo do Paladino","Paladin Shield","Task015","IdleMedievalLegends_Task015_AssetCatalog/Examples/ASSET_MASTER_CATALOG.csv","Task015","1","3D Model","Character Prop","shield","Vertical Slice","P0","N/A","Text to 3D","Planned","No","0","","","","","Assets/_Game/Art/Equipment/CharacterProps/Heroes","Planned destination; existence not asserted"
"weapon_hero_paladin_sword_001","Espada do Paladino","Paladin Sword","Task015","IdleMedievalLegends_Task015_AssetCatalog/Examples/ASSET_MASTER_CATALOG.csv","Task015","1","3D Model","Character Prop","1H sword","Vertical Slice","P0","N/A","Text to 3D","Planned","No","0","","","","","Assets/_Game/Art/Equipment/CharacterProps/Heroes","Planned destination; existence not asserted"
"weapon_hobgoblin_sword_001","Espada Hobgoblin","Hobgoblin Sword","Task015","IdleMedievalLegends_Task015_AssetCatalog/Examples/ASSET_MASTER_CATALOG.csv","Task015","1","3D Model","Character Prop","1H sword","MVP","P1","N/A","Image to 3D","Planned","No","0","","","","","Assets/_Game/Art/Equipment/CharacterProps/Goblin","Planned destination; existence not asserted"
"weapon_hobgoblin_tower_shield_001","Escudo-Torre Hobgoblin","Hobgoblin Tower Shield","Task015","IdleMedievalLegends_Task015_AssetCatalog/Examples/ASSET_MASTER_CATALOG.csv","Task015","1","3D Model","Character Prop","shield","MVP","P1","N/A","Image to 3D","Planned","No","0","","","","","Assets/_Game/Art/Equipment/CharacterProps/Goblin","Planned destination; existence not asserted"
"weapon_imp_dagger_001","Adaga de Diabrete","Imp Dagger","Task015","IdleMedievalLegends_Task015_AssetCatalog/Examples/ASSET_MASTER_CATALOG.csv","Task015","1","3D Model","Character Prop","dagger","Season 1","P1","N/A","Image to 3D","Planned","No","0","","","","","Assets/_Game/Art/Equipment/CharacterProps/Demon","Planned destination; existence not asserted"
"weapon_imp_legionary_shield_001","Escudo do Legionário Diabrete","Imp Legionary Shield","Task015","IdleMedievalLegends_Task015_AssetCatalog/Examples/ASSET_MASTER_CATALOG.csv","Task015","1","3D Model","Character Prop","shield","Season 1","P1","N/A","Image to 3D","Planned","No","0","","","","","Assets/_Game/Art/Equipment/CharacterProps/Demon","Planned destination; existence not asserted"
"weapon_imp_legionary_spear_001","Lança do Legionário Diabrete","Imp Legionary Spear","Task015","IdleMedievalLegends_Task015_AssetCatalog/Examples/ASSET_MASTER_CATALOG.csv","Task015","1","3D Model","Character Prop","spear","Season 1","P1","N/A","Image to 3D","Planned","No","0","","","","","Assets/_Game/Art/Equipment/CharacterProps/Demon","Planned destination; existence not asserted"
"weapon_imp_skirmisher_bow_001","Arco Infernal de Diabrete","Imp Skirmisher Bow","Task015","IdleMedievalLegends_Task015_AssetCatalog/Examples/ASSET_MASTER_CATALOG.csv","Task015","1","3D Model","Character Prop","bow","Season 1","P1","N/A","Image to 3D","Planned","No","0","","","","","Assets/_Game/Art/Equipment/CharacterProps/Demon","Planned destination; existence not asserted"
"weapon_incubus_warden_blades_001","Lâminas do Guardião Íncubo","Incubus Warden Blades","Task015","IdleMedievalLegends_Task015_AssetCatalog/Examples/ASSET_MASTER_CATALOG.csv","Task015","1","3D Model","Character Prop","dual blades","Season 1","P1","N/A","Image to 3D","Planned","No","0","","","","","Assets/_Game/Art/Equipment/CharacterProps/Demon","Planned destination; existence not asserted"
"weapon_lich_staff_001","Cajado do Lich","Lich Staff","Task015","IdleMedievalLegends_Task015_AssetCatalog/Examples/ASSET_MASTER_CATALOG.csv","Task015","1","3D Model","Character Prop","staff","Season 1","P1","N/A","Image to 3D","Planned","No","0","","","","","Assets/_Game/Art/Equipment/CharacterProps/Undead","Planned destination; existence not asserted"
"weapon_skeleton_bow_001","Arco Esquelético","Skeleton Bow","Task015","IdleMedievalLegends_Task015_AssetCatalog/Examples/ASSET_MASTER_CATALOG.csv","Task015","1","3D Model","Character Prop","bow","Season 1","P1","N/A","Image to 3D","Planned","No","0","","","","","Assets/_Game/Art/Equipment/CharacterProps/Undead","Planned destination; existence not asserted"
"weapon_skeleton_round_shield_001","Escudo Redondo Ósseo","Skeleton Round Shield","Task015","IdleMedievalLegends_Task015_AssetCatalog/Examples/ASSET_MASTER_CATALOG.csv","Task015","1","3D Model","Character Prop","shield","Season 1","P1","N/A","Image to 3D","Planned","No","0","","","","","Assets/_Game/Art/Equipment/CharacterProps/Undead","Planned destination; existence not asserted"
"weapon_skeleton_rusty_sword_001","Espada Enferrujada","Rusty Skeleton Sword","Task015","IdleMedievalLegends_Task015_AssetCatalog/Examples/ASSET_MASTER_CATALOG.csv","Task015","1","3D Model","Character Prop","1H sword","Season 1","P1","N/A","Image to 3D","Planned","No","0","","","","","Assets/_Game/Art/Equipment/CharacterProps/Undead","Planned destination; existence not asserted"
