asset_id,display_name_pt,display_name_en,family_key,category,slot,profession,tier,tier_theme,production_phase,priority,generation_method,scale_m,lod0_tri_min,lod0_tri_max,lod1_ratio,lod2_ratio,texture_resolution,material_slots_max,pivot,collider,base_material_primary,base_material_secondary,shape_language,family_form_language,rarity_variants,geometry_reuse_rule,mvp_wear_policy,concept_prompt_path,meshy_prompt_path,texture_variants_prompt_path,unity_model_path,unity_material_path,unity_prefab_path,approval_criteria,status
equipment_sword_1h_t01_base,Espada de Uma Mão T1,One-Handed Sword T1,sword_1h,Weapon,Main Hand,Blacksmith,1,Frontier,Vertical Slice,P0,Text to 3D,1.05,1200,2800,0.50,0.25,1024,2,center of grip,Box/Convex Mesh,raw iron and simple bronze,rawhide and rope,"functional, compact, simple construction, visible fasteners","straight readable blade, compact guard, thick mobile-safe silhouette",6,one base mesh per family+tier; rarity uses material/attachment variants,not wearable; separate hand prop,Prompts/ConceptArt/equipment_sword_1h_t01_base_concept_sheet.txt,Prompts/Meshy/BaseGeometry/equipment_sword_1h_t01_base_geometry.txt,Prompts/TextureVariants/equipment_sword_1h_t01_base_rarity_variants.txt,Assets/_Game/Art/Equipment/Weapon/sword_1h/T1/Models,Assets/_Game/Art/Equipment/Weapon/sword_1h/T1/Materials,Assets/_Game/Prefabs/Equipment/sword_1h/T1,readable at inventory scale; tier identity clear without UI; all six rarity variants preserve family; pivot and scale correct; no fragile geometry; URP PBR maps valid,Brief Ready
equipment_sword_1h_t02_base,Espada de Uma Mão T2,One-Handed Sword T2,sword_1h,Weapon,Main Hand,Blacksmith,2,Crafted,MVP,P1,Text to 3D,1.05,1200,2800,0.50,0.25,1024,2,center of grip,Box/Convex Mesh,tempered iron and low-carbon steel,treated leather,"cleaner craftsmanship, reinforced edges, balanced proportions","straight readable blade, compact guard, thick mobile-safe silhouette",6,one base mesh per family+tier; rarity uses material/attachment variants,not wearable; separate hand prop,Prompts/ConceptArt/equipment_sword_1h_t02_base_concept_sheet.txt,Prompts/Meshy/BaseGeometry/equipment_sword_1h_t02_base_geometry.txt,Prompts/TextureVariants/equipment_sword_1h_t02_base_rarity_variants.txt,Assets/_Game/Art/Equipment/Weapon/sword_1h/T2/Models,Assets/_Game/Art/Equipment/Weapon/sword_1h/T2/Materials,Assets/_Game/Prefabs/Equipment/sword_1h/T2,readable at inventory scale; tier identity clear without UI; all six rarity variants preserve family; pivot and scale correct; no fragile geometry; URP PBR maps valid,Brief Ready
equipment_sword_1h_t03_base,Espada de Uma Mão T3,One-Handed Sword T3,sword_1h,Weapon,Main Hand,Blacksmith,3,Runic,MVP,P1,Text to 3D,1.05,1200,2800,0.50,0.25,1024,2,center of grip,Box/Convex Mesh,polished steel and silversteel,reinforced leather,"first intentional rune channels, stronger silhouettes, one focal inset","straight readable blade, compact guard, thick mobile-safe silhouette",6,one base mesh per family+tier; rarity uses material/attachment variants,not wearable; separate hand prop,Prompts/ConceptArt/equipment_sword_1h_t03_base_concept_sheet.txt,Prompts/Meshy/BaseGeometry/equipment_sword_1h_t03_base_geometry.txt,Prompts/TextureVariants/equipment_sword_1h_t03_base_rarity_variants.txt,Assets/_Game/Art/Equipment/Weapon/sword_1h/T3/Models,Assets/_Game/Art/Equipment/Weapon/sword_1h/T3/Materials,Assets/_Game/Prefabs/Equipment/sword_1h/T3,readable at inventory scale; tier identity clear without UI; all six rarity variants preserve family; pivot and scale correct; no fragile geometry; URP PBR maps valid,Brief Ready
equipment_sword_1h_t04_base,Espada de Uma Mão T4,One-Handed Sword T4,sword_1h,Weapon,Main Hand,Blacksmith,4,Mithril,Season 1,P2,Text to 3D,1.05,1200,2800,0.50,0.25,1024,2,center of grip,Box/Convex Mesh,pale mithril and elven silver,silverleaf leather,"lighter refined construction, elegant curves, disciplined ornament","straight readable blade, compact guard, thick mobile-safe silhouette",6,one base mesh per family+tier; rarity uses material/attachment variants,not wearable; separate hand prop,Prompts/ConceptArt/equipment_sword_1h_t04_base_concept_sheet.txt,Prompts/Meshy/BaseGeometry/equipment_sword_1h_t04_base_geometry.txt,Prompts/TextureVariants/equipment_sword_1h_t04_base_rarity_variants.txt,Assets/_Game/Art/Equipment/Weapon/sword_1h/T4/Models,Assets/_Game/Art/Equipment/Weapon/sword_1h/T4/Materials,Assets/_Game/Prefabs/Equipment/sword_1h/T4,readable at inventory scale; tier identity clear without UI; all six rarity variants preserve family; pivot and scale correct; no fragile geometry; URP PBR maps valid,Brief Ready
equipment_sword_1h_t05_base,Espada de Uma Mão T5,One-Handed Sword T5,sword_1h,Weapon,Main Hand,Blacksmith,5,Ancestral,Season 1,P2,Text to 3D,1.05,1200,2800,0.50,0.25,1024,2,center of grip,Box/Convex Mesh,adamantite and ancestral bronze,ancestral hide,"heavier prestige construction, carved ancestry motifs, broad protected cores","straight readable blade, compact guard, thick mobile-safe silhouette",6,one base mesh per family+tier; rarity uses material/attachment variants,not wearable; separate hand prop,Prompts/ConceptArt/equipment_sword_1h_t05_base_concept_sheet.txt,Prompts/Meshy/BaseGeometry/equipment_sword_1h_t05_base_geometry.txt,Prompts/TextureVariants/equipment_sword_1h_t05_base_rarity_variants.txt,Assets/_Game/Art/Equipment/Weapon/sword_1h/T5/Models,Assets/_Game/Art/Equipment/Weapon/sword_1h/T5/Materials,Assets/_Game/Prefabs/Equipment/sword_1h/T5,readable at inventory scale; tier identity clear without UI; all six rarity variants preserve family; pivot and scale correct; no fragile geometry; URP PBR maps valid,Brief Ready
equipment_sword_1h_t06_base,Espada de Uma Mão T6,One-Handed Sword T6,sword_1h,Weapon,Main Hand,Blacksmith,6,Draconic,Season 1,P2,Text to 3D,1.05,1200,2800,0.50,0.25,1024,2,center of grip,Box/Convex Mesh,dragonsteel and metallic obsidian,dragon scale,"aggressive organic plates, scale rhythms, controlled heat channels","straight readable blade, compact guard, thick mobile-safe silhouette",6,one base mesh per family+tier; rarity uses material/attachment variants,not wearable; separate hand prop,Prompts/ConceptArt/equipment_sword_1h_t06_base_concept_sheet.txt,Prompts/Meshy/BaseGeometry/equipment_sword_1h_t06_base_geometry.txt,Prompts/TextureVariants/equipment_sword_1h_t06_base_rarity_variants.txt,Assets/_Game/Art/Equipment/Weapon/sword_1h/T6/Models,Assets/_Game/Art/Equipment/Weapon/sword_1h/T6/Materials,Assets/_Game/Prefabs/Equipment/sword_1h/T6,readable at inventory scale; tier identity clear without UI; all six rarity variants preserve family; pivot and scale correct; no fragile geometry; URP PBR maps valid,Brief Ready
equipment_sword_1h_t07_base,Espada de Uma Mão T7,One-Handed Sword T7,sword_1h,Weapon,Main Hand,Blacksmith,7,Astral,Season 1,P2,Text to 3D,1.05,1200,2800,0.50,0.25,1024,2,center of grip,Box/Convex Mesh,orichalcum and astral alloy,void leather,"unconventional celestial geometry, small suspended protected pieces, visible energy core","straight readable blade, compact guard, thick mobile-safe silhouette",6,one base mesh per family+tier; rarity uses material/attachment variants,not wearable; separate hand prop,Prompts/ConceptArt/equipment_sword_1h_t07_base_concept_sheet.txt,Prompts/Meshy/BaseGeometry/equipment_sword_1h_t07_base_geometry.txt,Prompts/TextureVariants/equipment_sword_1h_t07_base_rarity_variants.txt,Assets/_Game/Art/Equipment/Weapon/sword_1h/T7/Models,Assets/_Game/Art/Equipment/Weapon/sword_1h/T7/Materials,Assets/_Game/Prefabs/Equipment/sword_1h/T7,readable at inventory scale; tier identity clear without UI; all six rarity variants preserve family; pivot and scale correct; no fragile geometry; URP PBR maps valid,Brief Ready
equipment_sword_1h_t08_base,Espada de Uma Mão T8,One-Handed Sword T8,sword_1h,Weapon,Main Hand,Blacksmith,8,Celestial,Post-MVP,P3,Text to 3D,1.05,1200,2800,0.50,0.25,1024,2,center of grip,Box/Convex Mesh,aetherium and celestial alloy,seraph hide,"symmetric sacred construction, luminous inlays, elevated but robust silhouettes","straight readable blade, compact guard, thick mobile-safe silhouette",6,one base mesh per family+tier; rarity uses material/attachment variants,not wearable; separate hand prop,Prompts/ConceptArt/equipment_sword_1h_t08_base_concept_sheet.txt,Prompts/Meshy/BaseGeometry/equipment_sword_1h_t08_base_geometry.txt,Prompts/TextureVariants/equipment_sword_1h_t08_base_rarity_variants.txt,Assets/_Game/Art/Equipment/Weapon/sword_1h/T8/Models,Assets/_Game/Art/Equipment/Weapon/sword_1h/T8/Materials,Assets/_Game/Prefabs/Equipment/sword_1h/T8,readable at inventory scale; tier identity clear without UI; all six rarity variants preserve family; pivot and scale correct; no fragile geometry; URP PBR maps valid,Brief Ready
equipment_sword_1h_t09_base,Espada de Uma Mão T9,One-Handed Sword T9,sword_1h,Weapon,Main Hand,Blacksmith,9,Creation,Post-MVP,P3,Text to 3D,1.05,1200,2800,0.50,0.25,1024,2,center of grip,Box/Convex Mesh,primordial metal and divine alloy,fate leather,"signature construction, impossible but readable material, one defining creation motif","straight readable blade, compact guard, thick mobile-safe silhouette",6,one base mesh per family+tier; rarity uses material/attachment variants,not wearable; separate hand prop,Prompts/ConceptArt/equipment_sword_1h_t09_base_concept_sheet.txt,Prompts/Meshy/BaseGeometry/equipment_sword_1h_t09_base_geometry.txt,Prompts/TextureVariants/equipment_sword_1h_t09_base_rarity_variants.txt,Assets/_Game/Art/Equipment/Weapon/sword_1h/T9/Models,Assets/_Game/Art/Equipment/Weapon/sword_1h/T9/Materials,Assets/_Game/Prefabs/Equipment/sword_1h/T9,readable at inventory scale; tier identity clear without UI; all six rarity variants preserve family; pivot and scale correct; no fragile geometry; URP PBR maps valid,Brief Ready
equipment_shield_t01_base,Escudo T1,Shield T1,shield,Weapon,Off Hand,Blacksmith,1,Frontier,Vertical Slice,P0,Text to 3D,0.85,1500,3500,0.50,0.25,1024,2,center of rear grip,Box/Convex Mesh,raw iron and simple bronze,rawhide and rope,"functional, compact, simple construction, visible fasteners","broad protective face, strong outer rim, readable central emblem zone",6,one base mesh per family+tier; rarity uses material/attachment variants,not wearable; separate left-hand prop,Prompts/ConceptArt/equipment_shield_t01_base_concept_sheet.txt,Prompts/Meshy/BaseGeometry/equipment_shield_t01_base_geometry.txt,Prompts/TextureVariants/equipment_shield_t01_base_rarity_variants.txt,Assets/_Game/Art/Equipment/Weapon/shield/T1/Models,Assets/_Game/Art/Equipment/Weapon/shield/T1/Materials,Assets/_Game/Prefabs/Equipment/shield/T1,readable at inventory scale; tier identity clear without UI; all six rarity variants preserve family; pivot and scale correct; no fragile geometry; URP PBR maps valid,Brief Ready
equipment_shield_t02_base,Escudo T2,Shield T2,shield,Weapon,Off Hand,Blacksmith,2,Crafted,MVP,P1,Text to 3D,0.85,1500,3500,0.50,0.25,1024,2,center of rear grip,Box/Convex Mesh,tempered iron and low-carbon steel,treated leather,"cleaner craftsmanship, reinforced edges, balanced proportions","broad protective face, strong outer rim, readable central emblem zone",6,one base mesh per family+tier; rarity uses material/attachment variants,not wearable; separate left-hand prop,Prompts/ConceptArt/equipment_shield_t02_base_concept_sheet.txt,Prompts/Meshy/BaseGeometry/equipment_shield_t02_base_geometry.txt,Prompts/TextureVariants/equipment_shield_t02_base_rarity_variants.txt,Assets/_Game/Art/Equipment/Weapon/shield/T2/Models,Assets/_Game/Art/Equipment/Weapon/shield/T2/Materials,Assets/_Game/Prefabs/Equipment/shield/T2,readable at inventory scale; tier identity clear without UI; all six rarity variants preserve family; pivot and scale correct; no fragile geometry; URP PBR maps valid,Brief Ready
equipment_shield_t03_base,Escudo T3,Shield T3,shield,Weapon,Off Hand,Blacksmith,3,Runic,MVP,P1,Text to 3D,0.85,1500,3500,0.50,0.25,1024,2,center of rear grip,Box/Convex Mesh,polished steel and silversteel,reinforced leather,"first intentional rune channels, stronger silhouettes, one focal inset","broad protective face, strong outer rim, readable central emblem zone",6,one base mesh per family+tier; rarity uses material/attachment variants,not wearable; separate left-hand prop,Prompts/ConceptArt/equipment_shield_t03_base_concept_sheet.txt,Prompts/Meshy/BaseGeometry/equipment_shield_t03_base_geometry.txt,Prompts/TextureVariants/equipment_shield_t03_base_rarity_variants.txt,Assets/_Game/Art/Equipment/Weapon/shield/T3/Models,Assets/_Game/Art/Equipment/Weapon/shield/T3/Materials,Assets/_Game/Prefabs/Equipment/shield/T3,readable at inventory scale; tier identity clear without UI; all six rarity variants preserve family; pivot and scale correct; no fragile geometry; URP PBR maps valid,Brief Ready
equipment_shield_t04_base,Escudo T4,Shield T4,shield,Weapon,Off Hand,Blacksmith,4,Mithril,Season 1,P2,Text to 3D,0.85,1500,3500,0.50,0.25,1024,2,center of rear grip,Box/Convex Mesh,pale mithril and elven silver,silverleaf leather,"lighter refined construction, elegant curves, disciplined ornament","broad protective face, strong outer rim, readable central emblem zone",6,one base mesh per family+tier; rarity uses material/attachment variants,not wearable; separate left-hand prop,Prompts/ConceptArt/equipment_shield_t04_base_concept_sheet.txt,Prompts/Meshy/BaseGeometry/equipment_shield_t04_base_geometry.txt,Prompts/TextureVariants/equipment_shield_t04_base_rarity_variants.txt,Assets/_Game/Art/Equipment/Weapon/shield/T4/Models,Assets/_Game/Art/Equipment/Weapon/shield/T4/Materials,Assets/_Game/Prefabs/Equipment/shield/T4,readable at inventory scale; tier identity clear without UI; all six rarity variants preserve family; pivot and scale correct; no fragile geometry; URP PBR maps valid,Brief Ready
equipment_shield_t05_base,Escudo T5,Shield T5,shield,Weapon,Off Hand,Blacksmith,5,Ancestral,Season 1,P2,Text to 3D,0.85,1500,3500,0.50,0.25,1024,2,center of rear grip,Box/Convex Mesh,adamantite and ancestral bronze,ancestral hide,"heavier prestige construction, carved ancestry motifs, broad protected cores","broad protective face, strong outer rim, readable central emblem zone",6,one base mesh per family+tier; rarity uses material/attachment variants,not wearable; separate left-hand prop,Prompts/ConceptArt/equipment_shield_t05_base_concept_sheet.txt,Prompts/Meshy/BaseGeometry/equipment_shield_t05_base_geometry.txt,Prompts/TextureVariants/equipment_shield_t05_base_rarity_variants.txt,Assets/_Game/Art/Equipment/Weapon/shield/T5/Models,Assets/_Game/Art/Equipment/Weapon/shield/T5/Materials,Assets/_Game/Prefabs/Equipment/shield/T5,readable at inventory scale; tier identity clear without UI; all six rarity variants preserve family; pivot and scale correct; no fragile geometry; URP PBR maps valid,Brief Ready
equipment_shield_t06_base,Escudo T6,Shield T6,shield,Weapon,Off Hand,Blacksmith,6,Draconic,Season 1,P2,Text to 3D,0.85,1500,3500,0.50,0.25,1024,2,center of rear grip,Box/Convex Mesh,dragonsteel and metallic obsidian,dragon scale,"aggressive organic plates, scale rhythms, controlled heat channels","broad protective face, strong outer rim, readable central emblem zone",6,one base mesh per family+tier; rarity uses material/attachment variants,not wearable; separate left-hand prop,Prompts/ConceptArt/equipment_shield_t06_base_concept_sheet.txt,Prompts/Meshy/BaseGeometry/equipment_shield_t06_base_geometry.txt,Prompts/TextureVariants/equipment_shield_t06_base_rarity_variants.txt,Assets/_Game/Art/Equipment/Weapon/shield/T6/Models,Assets/_Game/Art/Equipment/Weapon/shield/T6/Materials,Assets/_Game/Prefabs/Equipment/shield/T6,readable at inventory scale; tier identity clear without UI; all six rarity variants preserve family; pivot and scale correct; no fragile geometry; URP PBR maps valid,Brief Ready
equipment_shield_t07_base,Escudo T7,Shield T7,shield,Weapon,Off Hand,Blacksmith,7,Astral,Season 1,P2,Text to 3D,0.85,1500,3500,0.50,0.25,1024,2,center of rear grip,Box/Convex Mesh,orichalcum and astral alloy,void leather,"unconventional celestial geometry, small suspended protected pieces, visible energy core","broad protective face, strong outer rim, readable central emblem zone",6,one base mesh per family+tier; rarity uses material/attachment variants,not wearable; separate left-hand prop,Prompts/ConceptArt/equipment_shield_t07_base_concept_sheet.txt,Prompts/Meshy/BaseGeometry/equipment_shield_t07_base_geometry.txt,Prompts/TextureVariants/equipment_shield_t07_base_rarity_variants.txt,Assets/_Game/Art/Equipment/Weapon/shield/T7/Models,Assets/_Game/Art/Equipment/Weapon/shield/T7/Materials,Assets/_Game/Prefabs/Equipment/shield/T7,readable at inventory scale; tier identity clear without UI; all six rarity variants preserve family; pivot and scale correct; no fragile geometry; URP PBR maps valid,Brief Ready
equipment_shield_t08_base,Escudo T8,Shield T8,shield,Weapon,Off Hand,Blacksmith,8,Celestial,Post-MVP,P3,Text to 3D,0.85,1500,3500,0.50,0.25,1024,2,center of rear grip,Box/Convex Mesh,aetherium and celestial alloy,seraph hide,"symmetric sacred construction, luminous inlays, elevated but robust silhouettes","broad protective face, strong outer rim, readable central emblem zone",6,one base mesh per family+tier; rarity uses material/attachment variants,not wearable; separate left-hand prop,Prompts/ConceptArt/equipment_shield_t08_base_concept_sheet.txt,Prompts/Meshy/BaseGeometry/equipment_shield_t08_base_geometry.txt,Prompts/TextureVariants/equipment_shield_t08_base_rarity_variants.txt,Assets/_Game/Art/Equipment/Weapon/shield/T8/Models,Assets/_Game/Art/Equipment/Weapon/shield/T8/Materials,Assets/_Game/Prefabs/Equipment/shield/T8,readable at inventory scale; tier identity clear without UI; all six rarity variants preserve family; pivot and scale correct; no fragile geometry; URP PBR maps valid,Brief Ready
equipment_shield_t09_base,Escudo T9,Shield T9,shield,Weapon,Off Hand,Blacksmith,9,Creation,Post-MVP,P3,Text to 3D,0.85,1500,3500,0.50,0.25,1024,2,center of rear grip,Box/Convex Mesh,primordial metal and divine alloy,fate leather,"signature construction, impossible but readable material, one defining creation motif","broad protective face, strong outer rim, readable central emblem zone",6,one base mesh per family+tier; rarity uses material/attachment variants,not wearable; separate left-hand prop,Prompts/ConceptArt/equipment_shield_t09_base_concept_sheet.txt,Prompts/Meshy/BaseGeometry/equipment_shield_t09_base_geometry.txt,Prompts/TextureVariants/equipment_shield_t09_base_rarity_variants.txt,Assets/_Game/Art/Equipment/Weapon/shield/T9/Models,Assets/_Game/Art/Equipment/Weapon/shield/T9/Materials,Assets/_Game/Prefabs/Equipment/shield/T9,readable at inventory scale; tier identity clear without UI; all six rarity variants preserve family; pivot and scale correct; no fragile geometry; URP PBR maps valid,Brief Ready
equipment_longbow_t01_base,Arco Longo T1,Longbow T1,longbow,Weapon,Main Hand,Blacksmith + Tailor,1,Frontier,Vertical Slice,P0,Text to 3D,1.55,1000,2400,0.50,0.25,1024,2,center of bow grip,Capsule/Box,rawhide and rope,common timber,"functional, compact, simple construction, visible fasteners","large continuous bow curve, thick limbs, clean grip and reinforced tips",6,one base mesh per family+tier; rarity uses material/attachment variants,not wearable; separate bow prop; string handled in Unity,Prompts/ConceptArt/equipment_longbow_t01_base_concept_sheet.txt,Prompts/Meshy/BaseGeometry/equipment_longbow_t01_base_geometry.txt,Prompts/TextureVariants/equipment_longbow_t01_base_rarity_variants.txt,Assets/_Game/Art/Equipment/Weapon/longbow/T1/Models,Assets/_Game/Art/Equipment/Weapon/longbow/T1/Materials,Assets/_Game/Prefabs/Equipment/longbow/T1,readable at inventory scale; tier identity clear without UI; all six rarity variants preserve family; pivot and scale correct; no fragile geometry; URP PBR maps valid,Brief Ready
equipment_longbow_t02_base,Arco Longo T2,Longbow T2,longbow,Weapon,Main Hand,Blacksmith + Tailor,2,Crafted,MVP,P1,Text to 3D,1.55,1000,2400,0.50,0.25,1024,2,center of bow grip,Capsule/Box,treated leather,ash and oak,"cleaner craftsmanship, reinforced edges, balanced proportions","large continuous bow curve, thick limbs, clean grip and reinforced tips",6,one base mesh per family+tier; rarity uses material/attachment variants,not wearable; separate bow prop; string handled in Unity,Prompts/ConceptArt/equipment_longbow_t02_base_concept_sheet.txt,Prompts/Meshy/BaseGeometry/equipment_longbow_t02_base_geometry.txt,Prompts/TextureVariants/equipment_longbow_t02_base_rarity_variants.txt,Assets/_Game/Art/Equipment/Weapon/longbow/T2/Models,Assets/_Game/Art/Equipment/Weapon/longbow/T2/Materials,Assets/_Game/Prefabs/Equipment/longbow/T2,readable at inventory scale; tier identity clear without UI; all six rarity variants preserve family; pivot and scale correct; no fragile geometry; URP PBR maps valid,Brief Ready
equipment_longbow_t03_base,Arco Longo T3,Longbow T3,longbow,Weapon,Main Hand,Blacksmith + Tailor,3,Runic,MVP,P1,Text to 3D,1.55,1000,2400,0.50,0.25,1024,2,center of bow grip,Capsule/Box,reinforced leather,reinforced darkwood,"first intentional rune channels, stronger silhouettes, one focal inset","large continuous bow curve, thick limbs, clean grip and reinforced tips",6,one base mesh per family+tier; rarity uses material/attachment variants,not wearable; separate bow prop; string handled in Unity,Prompts/ConceptArt/equipment_longbow_t03_base_concept_sheet.txt,Prompts/Meshy/BaseGeometry/equipment_longbow_t03_base_geometry.txt,Prompts/TextureVariants/equipment_longbow_t03_base_rarity_variants.txt,Assets/_Game/Art/Equipment/Weapon/longbow/T3/Models,Assets/_Game/Art/Equipment/Weapon/longbow/T3/Materials,Assets/_Game/Prefabs/Equipment/longbow/T3,readable at inventory scale; tier identity clear without UI; all six rarity variants preserve family; pivot and scale correct; no fragile geometry; URP PBR maps valid,Brief Ready
equipment_longbow_t04_base,Arco Longo T4,Longbow T4,longbow,Weapon,Main Hand,Blacksmith + Tailor,4,Mithril,Season 1,P2,Text to 3D,1.55,1000,2400,0.50,0.25,1024,2,center of bow grip,Capsule/Box,silverleaf leather,white or silver wood,"lighter refined construction, elegant curves, disciplined ornament","large continuous bow curve, thick limbs, clean grip and reinforced tips",6,one base mesh per family+tier; rarity uses material/attachment variants,not wearable; separate bow prop; string handled in Unity,Prompts/ConceptArt/equipment_longbow_t04_base_concept_sheet.txt,Prompts/Meshy/BaseGeometry/equipment_longbow_t04_base_geometry.txt,Prompts/TextureVariants/equipment_longbow_t04_base_rarity_variants.txt,Assets/_Game/Art/Equipment/Weapon/longbow/T4/Models,Assets/_Game/Art/Equipment/Weapon/longbow/T4/Materials,Assets/_Game/Prefabs/Equipment/longbow/T4,readable at inventory scale; tier identity clear without UI; all six rarity variants preserve family; pivot and scale correct; no fragile geometry; URP PBR maps valid,Brief Ready
equipment_longbow_t05_base,Arco Longo T5,Longbow T5,longbow,Weapon,Main Hand,Blacksmith + Tailor,5,Ancestral,Season 1,P2,Text to 3D,1.55,1000,2400,0.50,0.25,1024,2,center of bow grip,Capsule/Box,ancestral hide,petrified ancient wood,"heavier prestige construction, carved ancestry motifs, broad protected cores","large continuous bow curve, thick limbs, clean grip and reinforced tips",6,one base mesh per family+tier; rarity uses material/attachment variants,not wearable; separate bow prop; string handled in Unity,Prompts/ConceptArt/equipment_longbow_t05_base_concept_sheet.txt,Prompts/Meshy/BaseGeometry/equipment_longbow_t05_base_geometry.txt,Prompts/TextureVariants/equipment_longbow_t05_base_rarity_variants.txt,Assets/_Game/Art/Equipment/Weapon/longbow/T5/Models,Assets/_Game/Art/Equipment/Weapon/longbow/T5/Materials,Assets/_Game/Prefabs/Equipment/longbow/T5,readable at inventory scale; tier identity clear without UI; all six rarity variants preserve family; pivot and scale correct; no fragile geometry; URP PBR maps valid,Brief Ready
equipment_longbow_t06_base,Arco Longo T6,Longbow T6,longbow,Weapon,Main Hand,Blacksmith + Tailor,6,Draconic,Season 1,P2,Text to 3D,1.55,1000,2400,0.50,0.25,1024,2,center of bow grip,Capsule/Box,dragon scale,treated dragonbone and dark draconic wood,"aggressive organic plates, scale rhythms, controlled heat channels","large continuous bow curve, thick limbs, clean grip and reinforced tips",6,one base mesh per family+tier; rarity uses material/attachment variants,not wearable; separate bow prop; string handled in Unity,Prompts/ConceptArt/equipment_longbow_t06_base_concept_sheet.txt,Prompts/Meshy/BaseGeometry/equipment_longbow_t06_base_geometry.txt,Prompts/TextureVariants/equipment_longbow_t06_base_rarity_variants.txt,Assets/_Game/Art/Equipment/Weapon/longbow/T6/Models,Assets/_Game/Art/Equipment/Weapon/longbow/T6/Materials,Assets/_Game/Prefabs/Equipment/longbow/T6,readable at inventory scale; tier identity clear without UI; all six rarity variants preserve family; pivot and scale correct; no fragile geometry; URP PBR maps valid,Brief Ready
equipment_longbow_t07_base,Arco Longo T7,Longbow T7,longbow,Weapon,Main Hand,Blacksmith + Tailor,7,Astral,Season 1,P2,Text to 3D,1.55,1000,2400,0.50,0.25,1024,2,center of bow grip,Capsule/Box,void leather,starwood,"unconventional celestial geometry, small suspended protected pieces, visible energy core","large continuous bow curve, thick limbs, clean grip and reinforced tips",6,one base mesh per family+tier; rarity uses material/attachment variants,not wearable; separate bow prop; string handled in Unity,Prompts/ConceptArt/equipment_longbow_t07_base_concept_sheet.txt,Prompts/Meshy/BaseGeometry/equipment_longbow_t07_base_geometry.txt,Prompts/TextureVariants/equipment_longbow_t07_base_rarity_variants.txt,Assets/_Game/Art/Equipment/Weapon/longbow/T7/Models,Assets/_Game/Art/Equipment/Weapon/longbow/T7/Materials,Assets/_Game/Prefabs/Equipment/longbow/T7,readable at inventory scale; tier identity clear without UI; all six rarity variants preserve family; pivot and scale correct; no fragile geometry; URP PBR maps valid,Brief Ready
equipment_longbow_t08_base,Arco Longo T8,Longbow T8,longbow,Weapon,Main Hand,Blacksmith + Tailor,8,Celestial,Post-MVP,P3,Text to 3D,1.55,1000,2400,0.50,0.25,1024,2,center of bow grip,Capsule/Box,seraph hide,mineralized luminous material,"symmetric sacred construction, luminous inlays, elevated but robust silhouettes","large continuous bow curve, thick limbs, clean grip and reinforced tips",6,one base mesh per family+tier; rarity uses material/attachment variants,not wearable; separate bow prop; string handled in Unity,Prompts/ConceptArt/equipment_longbow_t08_base_concept_sheet.txt,Prompts/Meshy/BaseGeometry/equipment_longbow_t08_base_geometry.txt,Prompts/TextureVariants/equipment_longbow_t08_base_rarity_variants.txt,Assets/_Game/Art/Equipment/Weapon/longbow/T8/Models,Assets/_Game/Art/Equipment/Weapon/longbow/T8/Materials,Assets/_Game/Prefabs/Equipment/longbow/T8,readable at inventory scale; tier identity clear without UI; all six rarity variants preserve family; pivot and scale correct; no fragile geometry; URP PBR maps valid,Brief Ready
equipment_longbow_t09_base,Arco Longo T9,Longbow T9,longbow,Weapon,Main Hand,Blacksmith + Tailor,9,Creation,Post-MVP,P3,Text to 3D,1.55,1000,2400,0.50,0.25,1024,2,center of bow grip,Capsule/Box,fate leather,solidified primordial matter,"signature construction, impossible but readable material, one defining creation motif","large continuous bow curve, thick limbs, clean grip and reinforced tips",6,one base mesh per family+tier; rarity uses material/attachment variants,not wearable; separate bow prop; string handled in Unity,Prompts/ConceptArt/equipment_longbow_t09_base_concept_sheet.txt,Prompts/Meshy/BaseGeometry/equipment_longbow_t09_base_geometry.txt,Prompts/TextureVariants/equipment_longbow_t09_base_rarity_variants.txt,Assets/_Game/Art/Equipment/Weapon/longbow/T9/Models,Assets/_Game/Art/Equipment/Weapon/longbow/T9/Materials,Assets/_Game/Prefabs/Equipment/longbow/T9,readable at inventory scale; tier identity clear without UI; all six rarity variants preserve family; pivot and scale correct; no fragile geometry; URP PBR maps valid,Brief Ready
equipment_staff_t01_base,Cajado T1,Staff T1,staff,Weapon,Main Hand,Enchanter + Blacksmith,1,Frontier,Vertical Slice,P0,Text to 3D,1.75,1400,3400,0.50,0.25,1024,3,lower hand grip,Capsule/Box,common timber,pale quartz and nearly absent runes,"functional, compact, simple construction, visible fasteners","tall vertical silhouette, strong headpiece, protected magical focal core",6,one base mesh per family+tier; rarity uses material/attachment variants,not wearable; separate staff prop,Prompts/ConceptArt/equipment_staff_t01_base_concept_sheet.txt,Prompts/Meshy/BaseGeometry/equipment_staff_t01_base_geometry.txt,Prompts/TextureVariants/equipment_staff_t01_base_rarity_variants.txt,Assets/_Game/Art/Equipment/Weapon/staff/T1/Models,Assets/_Game/Art/Equipment/Weapon/staff/T1/Materials,Assets/_Game/Prefabs/Equipment/staff/T1,readable at inventory scale; tier identity clear without UI; all six rarity variants preserve family; pivot and scale correct; no fragile geometry; URP PBR maps valid,Brief Ready
equipment_staff_t02_base,Cajado T2,Staff T2,staff,Weapon,Main Hand,Enchanter + Blacksmith,2,Crafted,MVP,P1,Text to 3D,1.75,1400,3400,0.50,0.25,1024,3,lower hand grip,Capsule/Box,ash and oak,minor crystal and subtle inscriptions,"cleaner craftsmanship, reinforced edges, balanced proportions","tall vertical silhouette, strong headpiece, protected magical focal core",6,one base mesh per family+tier; rarity uses material/attachment variants,not wearable; separate staff prop,Prompts/ConceptArt/equipment_staff_t02_base_concept_sheet.txt,Prompts/Meshy/BaseGeometry/equipment_staff_t02_base_geometry.txt,Prompts/TextureVariants/equipment_staff_t02_base_rarity_variants.txt,Assets/_Game/Art/Equipment/Weapon/staff/T2/Models,Assets/_Game/Art/Equipment/Weapon/staff/T2/Materials,Assets/_Game/Prefabs/Equipment/staff/T2,readable at inventory scale; tier identity clear without UI; all six rarity variants preserve family; pivot and scale correct; no fragile geometry; URP PBR maps valid,Brief Ready
equipment_staff_t03_base,Cajado T3,Staff T3,staff,Weapon,Main Hand,Enchanter + Blacksmith,3,Runic,MVP,P1,Text to 3D,1.75,1400,3400,0.50,0.25,1024,3,lower hand grip,Capsule/Box,reinforced darkwood,"sapphire, rune core and visible engravings","first intentional rune channels, stronger silhouettes, one focal inset","tall vertical silhouette, strong headpiece, protected magical focal core",6,one base mesh per family+tier; rarity uses material/attachment variants,not wearable; separate staff prop,Prompts/ConceptArt/equipment_staff_t03_base_concept_sheet.txt,Prompts/Meshy/BaseGeometry/equipment_staff_t03_base_geometry.txt,Prompts/TextureVariants/equipment_staff_t03_base_rarity_variants.txt,Assets/_Game/Art/Equipment/Weapon/staff/T3/Models,Assets/_Game/Art/Equipment/Weapon/staff/T3/Materials,Assets/_Game/Prefabs/Equipment/staff/T3,readable at inventory scale; tier identity clear without UI; all six rarity variants preserve family; pivot and scale correct; no fragile geometry; URP PBR maps valid,Brief Ready
equipment_staff_t04_base,Cajado T4,Staff T4,staff,Weapon,Main Hand,Enchanter + Blacksmith,4,Mithril,Season 1,P2,Text to 3D,1.75,1400,3400,0.50,0.25,1024,3,lower hand grip,Capsule/Box,white or silver wood,spirit crystal,"lighter refined construction, elegant curves, disciplined ornament","tall vertical silhouette, strong headpiece, protected magical focal core",6,one base mesh per family+tier; rarity uses material/attachment variants,not wearable; separate staff prop,Prompts/ConceptArt/equipment_staff_t04_base_concept_sheet.txt,Prompts/Meshy/BaseGeometry/equipment_staff_t04_base_geometry.txt,Prompts/TextureVariants/equipment_staff_t04_base_rarity_variants.txt,Assets/_Game/Art/Equipment/Weapon/staff/T4/Models,Assets/_Game/Art/Equipment/Weapon/staff/T4/Materials,Assets/_Game/Prefabs/Equipment/staff/T4,readable at inventory scale; tier identity clear without UI; all six rarity variants preserve family; pivot and scale correct; no fragile geometry; URP PBR maps valid,Brief Ready
equipment_staff_t05_base,Cajado T5,Staff T5,staff,Weapon,Main Hand,Enchanter + Blacksmith,5,Ancestral,Season 1,P2,Text to 3D,1.75,1400,3400,0.50,0.25,1024,3,lower hand grip,Capsule/Box,petrified ancient wood,ancient crystal and deeply carved glyphs,"heavier prestige construction, carved ancestry motifs, broad protected cores","tall vertical silhouette, strong headpiece, protected magical focal core",6,one base mesh per family+tier; rarity uses material/attachment variants,not wearable; separate staff prop,Prompts/ConceptArt/equipment_staff_t05_base_concept_sheet.txt,Prompts/Meshy/BaseGeometry/equipment_staff_t05_base_geometry.txt,Prompts/TextureVariants/equipment_staff_t05_base_rarity_variants.txt,Assets/_Game/Art/Equipment/Weapon/staff/T5/Models,Assets/_Game/Art/Equipment/Weapon/staff/T5/Materials,Assets/_Game/Prefabs/Equipment/staff/T5,readable at inventory scale; tier identity clear without UI; all six rarity variants preserve family; pivot and scale correct; no fragile geometry; URP PBR maps valid,Brief Ready
equipment_staff_t06_base,Cajado T6,Staff T6,staff,Weapon,Main Hand,Enchanter + Blacksmith,6,Draconic,Season 1,P2,Text to 3D,1.75,1400,3400,0.50,0.25,1024,3,lower hand grip,Capsule/Box,treated dragonbone and dark draconic wood,prismatic crystal and controlled inner heat,"aggressive organic plates, scale rhythms, controlled heat channels","tall vertical silhouette, strong headpiece, protected magical focal core",6,one base mesh per family+tier; rarity uses material/attachment variants,not wearable; separate staff prop,Prompts/ConceptArt/equipment_staff_t06_base_concept_sheet.txt,Prompts/Meshy/BaseGeometry/equipment_staff_t06_base_geometry.txt,Prompts/TextureVariants/equipment_staff_t06_base_rarity_variants.txt,Assets/_Game/Art/Equipment/Weapon/staff/T6/Models,Assets/_Game/Art/Equipment/Weapon/staff/T6/Materials,Assets/_Game/Prefabs/Equipment/staff/T6,readable at inventory scale; tier identity clear without UI; all six rarity variants preserve family; pivot and scale correct; no fragile geometry; URP PBR maps valid,Brief Ready
equipment_staff_t07_base,Cajado T7,Staff T7,staff,Weapon,Main Hand,Enchanter + Blacksmith,7,Astral,Season 1,P2,Text to 3D,1.75,1400,3400,0.50,0.25,1024,3,lower hand grip,Capsule/Box,starwood,astral core with violet and cyan energy,"unconventional celestial geometry, small suspended protected pieces, visible energy core","tall vertical silhouette, strong headpiece, protected magical focal core",6,one base mesh per family+tier; rarity uses material/attachment variants,not wearable; separate staff prop,Prompts/ConceptArt/equipment_staff_t07_base_concept_sheet.txt,Prompts/Meshy/BaseGeometry/equipment_staff_t07_base_geometry.txt,Prompts/TextureVariants/equipment_staff_t07_base_rarity_variants.txt,Assets/_Game/Art/Equipment/Weapon/staff/T7/Models,Assets/_Game/Art/Equipment/Weapon/staff/T7/Materials,Assets/_Game/Prefabs/Equipment/staff/T7,readable at inventory scale; tier identity clear without UI; all six rarity variants preserve family; pivot and scale correct; no fragile geometry; URP PBR maps valid,Brief Ready
equipment_staff_t08_base,Cajado T8,Staff T8,staff,Weapon,Main Hand,Enchanter + Blacksmith,8,Celestial,Post-MVP,P3,Text to 3D,1.75,1400,3400,0.50,0.25,1024,3,lower hand grip,Capsule/Box,mineralized luminous material,divine prism and sacred light,"symmetric sacred construction, luminous inlays, elevated but robust silhouettes","tall vertical silhouette, strong headpiece, protected magical focal core",6,one base mesh per family+tier; rarity uses material/attachment variants,not wearable; separate staff prop,Prompts/ConceptArt/equipment_staff_t08_base_concept_sheet.txt,Prompts/Meshy/BaseGeometry/equipment_staff_t08_base_geometry.txt,Prompts/TextureVariants/equipment_staff_t08_base_rarity_variants.txt,Assets/_Game/Art/Equipment/Weapon/staff/T8/Models,Assets/_Game/Art/Equipment/Weapon/staff/T8/Materials,Assets/_Game/Prefabs/Equipment/staff/T8,readable at inventory scale; tier identity clear without UI; all six rarity variants preserve family; pivot and scale correct; no fragile geometry; URP PBR maps valid,Brief Ready
equipment_staff_t09_base,Cajado T9,Staff T9,staff,Weapon,Main Hand,Enchanter + Blacksmith,9,Creation,Post-MVP,P3,Text to 3D,1.75,1400,3400,0.50,0.25,1024,3,lower hand grip,Capsule/Box,solidified primordial matter,heart of creation and iridescent energy,"signature construction, impossible but readable material, one defining creation motif","tall vertical silhouette, strong headpiece, protected magical focal core",6,one base mesh per family+tier; rarity uses material/attachment variants,not wearable; separate staff prop,Prompts/ConceptArt/equipment_staff_t09_base_concept_sheet.txt,Prompts/Meshy/BaseGeometry/equipment_staff_t09_base_geometry.txt,Prompts/TextureVariants/equipment_staff_t09_base_rarity_variants.txt,Assets/_Game/Art/Equipment/Weapon/staff/T9/Models,Assets/_Game/Art/Equipment/Weapon/staff/T9/Materials,Assets/_Game/Prefabs/Equipment/staff/T9,readable at inventory scale; tier identity clear without UI; all six rarity variants preserve family; pivot and scale correct; no fragile geometry; URP PBR maps valid,Brief Ready
equipment_ring_t01_base,Anel T1,Ring T1,ring,Accessory,Ring,Enchanter,1,Frontier,Vertical Slice,P0,Text to 3D,0.035,300,800,0.50,0.25,512,2,geometric center,None,raw iron and simple bronze,pale quartz and nearly absent runes,"functional, compact, simple construction, visible fasteners","thick readable band, one focal setting, no hair-thin filigree",6,one base mesh per family+tier; rarity uses material/attachment variants,inventory/display prop; character visibility optional,Prompts/ConceptArt/equipment_ring_t01_base_concept_sheet.txt,Prompts/Meshy/BaseGeometry/equipment_ring_t01_base_geometry.txt,Prompts/TextureVariants/equipment_ring_t01_base_rarity_variants.txt,Assets/_Game/Art/Equipment/Accessory/ring/T1/Models,Assets/_Game/Art/Equipment/Accessory/ring/T1/Materials,Assets/_Game/Prefabs/Equipment/ring/T1,readable at inventory scale; tier identity clear without UI; all six rarity variants preserve family; pivot and scale correct; no fragile geometry; URP PBR maps valid,Brief Ready
equipment_ring_t02_base,Anel T2,Ring T2,ring,Accessory,Ring,Enchanter,2,Crafted,MVP,P1,Text to 3D,0.035,300,800,0.50,0.25,512,2,geometric center,None,tempered iron and low-carbon steel,minor crystal and subtle inscriptions,"cleaner craftsmanship, reinforced edges, balanced proportions","thick readable band, one focal setting, no hair-thin filigree",6,one base mesh per family+tier; rarity uses material/attachment variants,inventory/display prop; character visibility optional,Prompts/ConceptArt/equipment_ring_t02_base_concept_sheet.txt,Prompts/Meshy/BaseGeometry/equipment_ring_t02_base_geometry.txt,Prompts/TextureVariants/equipment_ring_t02_base_rarity_variants.txt,Assets/_Game/Art/Equipment/Accessory/ring/T2/Models,Assets/_Game/Art/Equipment/Accessory/ring/T2/Materials,Assets/_Game/Prefabs/Equipment/ring/T2,readable at inventory scale; tier identity clear without UI; all six rarity variants preserve family; pivot and scale correct; no fragile geometry; URP PBR maps valid,Brief Ready
equipment_ring_t03_base,Anel T3,Ring T3,ring,Accessory,Ring,Enchanter,3,Runic,MVP,P1,Text to 3D,0.035,300,800,0.50,0.25,512,2,geometric center,None,polished steel and silversteel,"sapphire, rune core and visible engravings","first intentional rune channels, stronger silhouettes, one focal inset","thick readable band, one focal setting, no hair-thin filigree",6,one base mesh per family+tier; rarity uses material/attachment variants,inventory/display prop; character visibility optional,Prompts/ConceptArt/equipment_ring_t03_base_concept_sheet.txt,Prompts/Meshy/BaseGeometry/equipment_ring_t03_base_geometry.txt,Prompts/TextureVariants/equipment_ring_t03_base_rarity_variants.txt,Assets/_Game/Art/Equipment/Accessory/ring/T3/Models,Assets/_Game/Art/Equipment/Accessory/ring/T3/Materials,Assets/_Game/Prefabs/Equipment/ring/T3,readable at inventory scale; tier identity clear without UI; all six rarity variants preserve family; pivot and scale correct; no fragile geometry; URP PBR maps valid,Brief Ready
equipment_ring_t04_base,Anel T4,Ring T4,ring,Accessory,Ring,Enchanter,4,Mithril,Season 1,P2,Text to 3D,0.035,300,800,0.50,0.25,512,2,geometric center,None,pale mithril and elven silver,spirit crystal,"lighter refined construction, elegant curves, disciplined ornament","thick readable band, one focal setting, no hair-thin filigree",6,one base mesh per family+tier; rarity uses material/attachment variants,inventory/display prop; character visibility optional,Prompts/ConceptArt/equipment_ring_t04_base_concept_sheet.txt,Prompts/Meshy/BaseGeometry/equipment_ring_t04_base_geometry.txt,Prompts/TextureVariants/equipment_ring_t04_base_rarity_variants.txt,Assets/_Game/Art/Equipment/Accessory/ring/T4/Models,Assets/_Game/Art/Equipment/Accessory/ring/T4/Materials,Assets/_Game/Prefabs/Equipment/ring/T4,readable at inventory scale; tier identity clear without UI; all six rarity variants preserve family; pivot and scale correct; no fragile geometry; URP PBR maps valid,Brief Ready
equipment_ring_t05_base,Anel T5,Ring T5,ring,Accessory,Ring,Enchanter,5,Ancestral,Season 1,P2,Text to 3D,0.035,300,800,0.50,0.25,512,2,geometric center,None,adamantite and ancestral bronze,ancient crystal and deeply carved glyphs,"heavier prestige construction, carved ancestry motifs, broad protected cores","thick readable band, one focal setting, no hair-thin filigree",6,one base mesh per family+tier; rarity uses material/attachment variants,inventory/display prop; character visibility optional,Prompts/ConceptArt/equipment_ring_t05_base_concept_sheet.txt,Prompts/Meshy/BaseGeometry/equipment_ring_t05_base_geometry.txt,Prompts/TextureVariants/equipment_ring_t05_base_rarity_variants.txt,Assets/_Game/Art/Equipment/Accessory/ring/T5/Models,Assets/_Game/Art/Equipment/Accessory/ring/T5/Materials,Assets/_Game/Prefabs/Equipment/ring/T5,readable at inventory scale; tier identity clear without UI; all six rarity variants preserve family; pivot and scale correct; no fragile geometry; URP PBR maps valid,Brief Ready
equipment_ring_t06_base,Anel T6,Ring T6,ring,Accessory,Ring,Enchanter,6,Draconic,Season 1,P2,Text to 3D,0.035,300,800,0.50,0.25,512,2,geometric center,None,dragonsteel and metallic obsidian,prismatic crystal and controlled inner heat,"aggressive organic plates, scale rhythms, controlled heat channels","thick readable band, one focal setting, no hair-thin filigree",6,one base mesh per family+tier; rarity uses material/attachment variants,inventory/display prop; character visibility optional,Prompts/ConceptArt/equipment_ring_t06_base_concept_sheet.txt,Prompts/Meshy/BaseGeometry/equipment_ring_t06_base_geometry.txt,Prompts/TextureVariants/equipment_ring_t06_base_rarity_variants.txt,Assets/_Game/Art/Equipment/Accessory/ring/T6/Models,Assets/_Game/Art/Equipment/Accessory/ring/T6/Materials,Assets/_Game/Prefabs/Equipment/ring/T6,readable at inventory scale; tier identity clear without UI; all six rarity variants preserve family; pivot and scale correct; no fragile geometry; URP PBR maps valid,Brief Ready
equipment_ring_t07_base,Anel T7,Ring T7,ring,Accessory,Ring,Enchanter,7,Astral,Season 1,P2,Text to 3D,0.035,300,800,0.50,0.25,512,2,geometric center,None,orichalcum and astral alloy,astral core with violet and cyan energy,"unconventional celestial geometry, small suspended protected pieces, visible energy core","thick readable band, one focal setting, no hair-thin filigree",6,one base mesh per family+tier; rarity uses material/attachment variants,inventory/display prop; character visibility optional,Prompts/ConceptArt/equipment_ring_t07_base_concept_sheet.txt,Prompts/Meshy/BaseGeometry/equipment_ring_t07_base_geometry.txt,Prompts/TextureVariants/equipment_ring_t07_base_rarity_variants.txt,Assets/_Game/Art/Equipment/Accessory/ring/T7/Models,Assets/_Game/Art/Equipment/Accessory/ring/T7/Materials,Assets/_Game/Prefabs/Equipment/ring/T7,readable at inventory scale; tier identity clear without UI; all six rarity variants preserve family; pivot and scale correct; no fragile geometry; URP PBR maps valid,Brief Ready
equipment_ring_t08_base,Anel T8,Ring T8,ring,Accessory,Ring,Enchanter,8,Celestial,Post-MVP,P3,Text to 3D,0.035,300,800,0.50,0.25,512,2,geometric center,None,aetherium and celestial alloy,divine prism and sacred light,"symmetric sacred construction, luminous inlays, elevated but robust silhouettes","thick readable band, one focal setting, no hair-thin filigree",6,one base mesh per family+tier; rarity uses material/attachment variants,inventory/display prop; character visibility optional,Prompts/ConceptArt/equipment_ring_t08_base_concept_sheet.txt,Prompts/Meshy/BaseGeometry/equipment_ring_t08_base_geometry.txt,Prompts/TextureVariants/equipment_ring_t08_base_rarity_variants.txt,Assets/_Game/Art/Equipment/Accessory/ring/T8/Models,Assets/_Game/Art/Equipment/Accessory/ring/T8/Materials,Assets/_Game/Prefabs/Equipment/ring/T8,readable at inventory scale; tier identity clear without UI; all six rarity variants preserve family; pivot and scale correct; no fragile geometry; URP PBR maps valid,Brief Ready
equipment_ring_t09_base,Anel T9,Ring T9,ring,Accessory,Ring,Enchanter,9,Creation,Post-MVP,P3,Text to 3D,0.035,300,800,0.50,0.25,512,2,geometric center,None,primordial metal and divine alloy,heart of creation and iridescent energy,"signature construction, impossible but readable material, one defining creation motif","thick readable band, one focal setting, no hair-thin filigree",6,one base mesh per family+tier; rarity uses material/attachment variants,inventory/display prop; character visibility optional,Prompts/ConceptArt/equipment_ring_t09_base_concept_sheet.txt,Prompts/Meshy/BaseGeometry/equipment_ring_t09_base_geometry.txt,Prompts/TextureVariants/equipment_ring_t09_base_rarity_variants.txt,Assets/_Game/Art/Equipment/Accessory/ring/T9/Models,Assets/_Game/Art/Equipment/Accessory/ring/T9/Materials,Assets/_Game/Prefabs/Equipment/ring/T9,readable at inventory scale; tier identity clear without UI; all six rarity variants preserve family; pivot and scale correct; no fragile geometry; URP PBR maps valid,Brief Ready
equipment_amulet_t01_base,Amuleto T1,Amulet T1,amulet,Accessory,Amulet,Enchanter + Tailor,1,Frontier,Vertical Slice,P0,Text to 3D,0.14,500,1300,0.50,0.25,512,2,top attachment loop,None,raw iron and simple bronze,pale quartz and nearly absent runes,"functional, compact, simple construction, visible fasteners","central pendant with chunky frame, short chain segment or cord, clear magical setting",6,one base mesh per family+tier; rarity uses material/attachment variants,inventory/display prop; character visibility optional,Prompts/ConceptArt/equipment_amulet_t01_base_concept_sheet.txt,Prompts/Meshy/BaseGeometry/equipment_amulet_t01_base_geometry.txt,Prompts/TextureVariants/equipment_amulet_t01_base_rarity_variants.txt,Assets/_Game/Art/Equipment/Accessory/amulet/T1/Models,Assets/_Game/Art/Equipment/Accessory/amulet/T1/Materials,Assets/_Game/Prefabs/Equipment/amulet/T1,readable at inventory scale; tier identity clear without UI; all six rarity variants preserve family; pivot and scale correct; no fragile geometry; URP PBR maps valid,Brief Ready
equipment_amulet_t02_base,Amuleto T2,Amulet T2,amulet,Accessory,Amulet,Enchanter + Tailor,2,Crafted,MVP,P1,Text to 3D,0.14,500,1300,0.50,0.25,512,2,top attachment loop,None,tempered iron and low-carbon steel,minor crystal and subtle inscriptions,"cleaner craftsmanship, reinforced edges, balanced proportions","central pendant with chunky frame, short chain segment or cord, clear magical setting",6,one base mesh per family+tier; rarity uses material/attachment variants,inventory/display prop; character visibility optional,Prompts/ConceptArt/equipment_amulet_t02_base_concept_sheet.txt,Prompts/Meshy/BaseGeometry/equipment_amulet_t02_base_geometry.txt,Prompts/TextureVariants/equipment_amulet_t02_base_rarity_variants.txt,Assets/_Game/Art/Equipment/Accessory/amulet/T2/Models,Assets/_Game/Art/Equipment/Accessory/amulet/T2/Materials,Assets/_Game/Prefabs/Equipment/amulet/T2,readable at inventory scale; tier identity clear without UI; all six rarity variants preserve family; pivot and scale correct; no fragile geometry; URP PBR maps valid,Brief Ready
equipment_amulet_t03_base,Amuleto T3,Amulet T3,amulet,Accessory,Amulet,Enchanter + Tailor,3,Runic,MVP,P1,Text to 3D,0.14,500,1300,0.50,0.25,512,2,top attachment loop,None,polished steel and silversteel,"sapphire, rune core and visible engravings","first intentional rune channels, stronger silhouettes, one focal inset","central pendant with chunky frame, short chain segment or cord, clear magical setting",6,one base mesh per family+tier; rarity uses material/attachment variants,inventory/display prop; character visibility optional,Prompts/ConceptArt/equipment_amulet_t03_base_concept_sheet.txt,Prompts/Meshy/BaseGeometry/equipment_amulet_t03_base_geometry.txt,Prompts/TextureVariants/equipment_amulet_t03_base_rarity_variants.txt,Assets/_Game/Art/Equipment/Accessory/amulet/T3/Models,Assets/_Game/Art/Equipment/Accessory/amulet/T3/Materials,Assets/_Game/Prefabs/Equipment/amulet/T3,readable at inventory scale; tier identity clear without UI; all six rarity variants preserve family; pivot and scale correct; no fragile geometry; URP PBR maps valid,Brief Ready
equipment_amulet_t04_base,Amuleto T4,Amulet T4,amulet,Accessory,Amulet,Enchanter + Tailor,4,Mithril,Season 1,P2,Text to 3D,0.14,500,1300,0.50,0.25,512,2,top attachment loop,None,pale mithril and elven silver,spirit crystal,"lighter refined construction, elegant curves, disciplined ornament","central pendant with chunky frame, short chain segment or cord, clear magical setting",6,one base mesh per family+tier; rarity uses material/attachment variants,inventory/display prop; character visibility optional,Prompts/ConceptArt/equipment_amulet_t04_base_concept_sheet.txt,Prompts/Meshy/BaseGeometry/equipment_amulet_t04_base_geometry.txt,Prompts/TextureVariants/equipment_amulet_t04_base_rarity_variants.txt,Assets/_Game/Art/Equipment/Accessory/amulet/T4/Models,Assets/_Game/Art/Equipment/Accessory/amulet/T4/Materials,Assets/_Game/Prefabs/Equipment/amulet/T4,readable at inventory scale; tier identity clear without UI; all six rarity variants preserve family; pivot and scale correct; no fragile geometry; URP PBR maps valid,Brief Ready
equipment_amulet_t05_base,Amuleto T5,Amulet T5,amulet,Accessory,Amulet,Enchanter + Tailor,5,Ancestral,Season 1,P2,Text to 3D,0.14,500,1300,0.50,0.25,512,2,top attachment loop,None,adamantite and ancestral bronze,ancient crystal and deeply carved glyphs,"heavier prestige construction, carved ancestry motifs, broad protected cores","central pendant with chunky frame, short chain segment or cord, clear magical setting",6,one base mesh per family+tier; rarity uses material/attachment variants,inventory/display prop; character visibility optional,Prompts/ConceptArt/equipment_amulet_t05_base_concept_sheet.txt,Prompts/Meshy/BaseGeometry/equipment_amulet_t05_base_geometry.txt,Prompts/TextureVariants/equipment_amulet_t05_base_rarity_variants.txt,Assets/_Game/Art/Equipment/Accessory/amulet/T5/Models,Assets/_Game/Art/Equipment/Accessory/amulet/T5/Materials,Assets/_Game/Prefabs/Equipment/amulet/T5,readable at inventory scale; tier identity clear without UI; all six rarity variants preserve family; pivot and scale correct; no fragile geometry; URP PBR maps valid,Brief Ready
equipment_amulet_t06_base,Amuleto T6,Amulet T6,amulet,Accessory,Amulet,Enchanter + Tailor,6,Draconic,Season 1,P2,Text to 3D,0.14,500,1300,0.50,0.25,512,2,top attachment loop,None,dragonsteel and metallic obsidian,prismatic crystal and controlled inner heat,"aggressive organic plates, scale rhythms, controlled heat channels","central pendant with chunky frame, short chain segment or cord, clear magical setting",6,one base mesh per family+tier; rarity uses material/attachment variants,inventory/display prop; character visibility optional,Prompts/ConceptArt/equipment_amulet_t06_base_concept_sheet.txt,Prompts/Meshy/BaseGeometry/equipment_amulet_t06_base_geometry.txt,Prompts/TextureVariants/equipment_amulet_t06_base_rarity_variants.txt,Assets/_Game/Art/Equipment/Accessory/amulet/T6/Models,Assets/_Game/Art/Equipment/Accessory/amulet/T6/Materials,Assets/_Game/Prefabs/Equipment/amulet/T6,readable at inventory scale; tier identity clear without UI; all six rarity variants preserve family; pivot and scale correct; no fragile geometry; URP PBR maps valid,Brief Ready
equipment_amulet_t07_base,Amuleto T7,Amulet T7,amulet,Accessory,Amulet,Enchanter + Tailor,7,Astral,Season 1,P2,Text to 3D,0.14,500,1300,0.50,0.25,512,2,top attachment loop,None,orichalcum and astral alloy,astral core with violet and cyan energy,"unconventional celestial geometry, small suspended protected pieces, visible energy core","central pendant with chunky frame, short chain segment or cord, clear magical setting",6,one base mesh per family+tier; rarity uses material/attachment variants,inventory/display prop; character visibility optional,Prompts/ConceptArt/equipment_amulet_t07_base_concept_sheet.txt,Prompts/Meshy/BaseGeometry/equipment_amulet_t07_base_geometry.txt,Prompts/TextureVariants/equipment_amulet_t07_base_rarity_variants.txt,Assets/_Game/Art/Equipment/Accessory/amulet/T7/Models,Assets/_Game/Art/Equipment/Accessory/amulet/T7/Materials,Assets/_Game/Prefabs/Equipment/amulet/T7,readable at inventory scale; tier identity clear without UI; all six rarity variants preserve family; pivot and scale correct; no fragile geometry; URP PBR maps valid,Brief Ready
equipment_amulet_t08_base,Amuleto T8,Amulet T8,amulet,Accessory,Amulet,Enchanter + Tailor,8,Celestial,Post-MVP,P3,Text to 3D,0.14,500,1300,0.50,0.25,512,2,top attachment loop,None,aetherium and celestial alloy,divine prism and sacred light,"symmetric sacred construction, luminous inlays, elevated but robust silhouettes","central pendant with chunky frame, short chain segment or cord, clear magical setting",6,one base mesh per family+tier; rarity uses material/attachment variants,inventory/display prop; character visibility optional,Prompts/ConceptArt/equipment_amulet_t08_base_concept_sheet.txt,Prompts/Meshy/BaseGeometry/equipment_amulet_t08_base_geometry.txt,Prompts/TextureVariants/equipment_amulet_t08_base_rarity_variants.txt,Assets/_Game/Art/Equipment/Accessory/amulet/T8/Models,Assets/_Game/Art/Equipment/Accessory/amulet/T8/Materials,Assets/_Game/Prefabs/Equipment/amulet/T8,readable at inventory scale; tier identity clear without UI; all six rarity variants preserve family; pivot and scale correct; no fragile geometry; URP PBR maps valid,Brief Ready
equipment_amulet_t09_base,Amuleto T9,Amulet T9,amulet,Accessory,Amulet,Enchanter + Tailor,9,Creation,Post-MVP,P3,Text to 3D,0.14,500,1300,0.50,0.25,512,2,top attachment loop,None,primordial metal and divine alloy,heart of creation and iridescent energy,"signature construction, impossible but readable material, one defining creation motif","central pendant with chunky frame, short chain segment or cord, clear magical setting",6,one base mesh per family+tier; rarity uses material/attachment variants,inventory/display prop; character visibility optional,Prompts/ConceptArt/equipment_amulet_t09_base_concept_sheet.txt,Prompts/Meshy/BaseGeometry/equipment_amulet_t09_base_geometry.txt,Prompts/TextureVariants/equipment_amulet_t09_base_rarity_variants.txt,Assets/_Game/Art/Equipment/Accessory/amulet/T9/Models,Assets/_Game/Art/Equipment/Accessory/amulet/T9/Materials,Assets/_Game/Prefabs/Equipment/amulet/T9,readable at inventory scale; tier identity clear without UI; all six rarity variants preserve family; pivot and scale correct; no fragile geometry; URP PBR maps valid,Brief Ready
equipment_heavy_helmet_t01_base,Elmo Pesado T1,Heavy Helmet T1,heavy_helmet,Heavy Armor,Head,Blacksmith,1,Frontier,Vertical Slice,P0,Image to 3D,0.32,1400,3000,0.50,0.25,1024,2,base center at neck opening,None,raw iron and simple bronze,rawhide and rope,"functional, compact, simple construction, visible fasteners","broad protective crown, face opening, moderate crest, no extreme spikes",6,one base mesh per family+tier; rarity uses material/attachment variants,inventory prop in MVP; full character skin handles wearable geometry,Prompts/ConceptArt/equipment_heavy_helmet_t01_base_concept_sheet.txt,Prompts/Meshy/BaseGeometry/equipment_heavy_helmet_t01_base_geometry.txt,Prompts/TextureVariants/equipment_heavy_helmet_t01_base_rarity_variants.txt,Assets/_Game/Art/Equipment/HeavyArmor/heavy_helmet/T1/Models,Assets/_Game/Art/Equipment/HeavyArmor/heavy_helmet/T1/Materials,Assets/_Game/Prefabs/Equipment/heavy_helmet/T1,readable at inventory scale; tier identity clear without UI; all six rarity variants preserve family; pivot and scale correct; no fragile geometry; URP PBR maps valid,Brief Ready
equipment_heavy_helmet_t02_base,Elmo Pesado T2,Heavy Helmet T2,heavy_helmet,Heavy Armor,Head,Blacksmith,2,Crafted,MVP,P1,Image to 3D,0.32,1400,3000,0.50,0.25,1024,2,base center at neck opening,None,tempered iron and low-carbon steel,treated leather,"cleaner craftsmanship, reinforced edges, balanced proportions","broad protective crown, face opening, moderate crest, no extreme spikes",6,one base mesh per family+tier; rarity uses material/attachment variants,inventory prop in MVP; full character skin handles wearable geometry,Prompts/ConceptArt/equipment_heavy_helmet_t02_base_concept_sheet.txt,Prompts/Meshy/BaseGeometry/equipment_heavy_helmet_t02_base_geometry.txt,Prompts/TextureVariants/equipment_heavy_helmet_t02_base_rarity_variants.txt,Assets/_Game/Art/Equipment/HeavyArmor/heavy_helmet/T2/Models,Assets/_Game/Art/Equipment/HeavyArmor/heavy_helmet/T2/Materials,Assets/_Game/Prefabs/Equipment/heavy_helmet/T2,readable at inventory scale; tier identity clear without UI; all six rarity variants preserve family; pivot and scale correct; no fragile geometry; URP PBR maps valid,Brief Ready
equipment_heavy_helmet_t03_base,Elmo Pesado T3,Heavy Helmet T3,heavy_helmet,Heavy Armor,Head,Blacksmith,3,Runic,MVP,P1,Image to 3D,0.32,1400,3000,0.50,0.25,1024,2,base center at neck opening,None,polished steel and silversteel,reinforced leather,"first intentional rune channels, stronger silhouettes, one focal inset","broad protective crown, face opening, moderate crest, no extreme spikes",6,one base mesh per family+tier; rarity uses material/attachment variants,inventory prop in MVP; full character skin handles wearable geometry,Prompts/ConceptArt/equipment_heavy_helmet_t03_base_concept_sheet.txt,Prompts/Meshy/BaseGeometry/equipment_heavy_helmet_t03_base_geometry.txt,Prompts/TextureVariants/equipment_heavy_helmet_t03_base_rarity_variants.txt,Assets/_Game/Art/Equipment/HeavyArmor/heavy_helmet/T3/Models,Assets/_Game/Art/Equipment/HeavyArmor/heavy_helmet/T3/Materials,Assets/_Game/Prefabs/Equipment/heavy_helmet/T3,readable at inventory scale; tier identity clear without UI; all six rarity variants preserve family; pivot and scale correct; no fragile geometry; URP PBR maps valid,Brief Ready
equipment_heavy_helmet_t04_base,Elmo Pesado T4,Heavy Helmet T4,heavy_helmet,Heavy Armor,Head,Blacksmith,4,Mithril,Season 1,P2,Image to 3D,0.32,1400,3000,0.50,0.25,1024,2,base center at neck opening,None,pale mithril and elven silver,silverleaf leather,"lighter refined construction, elegant curves, disciplined ornament","broad protective crown, face opening, moderate crest, no extreme spikes",6,one base mesh per family+tier; rarity uses material/attachment variants,inventory prop in MVP; full character skin handles wearable geometry,Prompts/ConceptArt/equipment_heavy_helmet_t04_base_concept_sheet.txt,Prompts/Meshy/BaseGeometry/equipment_heavy_helmet_t04_base_geometry.txt,Prompts/TextureVariants/equipment_heavy_helmet_t04_base_rarity_variants.txt,Assets/_Game/Art/Equipment/HeavyArmor/heavy_helmet/T4/Models,Assets/_Game/Art/Equipment/HeavyArmor/heavy_helmet/T4/Materials,Assets/_Game/Prefabs/Equipment/heavy_helmet/T4,readable at inventory scale; tier identity clear without UI; all six rarity variants preserve family; pivot and scale correct; no fragile geometry; URP PBR maps valid,Brief Ready
equipment_heavy_helmet_t05_base,Elmo Pesado T5,Heavy Helmet T5,heavy_helmet,Heavy Armor,Head,Blacksmith,5,Ancestral,Season 1,P2,Image to 3D,0.32,1400,3000,0.50,0.25,1024,2,base center at neck opening,None,adamantite and ancestral bronze,ancestral hide,"heavier prestige construction, carved ancestry motifs, broad protected cores","broad protective crown, face opening, moderate crest, no extreme spikes",6,one base mesh per family+tier; rarity uses material/attachment variants,inventory prop in MVP; full character skin handles wearable geometry,Prompts/ConceptArt/equipment_heavy_helmet_t05_base_concept_sheet.txt,Prompts/Meshy/BaseGeometry/equipment_heavy_helmet_t05_base_geometry.txt,Prompts/TextureVariants/equipment_heavy_helmet_t05_base_rarity_variants.txt,Assets/_Game/Art/Equipment/HeavyArmor/heavy_helmet/T5/Models,Assets/_Game/Art/Equipment/HeavyArmor/heavy_helmet/T5/Materials,Assets/_Game/Prefabs/Equipment/heavy_helmet/T5,readable at inventory scale; tier identity clear without UI; all six rarity variants preserve family; pivot and scale correct; no fragile geometry; URP PBR maps valid,Brief Ready
equipment_heavy_helmet_t06_base,Elmo Pesado T6,Heavy Helmet T6,heavy_helmet,Heavy Armor,Head,Blacksmith,6,Draconic,Season 1,P2,Image to 3D,0.32,1400,3000,0.50,0.25,1024,2,base center at neck opening,None,dragonsteel and metallic obsidian,dragon scale,"aggressive organic plates, scale rhythms, controlled heat channels","broad protective crown, face opening, moderate crest, no extreme spikes",6,one base mesh per family+tier; rarity uses material/attachment variants,inventory prop in MVP; full character skin handles wearable geometry,Prompts/ConceptArt/equipment_heavy_helmet_t06_base_concept_sheet.txt,Prompts/Meshy/BaseGeometry/equipment_heavy_helmet_t06_base_geometry.txt,Prompts/TextureVariants/equipment_heavy_helmet_t06_base_rarity_variants.txt,Assets/_Game/Art/Equipment/HeavyArmor/heavy_helmet/T6/Models,Assets/_Game/Art/Equipment/HeavyArmor/heavy_helmet/T6/Materials,Assets/_Game/Prefabs/Equipment/heavy_helmet/T6,readable at inventory scale; tier identity clear without UI; all six rarity variants preserve family; pivot and scale correct; no fragile geometry; URP PBR maps valid,Brief Ready
equipment_heavy_helmet_t07_base,Elmo Pesado T7,Heavy Helmet T7,heavy_helmet,Heavy Armor,Head,Blacksmith,7,Astral,Season 1,P2,Image to 3D,0.32,1400,3000,0.50,0.25,1024,2,base center at neck opening,None,orichalcum and astral alloy,void leather,"unconventional celestial geometry, small suspended protected pieces, visible energy core","broad protective crown, face opening, moderate crest, no extreme spikes",6,one base mesh per family+tier; rarity uses material/attachment variants,inventory prop in MVP; full character skin handles wearable geometry,Prompts/ConceptArt/equipment_heavy_helmet_t07_base_concept_sheet.txt,Prompts/Meshy/BaseGeometry/equipment_heavy_helmet_t07_base_geometry.txt,Prompts/TextureVariants/equipment_heavy_helmet_t07_base_rarity_variants.txt,Assets/_Game/Art/Equipment/HeavyArmor/heavy_helmet/T7/Models,Assets/_Game/Art/Equipment/HeavyArmor/heavy_helmet/T7/Materials,Assets/_Game/Prefabs/Equipment/heavy_helmet/T7,readable at inventory scale; tier identity clear without UI; all six rarity variants preserve family; pivot and scale correct; no fragile geometry; URP PBR maps valid,Brief Ready
equipment_heavy_helmet_t08_base,Elmo Pesado T8,Heavy Helmet T8,heavy_helmet,Heavy Armor,Head,Blacksmith,8,Celestial,Post-MVP,P3,Image to 3D,0.32,1400,3000,0.50,0.25,1024,2,base center at neck opening,None,aetherium and celestial alloy,seraph hide,"symmetric sacred construction, luminous inlays, elevated but robust silhouettes","broad protective crown, face opening, moderate crest, no extreme spikes",6,one base mesh per family+tier; rarity uses material/attachment variants,inventory prop in MVP; full character skin handles wearable geometry,Prompts/ConceptArt/equipment_heavy_helmet_t08_base_concept_sheet.txt,Prompts/Meshy/BaseGeometry/equipment_heavy_helmet_t08_base_geometry.txt,Prompts/TextureVariants/equipment_heavy_helmet_t08_base_rarity_variants.txt,Assets/_Game/Art/Equipment/HeavyArmor/heavy_helmet/T8/Models,Assets/_Game/Art/Equipment/HeavyArmor/heavy_helmet/T8/Materials,Assets/_Game/Prefabs/Equipment/heavy_helmet/T8,readable at inventory scale; tier identity clear without UI; all six rarity variants preserve family; pivot and scale correct; no fragile geometry; URP PBR maps valid,Brief Ready
equipment_heavy_helmet_t09_base,Elmo Pesado T9,Heavy Helmet T9,heavy_helmet,Heavy Armor,Head,Blacksmith,9,Creation,Post-MVP,P3,Image to 3D,0.32,1400,3000,0.50,0.25,1024,2,base center at neck opening,None,primordial metal and divine alloy,fate leather,"signature construction, impossible but readable material, one defining creation motif","broad protective crown, face opening, moderate crest, no extreme spikes",6,one base mesh per family+tier; rarity uses material/attachment variants,inventory prop in MVP; full character skin handles wearable geometry,Prompts/ConceptArt/equipment_heavy_helmet_t09_base_concept_sheet.txt,Prompts/Meshy/BaseGeometry/equipment_heavy_helmet_t09_base_geometry.txt,Prompts/TextureVariants/equipment_heavy_helmet_t09_base_rarity_variants.txt,Assets/_Game/Art/Equipment/HeavyArmor/heavy_helmet/T9/Models,Assets/_Game/Art/Equipment/HeavyArmor/heavy_helmet/T9/Materials,Assets/_Game/Prefabs/Equipment/heavy_helmet/T9,readable at inventory scale; tier identity clear without UI; all six rarity variants preserve family; pivot and scale correct; no fragile geometry; URP PBR maps valid,Brief Ready
equipment_heavy_chest_t01_base,Peitoral Pesado T1,Heavy Chest Armor T1,heavy_chest,Heavy Armor,Chest,Blacksmith,1,Frontier,Vertical Slice,P0,Image to 3D,0.72,2500,5000,0.50,0.25,1024,3,center at waist line,None,raw iron and simple bronze,rawhide and rope,"functional, compact, simple construction, visible fasteners","layered breastplate, broad shoulders represented without mannequin, strong waist closure",6,one base mesh per family+tier; rarity uses material/attachment variants,inventory prop in MVP; full character skin handles wearable geometry,Prompts/ConceptArt/equipment_heavy_chest_t01_base_concept_sheet.txt,Prompts/Meshy/BaseGeometry/equipment_heavy_chest_t01_base_geometry.txt,Prompts/TextureVariants/equipment_heavy_chest_t01_base_rarity_variants.txt,Assets/_Game/Art/Equipment/HeavyArmor/heavy_chest/T1/Models,Assets/_Game/Art/Equipment/HeavyArmor/heavy_chest/T1/Materials,Assets/_Game/Prefabs/Equipment/heavy_chest/T1,readable at inventory scale; tier identity clear without UI; all six rarity variants preserve family; pivot and scale correct; no fragile geometry; URP PBR maps valid,Brief Ready
equipment_heavy_chest_t02_base,Peitoral Pesado T2,Heavy Chest Armor T2,heavy_chest,Heavy Armor,Chest,Blacksmith,2,Crafted,MVP,P1,Image to 3D,0.72,2500,5000,0.50,0.25,1024,3,center at waist line,None,tempered iron and low-carbon steel,treated leather,"cleaner craftsmanship, reinforced edges, balanced proportions","layered breastplate, broad shoulders represented without mannequin, strong waist closure",6,one base mesh per family+tier; rarity uses material/attachment variants,inventory prop in MVP; full character skin handles wearable geometry,Prompts/ConceptArt/equipment_heavy_chest_t02_base_concept_sheet.txt,Prompts/Meshy/BaseGeometry/equipment_heavy_chest_t02_base_geometry.txt,Prompts/TextureVariants/equipment_heavy_chest_t02_base_rarity_variants.txt,Assets/_Game/Art/Equipment/HeavyArmor/heavy_chest/T2/Models,Assets/_Game/Art/Equipment/HeavyArmor/heavy_chest/T2/Materials,Assets/_Game/Prefabs/Equipment/heavy_chest/T2,readable at inventory scale; tier identity clear without UI; all six rarity variants preserve family; pivot and scale correct; no fragile geometry; URP PBR maps valid,Brief Ready
equipment_heavy_chest_t03_base,Peitoral Pesado T3,Heavy Chest Armor T3,heavy_chest,Heavy Armor,Chest,Blacksmith,3,Runic,MVP,P1,Image to 3D,0.72,2500,5000,0.50,0.25,1024,3,center at waist line,None,polished steel and silversteel,reinforced leather,"first intentional rune channels, stronger silhouettes, one focal inset","layered breastplate, broad shoulders represented without mannequin, strong waist closure",6,one base mesh per family+tier; rarity uses material/attachment variants,inventory prop in MVP; full character skin handles wearable geometry,Prompts/ConceptArt/equipment_heavy_chest_t03_base_concept_sheet.txt,Prompts/Meshy/BaseGeometry/equipment_heavy_chest_t03_base_geometry.txt,Prompts/TextureVariants/equipment_heavy_chest_t03_base_rarity_variants.txt,Assets/_Game/Art/Equipment/HeavyArmor/heavy_chest/T3/Models,Assets/_Game/Art/Equipment/HeavyArmor/heavy_chest/T3/Materials,Assets/_Game/Prefabs/Equipment/heavy_chest/T3,readable at inventory scale; tier identity clear without UI; all six rarity variants preserve family; pivot and scale correct; no fragile geometry; URP PBR maps valid,Brief Ready
equipment_heavy_chest_t04_base,Peitoral Pesado T4,Heavy Chest Armor T4,heavy_chest,Heavy Armor,Chest,Blacksmith,4,Mithril,Season 1,P2,Image to 3D,0.72,2500,5000,0.50,0.25,1024,3,center at waist line,None,pale mithril and elven silver,silverleaf leather,"lighter refined construction, elegant curves, disciplined ornament","layered breastplate, broad shoulders represented without mannequin, strong waist closure",6,one base mesh per family+tier; rarity uses material/attachment variants,inventory prop in MVP; full character skin handles wearable geometry,Prompts/ConceptArt/equipment_heavy_chest_t04_base_concept_sheet.txt,Prompts/Meshy/BaseGeometry/equipment_heavy_chest_t04_base_geometry.txt,Prompts/TextureVariants/equipment_heavy_chest_t04_base_rarity_variants.txt,Assets/_Game/Art/Equipment/HeavyArmor/heavy_chest/T4/Models,Assets/_Game/Art/Equipment/HeavyArmor/heavy_chest/T4/Materials,Assets/_Game/Prefabs/Equipment/heavy_chest/T4,readable at inventory scale; tier identity clear without UI; all six rarity variants preserve family; pivot and scale correct; no fragile geometry; URP PBR maps valid,Brief Ready
equipment_heavy_chest_t05_base,Peitoral Pesado T5,Heavy Chest Armor T5,heavy_chest,Heavy Armor,Chest,Blacksmith,5,Ancestral,Season 1,P2,Image to 3D,0.72,2500,5000,0.50,0.25,1024,3,center at waist line,None,adamantite and ancestral bronze,ancestral hide,"heavier prestige construction, carved ancestry motifs, broad protected cores","layered breastplate, broad shoulders represented without mannequin, strong waist closure",6,one base mesh per family+tier; rarity uses material/attachment variants,inventory prop in MVP; full character skin handles wearable geometry,Prompts/ConceptArt/equipment_heavy_chest_t05_base_concept_sheet.txt,Prompts/Meshy/BaseGeometry/equipment_heavy_chest_t05_base_geometry.txt,Prompts/TextureVariants/equipment_heavy_chest_t05_base_rarity_variants.txt,Assets/_Game/Art/Equipment/HeavyArmor/heavy_chest/T5/Models,Assets/_Game/Art/Equipment/HeavyArmor/heavy_chest/T5/Materials,Assets/_Game/Prefabs/Equipment/heavy_chest/T5,readable at inventory scale; tier identity clear without UI; all six rarity variants preserve family; pivot and scale correct; no fragile geometry; URP PBR maps valid,Brief Ready
equipment_heavy_chest_t06_base,Peitoral Pesado T6,Heavy Chest Armor T6,heavy_chest,Heavy Armor,Chest,Blacksmith,6,Draconic,Season 1,P2,Image to 3D,0.72,2500,5000,0.50,0.25,1024,3,center at waist line,None,dragonsteel and metallic obsidian,dragon scale,"aggressive organic plates, scale rhythms, controlled heat channels","layered breastplate, broad shoulders represented without mannequin, strong waist closure",6,one base mesh per family+tier; rarity uses material/attachment variants,inventory prop in MVP; full character skin handles wearable geometry,Prompts/ConceptArt/equipment_heavy_chest_t06_base_concept_sheet.txt,Prompts/Meshy/BaseGeometry/equipment_heavy_chest_t06_base_geometry.txt,Prompts/TextureVariants/equipment_heavy_chest_t06_base_rarity_variants.txt,Assets/_Game/Art/Equipment/HeavyArmor/heavy_chest/T6/Models,Assets/_Game/Art/Equipment/HeavyArmor/heavy_chest/T6/Materials,Assets/_Game/Prefabs/Equipment/heavy_chest/T6,readable at inventory scale; tier identity clear without UI; all six rarity variants preserve family; pivot and scale correct; no fragile geometry; URP PBR maps valid,Brief Ready
equipment_heavy_chest_t07_base,Peitoral Pesado T7,Heavy Chest Armor T7,heavy_chest,Heavy Armor,Chest,Blacksmith,7,Astral,Season 1,P2,Image to 3D,0.72,2500,5000,0.50,0.25,1024,3,center at waist line,None,orichalcum and astral alloy,void leather,"unconventional celestial geometry, small suspended protected pieces, visible energy core","layered breastplate, broad shoulders represented without mannequin, strong waist closure",6,one base mesh per family+tier; rarity uses material/attachment variants,inventory prop in MVP; full character skin handles wearable geometry,Prompts/ConceptArt/equipment_heavy_chest_t07_base_concept_sheet.txt,Prompts/Meshy/BaseGeometry/equipment_heavy_chest_t07_base_geometry.txt,Prompts/TextureVariants/equipment_heavy_chest_t07_base_rarity_variants.txt,Assets/_Game/Art/Equipment/HeavyArmor/heavy_chest/T7/Models,Assets/_Game/Art/Equipment/HeavyArmor/heavy_chest/T7/Materials,Assets/_Game/Prefabs/Equipment/heavy_chest/T7,readable at inventory scale; tier identity clear without UI; all six rarity variants preserve family; pivot and scale correct; no fragile geometry; URP PBR maps valid,Brief Ready
equipment_heavy_chest_t08_base,Peitoral Pesado T8,Heavy Chest Armor T8,heavy_chest,Heavy Armor,Chest,Blacksmith,8,Celestial,Post-MVP,P3,Image to 3D,0.72,2500,5000,0.50,0.25,1024,3,center at waist line,None,aetherium and celestial alloy,seraph hide,"symmetric sacred construction, luminous inlays, elevated but robust silhouettes","layered breastplate, broad shoulders represented without mannequin, strong waist closure",6,one base mesh per family+tier; rarity uses material/attachment variants,inventory prop in MVP; full character skin handles wearable geometry,Prompts/ConceptArt/equipment_heavy_chest_t08_base_concept_sheet.txt,Prompts/Meshy/BaseGeometry/equipment_heavy_chest_t08_base_geometry.txt,Prompts/TextureVariants/equipment_heavy_chest_t08_base_rarity_variants.txt,Assets/_Game/Art/Equipment/HeavyArmor/heavy_chest/T8/Models,Assets/_Game/Art/Equipment/HeavyArmor/heavy_chest/T8/Materials,Assets/_Game/Prefabs/Equipment/heavy_chest/T8,readable at inventory scale; tier identity clear without UI; all six rarity variants preserve family; pivot and scale correct; no fragile geometry; URP PBR maps valid,Brief Ready
equipment_heavy_chest_t09_base,Peitoral Pesado T9,Heavy Chest Armor T9,heavy_chest,Heavy Armor,Chest,Blacksmith,9,Creation,Post-MVP,P3,Image to 3D,0.72,2500,5000,0.50,0.25,1024,3,center at waist line,None,primordial metal and divine alloy,fate leather,"signature construction, impossible but readable material, one defining creation motif","layered breastplate, broad shoulders represented without mannequin, strong waist closure",6,one base mesh per family+tier; rarity uses material/attachment variants,inventory prop in MVP; full character skin handles wearable geometry,Prompts/ConceptArt/equipment_heavy_chest_t09_base_concept_sheet.txt,Prompts/Meshy/BaseGeometry/equipment_heavy_chest_t09_base_geometry.txt,Prompts/TextureVariants/equipment_heavy_chest_t09_base_rarity_variants.txt,Assets/_Game/Art/Equipment/HeavyArmor/heavy_chest/T9/Models,Assets/_Game/Art/Equipment/HeavyArmor/heavy_chest/T9/Materials,Assets/_Game/Prefabs/Equipment/heavy_chest/T9,readable at inventory scale; tier identity clear without UI; all six rarity variants preserve family; pivot and scale correct; no fragile geometry; URP PBR maps valid,Brief Ready
equipment_heavy_gloves_t01_base,Manoplas Pesadas T1,Heavy Gauntlets T1,heavy_gloves,Heavy Armor,Hands,Blacksmith,1,Frontier,Vertical Slice,P0,Image to 3D,0.28,900,2200,0.50,0.25,1024,2,wrist center,None,raw iron and simple bronze,rawhide and rope,"functional, compact, simple construction, visible fasteners","paired armored gauntlets displayed symmetrically, chunky fingers, layered wrist plates",6,one base mesh per family+tier; rarity uses material/attachment variants,inventory prop pair in MVP; full character skin handles wearable geometry,Prompts/ConceptArt/equipment_heavy_gloves_t01_base_concept_sheet.txt,Prompts/Meshy/BaseGeometry/equipment_heavy_gloves_t01_base_geometry.txt,Prompts/TextureVariants/equipment_heavy_gloves_t01_base_rarity_variants.txt,Assets/_Game/Art/Equipment/HeavyArmor/heavy_gloves/T1/Models,Assets/_Game/Art/Equipment/HeavyArmor/heavy_gloves/T1/Materials,Assets/_Game/Prefabs/Equipment/heavy_gloves/T1,readable at inventory scale; tier identity clear without UI; all six rarity variants preserve family; pivot and scale correct; no fragile geometry; URP PBR maps valid,Brief Ready
equipment_heavy_gloves_t02_base,Manoplas Pesadas T2,Heavy Gauntlets T2,heavy_gloves,Heavy Armor,Hands,Blacksmith,2,Crafted,MVP,P1,Image to 3D,0.28,900,2200,0.50,0.25,1024,2,wrist center,None,tempered iron and low-carbon steel,treated leather,"cleaner craftsmanship, reinforced edges, balanced proportions","paired armored gauntlets displayed symmetrically, chunky fingers, layered wrist plates",6,one base mesh per family+tier; rarity uses material/attachment variants,inventory prop pair in MVP; full character skin handles wearable geometry,Prompts/ConceptArt/equipment_heavy_gloves_t02_base_concept_sheet.txt,Prompts/Meshy/BaseGeometry/equipment_heavy_gloves_t02_base_geometry.txt,Prompts/TextureVariants/equipment_heavy_gloves_t02_base_rarity_variants.txt,Assets/_Game/Art/Equipment/HeavyArmor/heavy_gloves/T2/Models,Assets/_Game/Art/Equipment/HeavyArmor/heavy_gloves/T2/Materials,Assets/_Game/Prefabs/Equipment/heavy_gloves/T2,readable at inventory scale; tier identity clear without UI; all six rarity variants preserve family; pivot and scale correct; no fragile geometry; URP PBR maps valid,Brief Ready
equipment_heavy_gloves_t03_base,Manoplas Pesadas T3,Heavy Gauntlets T3,heavy_gloves,Heavy Armor,Hands,Blacksmith,3,Runic,MVP,P1,Image to 3D,0.28,900,2200,0.50,0.25,1024,2,wrist center,None,polished steel and silversteel,reinforced leather,"first intentional rune channels, stronger silhouettes, one focal inset","paired armored gauntlets displayed symmetrically, chunky fingers, layered wrist plates",6,one base mesh per family+tier; rarity uses material/attachment variants,inventory prop pair in MVP; full character skin handles wearable geometry,Prompts/ConceptArt/equipment_heavy_gloves_t03_base_concept_sheet.txt,Prompts/Meshy/BaseGeometry/equipment_heavy_gloves_t03_base_geometry.txt,Prompts/TextureVariants/equipment_heavy_gloves_t03_base_rarity_variants.txt,Assets/_Game/Art/Equipment/HeavyArmor/heavy_gloves/T3/Models,Assets/_Game/Art/Equipment/HeavyArmor/heavy_gloves/T3/Materials,Assets/_Game/Prefabs/Equipment/heavy_gloves/T3,readable at inventory scale; tier identity clear without UI; all six rarity variants preserve family; pivot and scale correct; no fragile geometry; URP PBR maps valid,Brief Ready
equipment_heavy_gloves_t04_base,Manoplas Pesadas T4,Heavy Gauntlets T4,heavy_gloves,Heavy Armor,Hands,Blacksmith,4,Mithril,Season 1,P2,Image to 3D,0.28,900,2200,0.50,0.25,1024,2,wrist center,None,pale mithril and elven silver,silverleaf leather,"lighter refined construction, elegant curves, disciplined ornament","paired armored gauntlets displayed symmetrically, chunky fingers, layered wrist plates",6,one base mesh per family+tier; rarity uses material/attachment variants,inventory prop pair in MVP; full character skin handles wearable geometry,Prompts/ConceptArt/equipment_heavy_gloves_t04_base_concept_sheet.txt,Prompts/Meshy/BaseGeometry/equipment_heavy_gloves_t04_base_geometry.txt,Prompts/TextureVariants/equipment_heavy_gloves_t04_base_rarity_variants.txt,Assets/_Game/Art/Equipment/HeavyArmor/heavy_gloves/T4/Models,Assets/_Game/Art/Equipment/HeavyArmor/heavy_gloves/T4/Materials,Assets/_Game/Prefabs/Equipment/heavy_gloves/T4,readable at inventory scale; tier identity clear without UI; all six rarity variants preserve family; pivot and scale correct; no fragile geometry; URP PBR maps valid,Brief Ready
equipment_heavy_gloves_t05_base,Manoplas Pesadas T5,Heavy Gauntlets T5,heavy_gloves,Heavy Armor,Hands,Blacksmith,5,Ancestral,Season 1,P2,Image to 3D,0.28,900,2200,0.50,0.25,1024,2,wrist center,None,adamantite and ancestral bronze,ancestral hide,"heavier prestige construction, carved ancestry motifs, broad protected cores","paired armored gauntlets displayed symmetrically, chunky fingers, layered wrist plates",6,one base mesh per family+tier; rarity uses material/attachment variants,inventory prop pair in MVP; full character skin handles wearable geometry,Prompts/ConceptArt/equipment_heavy_gloves_t05_base_concept_sheet.txt,Prompts/Meshy/BaseGeometry/equipment_heavy_gloves_t05_base_geometry.txt,Prompts/TextureVariants/equipment_heavy_gloves_t05_base_rarity_variants.txt,Assets/_Game/Art/Equipment/HeavyArmor/heavy_gloves/T5/Models,Assets/_Game/Art/Equipment/HeavyArmor/heavy_gloves/T5/Materials,Assets/_Game/Prefabs/Equipment/heavy_gloves/T5,readable at inventory scale; tier identity clear without UI; all six rarity variants preserve family; pivot and scale correct; no fragile geometry; URP PBR maps valid,Brief Ready
equipment_heavy_gloves_t06_base,Manoplas Pesadas T6,Heavy Gauntlets T6,heavy_gloves,Heavy Armor,Hands,Blacksmith,6,Draconic,Season 1,P2,Image to 3D,0.28,900,2200,0.50,0.25,1024,2,wrist center,None,dragonsteel and metallic obsidian,dragon scale,"aggressive organic plates, scale rhythms, controlled heat channels","paired armored gauntlets displayed symmetrically, chunky fingers, layered wrist plates",6,one base mesh per family+tier; rarity uses material/attachment variants,inventory prop pair in MVP; full character skin handles wearable geometry,Prompts/ConceptArt/equipment_heavy_gloves_t06_base_concept_sheet.txt,Prompts/Meshy/BaseGeometry/equipment_heavy_gloves_t06_base_geometry.txt,Prompts/TextureVariants/equipment_heavy_gloves_t06_base_rarity_variants.txt,Assets/_Game/Art/Equipment/HeavyArmor/heavy_gloves/T6/Models,Assets/_Game/Art/Equipment/HeavyArmor/heavy_gloves/T6/Materials,Assets/_Game/Prefabs/Equipment/heavy_gloves/T6,readable at inventory scale; tier identity clear without UI; all six rarity variants preserve family; pivot and scale correct; no fragile geometry; URP PBR maps valid,Brief Ready
equipment_heavy_gloves_t07_base,Manoplas Pesadas T7,Heavy Gauntlets T7,heavy_gloves,Heavy Armor,Hands,Blacksmith,7,Astral,Season 1,P2,Image to 3D,0.28,900,2200,0.50,0.25,1024,2,wrist center,None,orichalcum and astral alloy,void leather,"unconventional celestial geometry, small suspended protected pieces, visible energy core","paired armored gauntlets displayed symmetrically, chunky fingers, layered wrist plates",6,one base mesh per family+tier; rarity uses material/attachment variants,inventory prop pair in MVP; full character skin handles wearable geometry,Prompts/ConceptArt/equipment_heavy_gloves_t07_base_concept_sheet.txt,Prompts/Meshy/BaseGeometry/equipment_heavy_gloves_t07_base_geometry.txt,Prompts/TextureVariants/equipment_heavy_gloves_t07_base_rarity_variants.txt,Assets/_Game/Art/Equipment/HeavyArmor/heavy_gloves/T7/Models,Assets/_Game/Art/Equipment/HeavyArmor/heavy_gloves/T7/Materials,Assets/_Game/Prefabs/Equipment/heavy_gloves/T7,readable at inventory scale; tier identity clear without UI; all six rarity variants preserve family; pivot and scale correct; no fragile geometry; URP PBR maps valid,Brief Ready
equipment_heavy_gloves_t08_base,Manoplas Pesadas T8,Heavy Gauntlets T8,heavy_gloves,Heavy Armor,Hands,Blacksmith,8,Celestial,Post-MVP,P3,Image to 3D,0.28,900,2200,0.50,0.25,1024,2,wrist center,None,aetherium and celestial alloy,seraph hide,"symmetric sacred construction, luminous inlays, elevated but robust silhouettes","paired armored gauntlets displayed symmetrically, chunky fingers, layered wrist plates",6,one base mesh per family+tier; rarity uses material/attachment variants,inventory prop pair in MVP; full character skin handles wearable geometry,Prompts/ConceptArt/equipment_heavy_gloves_t08_base_concept_sheet.txt,Prompts/Meshy/BaseGeometry/equipment_heavy_gloves_t08_base_geometry.txt,Prompts/TextureVariants/equipment_heavy_gloves_t08_base_rarity_variants.txt,Assets/_Game/Art/Equipment/HeavyArmor/heavy_gloves/T8/Models,Assets/_Game/Art/Equipment/HeavyArmor/heavy_gloves/T8/Materials,Assets/_Game/Prefabs/Equipment/heavy_gloves/T8,readable at inventory scale; tier identity clear without UI; all six rarity variants preserve family; pivot and scale correct; no fragile geometry; URP PBR maps valid,Brief Ready
equipment_heavy_gloves_t09_base,Manoplas Pesadas T9,Heavy Gauntlets T9,heavy_gloves,Heavy Armor,Hands,Blacksmith,9,Creation,Post-MVP,P3,Image to 3D,0.28,900,2200,0.50,0.25,1024,2,wrist center,None,primordial metal and divine alloy,fate leather,"signature construction, impossible but readable material, one defining creation motif","paired armored gauntlets displayed symmetrically, chunky fingers, layered wrist plates",6,one base mesh per family+tier; rarity uses material/attachment variants,inventory prop pair in MVP; full character skin handles wearable geometry,Prompts/ConceptArt/equipment_heavy_gloves_t09_base_concept_sheet.txt,Prompts/Meshy/BaseGeometry/equipment_heavy_gloves_t09_base_geometry.txt,Prompts/TextureVariants/equipment_heavy_gloves_t09_base_rarity_variants.txt,Assets/_Game/Art/Equipment/HeavyArmor/heavy_gloves/T9/Models,Assets/_Game/Art/Equipment/HeavyArmor/heavy_gloves/T9/Materials,Assets/_Game/Prefabs/Equipment/heavy_gloves/T9,readable at inventory scale; tier identity clear without UI; all six rarity variants preserve family; pivot and scale correct; no fragile geometry; URP PBR maps valid,Brief Ready
equipment_heavy_boots_t01_base,Botas Pesadas T1,Heavy Boots T1,heavy_boots,Heavy Armor,Feet,Blacksmith,1,Frontier,Vertical Slice,P0,Image to 3D,0.38,1100,2400,0.50,0.25,1024,2,ground center between boots,None,raw iron and simple bronze,rawhide and rope,"functional, compact, simple construction, visible fasteners","paired armored boots, broad stable soles, layered shin plates",6,one base mesh per family+tier; rarity uses material/attachment variants,inventory prop pair in MVP; full character skin handles wearable geometry,Prompts/ConceptArt/equipment_heavy_boots_t01_base_concept_sheet.txt,Prompts/Meshy/BaseGeometry/equipment_heavy_boots_t01_base_geometry.txt,Prompts/TextureVariants/equipment_heavy_boots_t01_base_rarity_variants.txt,Assets/_Game/Art/Equipment/HeavyArmor/heavy_boots/T1/Models,Assets/_Game/Art/Equipment/HeavyArmor/heavy_boots/T1/Materials,Assets/_Game/Prefabs/Equipment/heavy_boots/T1,readable at inventory scale; tier identity clear without UI; all six rarity variants preserve family; pivot and scale correct; no fragile geometry; URP PBR maps valid,Brief Ready
equipment_heavy_boots_t02_base,Botas Pesadas T2,Heavy Boots T2,heavy_boots,Heavy Armor,Feet,Blacksmith,2,Crafted,MVP,P1,Image to 3D,0.38,1100,2400,0.50,0.25,1024,2,ground center between boots,None,tempered iron and low-carbon steel,treated leather,"cleaner craftsmanship, reinforced edges, balanced proportions","paired armored boots, broad stable soles, layered shin plates",6,one base mesh per family+tier; rarity uses material/attachment variants,inventory prop pair in MVP; full character skin handles wearable geometry,Prompts/ConceptArt/equipment_heavy_boots_t02_base_concept_sheet.txt,Prompts/Meshy/BaseGeometry/equipment_heavy_boots_t02_base_geometry.txt,Prompts/TextureVariants/equipment_heavy_boots_t02_base_rarity_variants.txt,Assets/_Game/Art/Equipment/HeavyArmor/heavy_boots/T2/Models,Assets/_Game/Art/Equipment/HeavyArmor/heavy_boots/T2/Materials,Assets/_Game/Prefabs/Equipment/heavy_boots/T2,readable at inventory scale; tier identity clear without UI; all six rarity variants preserve family; pivot and scale correct; no fragile geometry; URP PBR maps valid,Brief Ready
equipment_heavy_boots_t03_base,Botas Pesadas T3,Heavy Boots T3,heavy_boots,Heavy Armor,Feet,Blacksmith,3,Runic,MVP,P1,Image to 3D,0.38,1100,2400,0.50,0.25,1024,2,ground center between boots,None,polished steel and silversteel,reinforced leather,"first intentional rune channels, stronger silhouettes, one focal inset","paired armored boots, broad stable soles, layered shin plates",6,one base mesh per family+tier; rarity uses material/attachment variants,inventory prop pair in MVP; full character skin handles wearable geometry,Prompts/ConceptArt/equipment_heavy_boots_t03_base_concept_sheet.txt,Prompts/Meshy/BaseGeometry/equipment_heavy_boots_t03_base_geometry.txt,Prompts/TextureVariants/equipment_heavy_boots_t03_base_rarity_variants.txt,Assets/_Game/Art/Equipment/HeavyArmor/heavy_boots/T3/Models,Assets/_Game/Art/Equipment/HeavyArmor/heavy_boots/T3/Materials,Assets/_Game/Prefabs/Equipment/heavy_boots/T3,readable at inventory scale; tier identity clear without UI; all six rarity variants preserve family; pivot and scale correct; no fragile geometry; URP PBR maps valid,Brief Ready
equipment_heavy_boots_t04_base,Botas Pesadas T4,Heavy Boots T4,heavy_boots,Heavy Armor,Feet,Blacksmith,4,Mithril,Season 1,P2,Image to 3D,0.38,1100,2400,0.50,0.25,1024,2,ground center between boots,None,pale mithril and elven silver,silverleaf leather,"lighter refined construction, elegant curves, disciplined ornament","paired armored boots, broad stable soles, layered shin plates",6,one base mesh per family+tier; rarity uses material/attachment variants,inventory prop pair in MVP; full character skin handles wearable geometry,Prompts/ConceptArt/equipment_heavy_boots_t04_base_concept_sheet.txt,Prompts/Meshy/BaseGeometry/equipment_heavy_boots_t04_base_geometry.txt,Prompts/TextureVariants/equipment_heavy_boots_t04_base_rarity_variants.txt,Assets/_Game/Art/Equipment/HeavyArmor/heavy_boots/T4/Models,Assets/_Game/Art/Equipment/HeavyArmor/heavy_boots/T4/Materials,Assets/_Game/Prefabs/Equipment/heavy_boots/T4,readable at inventory scale; tier identity clear without UI; all six rarity variants preserve family; pivot and scale correct; no fragile geometry; URP PBR maps valid,Brief Ready
equipment_heavy_boots_t05_base,Botas Pesadas T5,Heavy Boots T5,heavy_boots,Heavy Armor,Feet,Blacksmith,5,Ancestral,Season 1,P2,Image to 3D,0.38,1100,2400,0.50,0.25,1024,2,ground center between boots,None,adamantite and ancestral bronze,ancestral hide,"heavier prestige construction, carved ancestry motifs, broad protected cores","paired armored boots, broad stable soles, layered shin plates",6,one base mesh per family+tier; rarity uses material/attachment variants,inventory prop pair in MVP; full character skin handles wearable geometry,Prompts/ConceptArt/equipment_heavy_boots_t05_base_concept_sheet.txt,Prompts/Meshy/BaseGeometry/equipment_heavy_boots_t05_base_geometry.txt,Prompts/TextureVariants/equipment_heavy_boots_t05_base_rarity_variants.txt,Assets/_Game/Art/Equipment/HeavyArmor/heavy_boots/T5/Models,Assets/_Game/Art/Equipment/HeavyArmor/heavy_boots/T5/Materials,Assets/_Game/Prefabs/Equipment/heavy_boots/T5,readable at inventory scale; tier identity clear without UI; all six rarity variants preserve family; pivot and scale correct; no fragile geometry; URP PBR maps valid,Brief Ready
equipment_heavy_boots_t06_base,Botas Pesadas T6,Heavy Boots T6,heavy_boots,Heavy Armor,Feet,Blacksmith,6,Draconic,Season 1,P2,Image to 3D,0.38,1100,2400,0.50,0.25,1024,2,ground center between boots,None,dragonsteel and metallic obsidian,dragon scale,"aggressive organic plates, scale rhythms, controlled heat channels","paired armored boots, broad stable soles, layered shin plates",6,one base mesh per family+tier; rarity uses material/attachment variants,inventory prop pair in MVP; full character skin handles wearable geometry,Prompts/ConceptArt/equipment_heavy_boots_t06_base_concept_sheet.txt,Prompts/Meshy/BaseGeometry/equipment_heavy_boots_t06_base_geometry.txt,Prompts/TextureVariants/equipment_heavy_boots_t06_base_rarity_variants.txt,Assets/_Game/Art/Equipment/HeavyArmor/heavy_boots/T6/Models,Assets/_Game/Art/Equipment/HeavyArmor/heavy_boots/T6/Materials,Assets/_Game/Prefabs/Equipment/heavy_boots/T6,readable at inventory scale; tier identity clear without UI; all six rarity variants preserve family; pivot and scale correct; no fragile geometry; URP PBR maps valid,Brief Ready
equipment_heavy_boots_t07_base,Botas Pesadas T7,Heavy Boots T7,heavy_boots,Heavy Armor,Feet,Blacksmith,7,Astral,Season 1,P2,Image to 3D,0.38,1100,2400,0.50,0.25,1024,2,ground center between boots,None,orichalcum and astral alloy,void leather,"unconventional celestial geometry, small suspended protected pieces, visible energy core","paired armored boots, broad stable soles, layered shin plates",6,one base mesh per family+tier; rarity uses material/attachment variants,inventory prop pair in MVP; full character skin handles wearable geometry,Prompts/ConceptArt/equipment_heavy_boots_t07_base_concept_sheet.txt,Prompts/Meshy/BaseGeometry/equipment_heavy_boots_t07_base_geometry.txt,Prompts/TextureVariants/equipment_heavy_boots_t07_base_rarity_variants.txt,Assets/_Game/Art/Equipment/HeavyArmor/heavy_boots/T7/Models,Assets/_Game/Art/Equipment/HeavyArmor/heavy_boots/T7/Materials,Assets/_Game/Prefabs/Equipment/heavy_boots/T7,readable at inventory scale; tier identity clear without UI; all six rarity variants preserve family; pivot and scale correct; no fragile geometry; URP PBR maps valid,Brief Ready
equipment_heavy_boots_t08_base,Botas Pesadas T8,Heavy Boots T8,heavy_boots,Heavy Armor,Feet,Blacksmith,8,Celestial,Post-MVP,P3,Image to 3D,0.38,1100,2400,0.50,0.25,1024,2,ground center between boots,None,aetherium and celestial alloy,seraph hide,"symmetric sacred construction, luminous inlays, elevated but robust silhouettes","paired armored boots, broad stable soles, layered shin plates",6,one base mesh per family+tier; rarity uses material/attachment variants,inventory prop pair in MVP; full character skin handles wearable geometry,Prompts/ConceptArt/equipment_heavy_boots_t08_base_concept_sheet.txt,Prompts/Meshy/BaseGeometry/equipment_heavy_boots_t08_base_geometry.txt,Prompts/TextureVariants/equipment_heavy_boots_t08_base_rarity_variants.txt,Assets/_Game/Art/Equipment/HeavyArmor/heavy_boots/T8/Models,Assets/_Game/Art/Equipment/HeavyArmor/heavy_boots/T8/Materials,Assets/_Game/Prefabs/Equipment/heavy_boots/T8,readable at inventory scale; tier identity clear without UI; all six rarity variants preserve family; pivot and scale correct; no fragile geometry; URP PBR maps valid,Brief Ready
equipment_heavy_boots_t09_base,Botas Pesadas T9,Heavy Boots T9,heavy_boots,Heavy Armor,Feet,Blacksmith,9,Creation,Post-MVP,P3,Image to 3D,0.38,1100,2400,0.50,0.25,1024,2,ground center between boots,None,primordial metal and divine alloy,fate leather,"signature construction, impossible but readable material, one defining creation motif","paired armored boots, broad stable soles, layered shin plates",6,one base mesh per family+tier; rarity uses material/attachment variants,inventory prop pair in MVP; full character skin handles wearable geometry,Prompts/ConceptArt/equipment_heavy_boots_t09_base_concept_sheet.txt,Prompts/Meshy/BaseGeometry/equipment_heavy_boots_t09_base_geometry.txt,Prompts/TextureVariants/equipment_heavy_boots_t09_base_rarity_variants.txt,Assets/_Game/Art/Equipment/HeavyArmor/heavy_boots/T9/Models,Assets/_Game/Art/Equipment/HeavyArmor/heavy_boots/T9/Materials,Assets/_Game/Prefabs/Equipment/heavy_boots/T9,readable at inventory scale; tier identity clear without UI; all six rarity variants preserve family; pivot and scale correct; no fragile geometry; URP PBR maps valid,Brief Ready
equipment_light_hood_t01_base,Capuz Leve T1,Light Hood T1,light_hood,Light Armor,Head,Tailor,1,Frontier,Vertical Slice,P0,Image to 3D,0.35,900,2000,0.50,0.25,1024,2,base center at neck opening,None,rawhide and rope,coarse linen and wool,"functional, compact, simple construction, visible fasteners","practical hood with leather brow reinforcement, face opening and short mantle",6,one base mesh per family+tier; rarity uses material/attachment variants,inventory prop in MVP; full character skin handles wearable geometry,Prompts/ConceptArt/equipment_light_hood_t01_base_concept_sheet.txt,Prompts/Meshy/BaseGeometry/equipment_light_hood_t01_base_geometry.txt,Prompts/TextureVariants/equipment_light_hood_t01_base_rarity_variants.txt,Assets/_Game/Art/Equipment/LightArmor/light_hood/T1/Models,Assets/_Game/Art/Equipment/LightArmor/light_hood/T1/Materials,Assets/_Game/Prefabs/Equipment/light_hood/T1,readable at inventory scale; tier identity clear without UI; all six rarity variants preserve family; pivot and scale correct; no fragile geometry; URP PBR maps valid,Brief Ready
equipment_light_hood_t02_base,Capuz Leve T2,Light Hood T2,light_hood,Light Armor,Head,Tailor,2,Crafted,MVP,P1,Image to 3D,0.35,900,2000,0.50,0.25,1024,2,base center at neck opening,None,treated leather,woven wool and reinforced linen,"cleaner craftsmanship, reinforced edges, balanced proportions","practical hood with leather brow reinforcement, face opening and short mantle",6,one base mesh per family+tier; rarity uses material/attachment variants,inventory prop in MVP; full character skin handles wearable geometry,Prompts/ConceptArt/equipment_light_hood_t02_base_concept_sheet.txt,Prompts/Meshy/BaseGeometry/equipment_light_hood_t02_base_geometry.txt,Prompts/TextureVariants/equipment_light_hood_t02_base_rarity_variants.txt,Assets/_Game/Art/Equipment/LightArmor/light_hood/T2/Models,Assets/_Game/Art/Equipment/LightArmor/light_hood/T2/Materials,Assets/_Game/Prefabs/Equipment/light_hood/T2,readable at inventory scale; tier identity clear without UI; all six rarity variants preserve family; pivot and scale correct; no fragile geometry; URP PBR maps valid,Brief Ready
equipment_light_hood_t03_base,Capuz Leve T3,Light Hood T3,light_hood,Light Armor,Head,Tailor,3,Runic,MVP,P1,Image to 3D,0.35,900,2000,0.50,0.25,1024,2,base center at neck opening,None,reinforced leather,early rune weave,"first intentional rune channels, stronger silhouettes, one focal inset","practical hood with leather brow reinforcement, face opening and short mantle",6,one base mesh per family+tier; rarity uses material/attachment variants,inventory prop in MVP; full character skin handles wearable geometry,Prompts/ConceptArt/equipment_light_hood_t03_base_concept_sheet.txt,Prompts/Meshy/BaseGeometry/equipment_light_hood_t03_base_geometry.txt,Prompts/TextureVariants/equipment_light_hood_t03_base_rarity_variants.txt,Assets/_Game/Art/Equipment/LightArmor/light_hood/T3/Models,Assets/_Game/Art/Equipment/LightArmor/light_hood/T3/Materials,Assets/_Game/Prefabs/Equipment/light_hood/T3,readable at inventory scale; tier identity clear without UI; all six rarity variants preserve family; pivot and scale correct; no fragile geometry; URP PBR maps valid,Brief Ready
equipment_light_hood_t04_base,Capuz Leve T4,Light Hood T4,light_hood,Light Armor,Head,Tailor,4,Mithril,Season 1,P2,Image to 3D,0.35,900,2000,0.50,0.25,1024,2,base center at neck opening,None,silverleaf leather,refined silk,"lighter refined construction, elegant curves, disciplined ornament","practical hood with leather brow reinforcement, face opening and short mantle",6,one base mesh per family+tier; rarity uses material/attachment variants,inventory prop in MVP; full character skin handles wearable geometry,Prompts/ConceptArt/equipment_light_hood_t04_base_concept_sheet.txt,Prompts/Meshy/BaseGeometry/equipment_light_hood_t04_base_geometry.txt,Prompts/TextureVariants/equipment_light_hood_t04_base_rarity_variants.txt,Assets/_Game/Art/Equipment/LightArmor/light_hood/T4/Models,Assets/_Game/Art/Equipment/LightArmor/light_hood/T4/Materials,Assets/_Game/Prefabs/Equipment/light_hood/T4,readable at inventory scale; tier identity clear without UI; all six rarity variants preserve family; pivot and scale correct; no fragile geometry; URP PBR maps valid,Brief Ready
equipment_light_hood_t05_base,Capuz Leve T5,Light Hood T5,light_hood,Light Armor,Head,Tailor,5,Ancestral,Season 1,P2,Image to 3D,0.35,900,2000,0.50,0.25,1024,2,base center at neck opening,None,ancestral hide,dense runecloth,"heavier prestige construction, carved ancestry motifs, broad protected cores","practical hood with leather brow reinforcement, face opening and short mantle",6,one base mesh per family+tier; rarity uses material/attachment variants,inventory prop in MVP; full character skin handles wearable geometry,Prompts/ConceptArt/equipment_light_hood_t05_base_concept_sheet.txt,Prompts/Meshy/BaseGeometry/equipment_light_hood_t05_base_geometry.txt,Prompts/TextureVariants/equipment_light_hood_t05_base_rarity_variants.txt,Assets/_Game/Art/Equipment/LightArmor/light_hood/T5/Models,Assets/_Game/Art/Equipment/LightArmor/light_hood/T5/Materials,Assets/_Game/Prefabs/Equipment/light_hood/T5,readable at inventory scale; tier identity clear without UI; all six rarity variants preserve family; pivot and scale correct; no fragile geometry; URP PBR maps valid,Brief Ready
equipment_light_hood_t06_base,Capuz Leve T6,Light Hood T6,light_hood,Light Armor,Head,Tailor,6,Draconic,Season 1,P2,Image to 3D,0.35,900,2000,0.50,0.25,1024,2,base center at neck opening,None,dragon scale,phoenix weave,"aggressive organic plates, scale rhythms, controlled heat channels","practical hood with leather brow reinforcement, face opening and short mantle",6,one base mesh per family+tier; rarity uses material/attachment variants,inventory prop in MVP; full character skin handles wearable geometry,Prompts/ConceptArt/equipment_light_hood_t06_base_concept_sheet.txt,Prompts/Meshy/BaseGeometry/equipment_light_hood_t06_base_geometry.txt,Prompts/TextureVariants/equipment_light_hood_t06_base_rarity_variants.txt,Assets/_Game/Art/Equipment/LightArmor/light_hood/T6/Models,Assets/_Game/Art/Equipment/LightArmor/light_hood/T6/Materials,Assets/_Game/Prefabs/Equipment/light_hood/T6,readable at inventory scale; tier identity clear without UI; all six rarity variants preserve family; pivot and scale correct; no fragile geometry; URP PBR maps valid,Brief Ready
equipment_light_hood_t07_base,Capuz Leve T7,Light Hood T7,light_hood,Light Armor,Head,Tailor,7,Astral,Season 1,P2,Image to 3D,0.35,900,2000,0.50,0.25,1024,2,base center at neck opening,None,void leather,astral silk,"unconventional celestial geometry, small suspended protected pieces, visible energy core","practical hood with leather brow reinforcement, face opening and short mantle",6,one base mesh per family+tier; rarity uses material/attachment variants,inventory prop in MVP; full character skin handles wearable geometry,Prompts/ConceptArt/equipment_light_hood_t07_base_concept_sheet.txt,Prompts/Meshy/BaseGeometry/equipment_light_hood_t07_base_geometry.txt,Prompts/TextureVariants/equipment_light_hood_t07_base_rarity_variants.txt,Assets/_Game/Art/Equipment/LightArmor/light_hood/T7/Models,Assets/_Game/Art/Equipment/LightArmor/light_hood/T7/Materials,Assets/_Game/Prefabs/Equipment/light_hood/T7,readable at inventory scale; tier identity clear without UI; all six rarity variants preserve family; pivot and scale correct; no fragile geometry; URP PBR maps valid,Brief Ready
equipment_light_hood_t08_base,Capuz Leve T8,Light Hood T8,light_hood,Light Armor,Head,Tailor,8,Celestial,Post-MVP,P3,Image to 3D,0.35,900,2000,0.50,0.25,1024,2,base center at neck opening,None,seraph hide,celestial weave,"symmetric sacred construction, luminous inlays, elevated but robust silhouettes","practical hood with leather brow reinforcement, face opening and short mantle",6,one base mesh per family+tier; rarity uses material/attachment variants,inventory prop in MVP; full character skin handles wearable geometry,Prompts/ConceptArt/equipment_light_hood_t08_base_concept_sheet.txt,Prompts/Meshy/BaseGeometry/equipment_light_hood_t08_base_geometry.txt,Prompts/TextureVariants/equipment_light_hood_t08_base_rarity_variants.txt,Assets/_Game/Art/Equipment/LightArmor/light_hood/T8/Models,Assets/_Game/Art/Equipment/LightArmor/light_hood/T8/Materials,Assets/_Game/Prefabs/Equipment/light_hood/T8,readable at inventory scale; tier identity clear without UI; all six rarity variants preserve family; pivot and scale correct; no fragile geometry; URP PBR maps valid,Brief Ready
equipment_light_hood_t09_base,Capuz Leve T9,Light Hood T9,light_hood,Light Armor,Head,Tailor,9,Creation,Post-MVP,P3,Image to 3D,0.35,900,2000,0.50,0.25,1024,2,base center at neck opening,None,fate leather,destiny weave,"signature construction, impossible but readable material, one defining creation motif","practical hood with leather brow reinforcement, face opening and short mantle",6,one base mesh per family+tier; rarity uses material/attachment variants,inventory prop in MVP; full character skin handles wearable geometry,Prompts/ConceptArt/equipment_light_hood_t09_base_concept_sheet.txt,Prompts/Meshy/BaseGeometry/equipment_light_hood_t09_base_geometry.txt,Prompts/TextureVariants/equipment_light_hood_t09_base_rarity_variants.txt,Assets/_Game/Art/Equipment/LightArmor/light_hood/T9/Models,Assets/_Game/Art/Equipment/LightArmor/light_hood/T9/Materials,Assets/_Game/Prefabs/Equipment/light_hood/T9,readable at inventory scale; tier identity clear without UI; all six rarity variants preserve family; pivot and scale correct; no fragile geometry; URP PBR maps valid,Brief Ready
equipment_light_chest_t01_base,Armadura Leve T1,Light Chest Armor T1,light_chest,Light Armor,Chest,Tailor,1,Frontier,Vertical Slice,P0,Image to 3D,0.72,1800,3800,0.50,0.25,1024,3,center at waist line,None,rawhide and rope,coarse linen and wool,"functional, compact, simple construction, visible fasteners","layered leather and textile jerkin, diagonal closures, compact shoulder protection",6,one base mesh per family+tier; rarity uses material/attachment variants,inventory prop in MVP; full character skin handles wearable geometry,Prompts/ConceptArt/equipment_light_chest_t01_base_concept_sheet.txt,Prompts/Meshy/BaseGeometry/equipment_light_chest_t01_base_geometry.txt,Prompts/TextureVariants/equipment_light_chest_t01_base_rarity_variants.txt,Assets/_Game/Art/Equipment/LightArmor/light_chest/T1/Models,Assets/_Game/Art/Equipment/LightArmor/light_chest/T1/Materials,Assets/_Game/Prefabs/Equipment/light_chest/T1,readable at inventory scale; tier identity clear without UI; all six rarity variants preserve family; pivot and scale correct; no fragile geometry; URP PBR maps valid,Brief Ready
equipment_light_chest_t02_base,Armadura Leve T2,Light Chest Armor T2,light_chest,Light Armor,Chest,Tailor,2,Crafted,MVP,P1,Image to 3D,0.72,1800,3800,0.50,0.25,1024,3,center at waist line,None,treated leather,woven wool and reinforced linen,"cleaner craftsmanship, reinforced edges, balanced proportions","layered leather and textile jerkin, diagonal closures, compact shoulder protection",6,one base mesh per family+tier; rarity uses material/attachment variants,inventory prop in MVP; full character skin handles wearable geometry,Prompts/ConceptArt/equipment_light_chest_t02_base_concept_sheet.txt,Prompts/Meshy/BaseGeometry/equipment_light_chest_t02_base_geometry.txt,Prompts/TextureVariants/equipment_light_chest_t02_base_rarity_variants.txt,Assets/_Game/Art/Equipment/LightArmor/light_chest/T2/Models,Assets/_Game/Art/Equipment/LightArmor/light_chest/T2/Materials,Assets/_Game/Prefabs/Equipment/light_chest/T2,readable at inventory scale; tier identity clear without UI; all six rarity variants preserve family; pivot and scale correct; no fragile geometry; URP PBR maps valid,Brief Ready
equipment_light_chest_t03_base,Armadura Leve T3,Light Chest Armor T3,light_chest,Light Armor,Chest,Tailor,3,Runic,MVP,P1,Image to 3D,0.72,1800,3800,0.50,0.25,1024,3,center at waist line,None,reinforced leather,early rune weave,"first intentional rune channels, stronger silhouettes, one focal inset","layered leather and textile jerkin, diagonal closures, compact shoulder protection",6,one base mesh per family+tier; rarity uses material/attachment variants,inventory prop in MVP; full character skin handles wearable geometry,Prompts/ConceptArt/equipment_light_chest_t03_base_concept_sheet.txt,Prompts/Meshy/BaseGeometry/equipment_light_chest_t03_base_geometry.txt,Prompts/TextureVariants/equipment_light_chest_t03_base_rarity_variants.txt,Assets/_Game/Art/Equipment/LightArmor/light_chest/T3/Models,Assets/_Game/Art/Equipment/LightArmor/light_chest/T3/Materials,Assets/_Game/Prefabs/Equipment/light_chest/T3,readable at inventory scale; tier identity clear without UI; all six rarity variants preserve family; pivot and scale correct; no fragile geometry; URP PBR maps valid,Brief Ready
equipment_light_chest_t04_base,Armadura Leve T4,Light Chest Armor T4,light_chest,Light Armor,Chest,Tailor,4,Mithril,Season 1,P2,Image to 3D,0.72,1800,3800,0.50,0.25,1024,3,center at waist line,None,silverleaf leather,refined silk,"lighter refined construction, elegant curves, disciplined ornament","layered leather and textile jerkin, diagonal closures, compact shoulder protection",6,one base mesh per family+tier; rarity uses material/attachment variants,inventory prop in MVP; full character skin handles wearable geometry,Prompts/ConceptArt/equipment_light_chest_t04_base_concept_sheet.txt,Prompts/Meshy/BaseGeometry/equipment_light_chest_t04_base_geometry.txt,Prompts/TextureVariants/equipment_light_chest_t04_base_rarity_variants.txt,Assets/_Game/Art/Equipment/LightArmor/light_chest/T4/Models,Assets/_Game/Art/Equipment/LightArmor/light_chest/T4/Materials,Assets/_Game/Prefabs/Equipment/light_chest/T4,readable at inventory scale; tier identity clear without UI; all six rarity variants preserve family; pivot and scale correct; no fragile geometry; URP PBR maps valid,Brief Ready
equipment_light_chest_t05_base,Armadura Leve T5,Light Chest Armor T5,light_chest,Light Armor,Chest,Tailor,5,Ancestral,Season 1,P2,Image to 3D,0.72,1800,3800,0.50,0.25,1024,3,center at waist line,None,ancestral hide,dense runecloth,"heavier prestige construction, carved ancestry motifs, broad protected cores","layered leather and textile jerkin, diagonal closures, compact shoulder protection",6,one base mesh per family+tier; rarity uses material/attachment variants,inventory prop in MVP; full character skin handles wearable geometry,Prompts/ConceptArt/equipment_light_chest_t05_base_concept_sheet.txt,Prompts/Meshy/BaseGeometry/equipment_light_chest_t05_base_geometry.txt,Prompts/TextureVariants/equipment_light_chest_t05_base_rarity_variants.txt,Assets/_Game/Art/Equipment/LightArmor/light_chest/T5/Models,Assets/_Game/Art/Equipment/LightArmor/light_chest/T5/Materials,Assets/_Game/Prefabs/Equipment/light_chest/T5,readable at inventory scale; tier identity clear without UI; all six rarity variants preserve family; pivot and scale correct; no fragile geometry; URP PBR maps valid,Brief Ready
equipment_light_chest_t06_base,Armadura Leve T6,Light Chest Armor T6,light_chest,Light Armor,Chest,Tailor,6,Draconic,Season 1,P2,Image to 3D,0.72,1800,3800,0.50,0.25,1024,3,center at waist line,None,dragon scale,phoenix weave,"aggressive organic plates, scale rhythms, controlled heat channels","layered leather and textile jerkin, diagonal closures, compact shoulder protection",6,one base mesh per family+tier; rarity uses material/attachment variants,inventory prop in MVP; full character skin handles wearable geometry,Prompts/ConceptArt/equipment_light_chest_t06_base_concept_sheet.txt,Prompts/Meshy/BaseGeometry/equipment_light_chest_t06_base_geometry.txt,Prompts/TextureVariants/equipment_light_chest_t06_base_rarity_variants.txt,Assets/_Game/Art/Equipment/LightArmor/light_chest/T6/Models,Assets/_Game/Art/Equipment/LightArmor/light_chest/T6/Materials,Assets/_Game/Prefabs/Equipment/light_chest/T6,readable at inventory scale; tier identity clear without UI; all six rarity variants preserve family; pivot and scale correct; no fragile geometry; URP PBR maps valid,Brief Ready
equipment_light_chest_t07_base,Armadura Leve T7,Light Chest Armor T7,light_chest,Light Armor,Chest,Tailor,7,Astral,Season 1,P2,Image to 3D,0.72,1800,3800,0.50,0.25,1024,3,center at waist line,None,void leather,astral silk,"unconventional celestial geometry, small suspended protected pieces, visible energy core","layered leather and textile jerkin, diagonal closures, compact shoulder protection",6,one base mesh per family+tier; rarity uses material/attachment variants,inventory prop in MVP; full character skin handles wearable geometry,Prompts/ConceptArt/equipment_light_chest_t07_base_concept_sheet.txt,Prompts/Meshy/BaseGeometry/equipment_light_chest_t07_base_geometry.txt,Prompts/TextureVariants/equipment_light_chest_t07_base_rarity_variants.txt,Assets/_Game/Art/Equipment/LightArmor/light_chest/T7/Models,Assets/_Game/Art/Equipment/LightArmor/light_chest/T7/Materials,Assets/_Game/Prefabs/Equipment/light_chest/T7,readable at inventory scale; tier identity clear without UI; all six rarity variants preserve family; pivot and scale correct; no fragile geometry; URP PBR maps valid,Brief Ready
equipment_light_chest_t08_base,Armadura Leve T8,Light Chest Armor T8,light_chest,Light Armor,Chest,Tailor,8,Celestial,Post-MVP,P3,Image to 3D,0.72,1800,3800,0.50,0.25,1024,3,center at waist line,None,seraph hide,celestial weave,"symmetric sacred construction, luminous inlays, elevated but robust silhouettes","layered leather and textile jerkin, diagonal closures, compact shoulder protection",6,one base mesh per family+tier; rarity uses material/attachment variants,inventory prop in MVP; full character skin handles wearable geometry,Prompts/ConceptArt/equipment_light_chest_t08_base_concept_sheet.txt,Prompts/Meshy/BaseGeometry/equipment_light_chest_t08_base_geometry.txt,Prompts/TextureVariants/equipment_light_chest_t08_base_rarity_variants.txt,Assets/_Game/Art/Equipment/LightArmor/light_chest/T8/Models,Assets/_Game/Art/Equipment/LightArmor/light_chest/T8/Materials,Assets/_Game/Prefabs/Equipment/light_chest/T8,readable at inventory scale; tier identity clear without UI; all six rarity variants preserve family; pivot and scale correct; no fragile geometry; URP PBR maps valid,Brief Ready
equipment_light_chest_t09_base,Armadura Leve T9,Light Chest Armor T9,light_chest,Light Armor,Chest,Tailor,9,Creation,Post-MVP,P3,Image to 3D,0.72,1800,3800,0.50,0.25,1024,3,center at waist line,None,fate leather,destiny weave,"signature construction, impossible but readable material, one defining creation motif","layered leather and textile jerkin, diagonal closures, compact shoulder protection",6,one base mesh per family+tier; rarity uses material/attachment variants,inventory prop in MVP; full character skin handles wearable geometry,Prompts/ConceptArt/equipment_light_chest_t09_base_concept_sheet.txt,Prompts/Meshy/BaseGeometry/equipment_light_chest_t09_base_geometry.txt,Prompts/TextureVariants/equipment_light_chest_t09_base_rarity_variants.txt,Assets/_Game/Art/Equipment/LightArmor/light_chest/T9/Models,Assets/_Game/Art/Equipment/LightArmor/light_chest/T9/Materials,Assets/_Game/Prefabs/Equipment/light_chest/T9,readable at inventory scale; tier identity clear without UI; all six rarity variants preserve family; pivot and scale correct; no fragile geometry; URP PBR maps valid,Brief Ready
equipment_light_gloves_t01_base,Luvas Leves T1,Light Gloves T1,light_gloves,Light Armor,Hands,Tailor,1,Frontier,Vertical Slice,P0,Image to 3D,0.27,700,1700,0.50,0.25,1024,2,wrist center,None,rawhide and rope,coarse linen and wool,"functional, compact, simple construction, visible fasteners","paired fitted gloves with bracers, reinforced palm, clear finger separation",6,one base mesh per family+tier; rarity uses material/attachment variants,inventory prop pair in MVP; full character skin handles wearable geometry,Prompts/ConceptArt/equipment_light_gloves_t01_base_concept_sheet.txt,Prompts/Meshy/BaseGeometry/equipment_light_gloves_t01_base_geometry.txt,Prompts/TextureVariants/equipment_light_gloves_t01_base_rarity_variants.txt,Assets/_Game/Art/Equipment/LightArmor/light_gloves/T1/Models,Assets/_Game/Art/Equipment/LightArmor/light_gloves/T1/Materials,Assets/_Game/Prefabs/Equipment/light_gloves/T1,readable at inventory scale; tier identity clear without UI; all six rarity variants preserve family; pivot and scale correct; no fragile geometry; URP PBR maps valid,Brief Ready
equipment_light_gloves_t02_base,Luvas Leves T2,Light Gloves T2,light_gloves,Light Armor,Hands,Tailor,2,Crafted,MVP,P1,Image to 3D,0.27,700,1700,0.50,0.25,1024,2,wrist center,None,treated leather,woven wool and reinforced linen,"cleaner craftsmanship, reinforced edges, balanced proportions","paired fitted gloves with bracers, reinforced palm, clear finger separation",6,one base mesh per family+tier; rarity uses material/attachment variants,inventory prop pair in MVP; full character skin handles wearable geometry,Prompts/ConceptArt/equipment_light_gloves_t02_base_concept_sheet.txt,Prompts/Meshy/BaseGeometry/equipment_light_gloves_t02_base_geometry.txt,Prompts/TextureVariants/equipment_light_gloves_t02_base_rarity_variants.txt,Assets/_Game/Art/Equipment/LightArmor/light_gloves/T2/Models,Assets/_Game/Art/Equipment/LightArmor/light_gloves/T2/Materials,Assets/_Game/Prefabs/Equipment/light_gloves/T2,readable at inventory scale; tier identity clear without UI; all six rarity variants preserve family; pivot and scale correct; no fragile geometry; URP PBR maps valid,Brief Ready
equipment_light_gloves_t03_base,Luvas Leves T3,Light Gloves T3,light_gloves,Light Armor,Hands,Tailor,3,Runic,MVP,P1,Image to 3D,0.27,700,1700,0.50,0.25,1024,2,wrist center,None,reinforced leather,early rune weave,"first intentional rune channels, stronger silhouettes, one focal inset","paired fitted gloves with bracers, reinforced palm, clear finger separation",6,one base mesh per family+tier; rarity uses material/attachment variants,inventory prop pair in MVP; full character skin handles wearable geometry,Prompts/ConceptArt/equipment_light_gloves_t03_base_concept_sheet.txt,Prompts/Meshy/BaseGeometry/equipment_light_gloves_t03_base_geometry.txt,Prompts/TextureVariants/equipment_light_gloves_t03_base_rarity_variants.txt,Assets/_Game/Art/Equipment/LightArmor/light_gloves/T3/Models,Assets/_Game/Art/Equipment/LightArmor/light_gloves/T3/Materials,Assets/_Game/Prefabs/Equipment/light_gloves/T3,readable at inventory scale; tier identity clear without UI; all six rarity variants preserve family; pivot and scale correct; no fragile geometry; URP PBR maps valid,Brief Ready
equipment_light_gloves_t04_base,Luvas Leves T4,Light Gloves T4,light_gloves,Light Armor,Hands,Tailor,4,Mithril,Season 1,P2,Image to 3D,0.27,700,1700,0.50,0.25,1024,2,wrist center,None,silverleaf leather,refined silk,"lighter refined construction, elegant curves, disciplined ornament","paired fitted gloves with bracers, reinforced palm, clear finger separation",6,one base mesh per family+tier; rarity uses material/attachment variants,inventory prop pair in MVP; full character skin handles wearable geometry,Prompts/ConceptArt/equipment_light_gloves_t04_base_concept_sheet.txt,Prompts/Meshy/BaseGeometry/equipment_light_gloves_t04_base_geometry.txt,Prompts/TextureVariants/equipment_light_gloves_t04_base_rarity_variants.txt,Assets/_Game/Art/Equipment/LightArmor/light_gloves/T4/Models,Assets/_Game/Art/Equipment/LightArmor/light_gloves/T4/Materials,Assets/_Game/Prefabs/Equipment/light_gloves/T4,readable at inventory scale; tier identity clear without UI; all six rarity variants preserve family; pivot and scale correct; no fragile geometry; URP PBR maps valid,Brief Ready
equipment_light_gloves_t05_base,Luvas Leves T5,Light Gloves T5,light_gloves,Light Armor,Hands,Tailor,5,Ancestral,Season 1,P2,Image to 3D,0.27,700,1700,0.50,0.25,1024,2,wrist center,None,ancestral hide,dense runecloth,"heavier prestige construction, carved ancestry motifs, broad protected cores","paired fitted gloves with bracers, reinforced palm, clear finger separation",6,one base mesh per family+tier; rarity uses material/attachment variants,inventory prop pair in MVP; full character skin handles wearable geometry,Prompts/ConceptArt/equipment_light_gloves_t05_base_concept_sheet.txt,Prompts/Meshy/BaseGeometry/equipment_light_gloves_t05_base_geometry.txt,Prompts/TextureVariants/equipment_light_gloves_t05_base_rarity_variants.txt,Assets/_Game/Art/Equipment/LightArmor/light_gloves/T5/Models,Assets/_Game/Art/Equipment/LightArmor/light_gloves/T5/Materials,Assets/_Game/Prefabs/Equipment/light_gloves/T5,readable at inventory scale; tier identity clear without UI; all six rarity variants preserve family; pivot and scale correct; no fragile geometry; URP PBR maps valid,Brief Ready
equipment_light_gloves_t06_base,Luvas Leves T6,Light Gloves T6,light_gloves,Light Armor,Hands,Tailor,6,Draconic,Season 1,P2,Image to 3D,0.27,700,1700,0.50,0.25,1024,2,wrist center,None,dragon scale,phoenix weave,"aggressive organic plates, scale rhythms, controlled heat channels","paired fitted gloves with bracers, reinforced palm, clear finger separation",6,one base mesh per family+tier; rarity uses material/attachment variants,inventory prop pair in MVP; full character skin handles wearable geometry,Prompts/ConceptArt/equipment_light_gloves_t06_base_concept_sheet.txt,Prompts/Meshy/BaseGeometry/equipment_light_gloves_t06_base_geometry.txt,Prompts/TextureVariants/equipment_light_gloves_t06_base_rarity_variants.txt,Assets/_Game/Art/Equipment/LightArmor/light_gloves/T6/Models,Assets/_Game/Art/Equipment/LightArmor/light_gloves/T6/Materials,Assets/_Game/Prefabs/Equipment/light_gloves/T6,readable at inventory scale; tier identity clear without UI; all six rarity variants preserve family; pivot and scale correct; no fragile geometry; URP PBR maps valid,Brief Ready
equipment_light_gloves_t07_base,Luvas Leves T7,Light Gloves T7,light_gloves,Light Armor,Hands,Tailor,7,Astral,Season 1,P2,Image to 3D,0.27,700,1700,0.50,0.25,1024,2,wrist center,None,void leather,astral silk,"unconventional celestial geometry, small suspended protected pieces, visible energy core","paired fitted gloves with bracers, reinforced palm, clear finger separation",6,one base mesh per family+tier; rarity uses material/attachment variants,inventory prop pair in MVP; full character skin handles wearable geometry,Prompts/ConceptArt/equipment_light_gloves_t07_base_concept_sheet.txt,Prompts/Meshy/BaseGeometry/equipment_light_gloves_t07_base_geometry.txt,Prompts/TextureVariants/equipment_light_gloves_t07_base_rarity_variants.txt,Assets/_Game/Art/Equipment/LightArmor/light_gloves/T7/Models,Assets/_Game/Art/Equipment/LightArmor/light_gloves/T7/Materials,Assets/_Game/Prefabs/Equipment/light_gloves/T7,readable at inventory scale; tier identity clear without UI; all six rarity variants preserve family; pivot and scale correct; no fragile geometry; URP PBR maps valid,Brief Ready
equipment_light_gloves_t08_base,Luvas Leves T8,Light Gloves T8,light_gloves,Light Armor,Hands,Tailor,8,Celestial,Post-MVP,P3,Image to 3D,0.27,700,1700,0.50,0.25,1024,2,wrist center,None,seraph hide,celestial weave,"symmetric sacred construction, luminous inlays, elevated but robust silhouettes","paired fitted gloves with bracers, reinforced palm, clear finger separation",6,one base mesh per family+tier; rarity uses material/attachment variants,inventory prop pair in MVP; full character skin handles wearable geometry,Prompts/ConceptArt/equipment_light_gloves_t08_base_concept_sheet.txt,Prompts/Meshy/BaseGeometry/equipment_light_gloves_t08_base_geometry.txt,Prompts/TextureVariants/equipment_light_gloves_t08_base_rarity_variants.txt,Assets/_Game/Art/Equipment/LightArmor/light_gloves/T8/Models,Assets/_Game/Art/Equipment/LightArmor/light_gloves/T8/Materials,Assets/_Game/Prefabs/Equipment/light_gloves/T8,readable at inventory scale; tier identity clear without UI; all six rarity variants preserve family; pivot and scale correct; no fragile geometry; URP PBR maps valid,Brief Ready
equipment_light_gloves_t09_base,Luvas Leves T9,Light Gloves T9,light_gloves,Light Armor,Hands,Tailor,9,Creation,Post-MVP,P3,Image to 3D,0.27,700,1700,0.50,0.25,1024,2,wrist center,None,fate leather,destiny weave,"signature construction, impossible but readable material, one defining creation motif","paired fitted gloves with bracers, reinforced palm, clear finger separation",6,one base mesh per family+tier; rarity uses material/attachment variants,inventory prop pair in MVP; full character skin handles wearable geometry,Prompts/ConceptArt/equipment_light_gloves_t09_base_concept_sheet.txt,Prompts/Meshy/BaseGeometry/equipment_light_gloves_t09_base_geometry.txt,Prompts/TextureVariants/equipment_light_gloves_t09_base_rarity_variants.txt,Assets/_Game/Art/Equipment/LightArmor/light_gloves/T9/Models,Assets/_Game/Art/Equipment/LightArmor/light_gloves/T9/Materials,Assets/_Game/Prefabs/Equipment/light_gloves/T9,readable at inventory scale; tier identity clear without UI; all six rarity variants preserve family; pivot and scale correct; no fragile geometry; URP PBR maps valid,Brief Ready
equipment_light_boots_t01_base,Botas Leves T1,Light Boots T1,light_boots,Light Armor,Feet,Tailor,1,Frontier,Vertical Slice,P0,Image to 3D,0.38,900,2000,0.50,0.25,1024,2,ground center between boots,None,rawhide and rope,coarse linen and wool,"functional, compact, simple construction, visible fasteners","paired agile boots, flexible ankle, reinforced toe and quiet sole",6,one base mesh per family+tier; rarity uses material/attachment variants,inventory prop pair in MVP; full character skin handles wearable geometry,Prompts/ConceptArt/equipment_light_boots_t01_base_concept_sheet.txt,Prompts/Meshy/BaseGeometry/equipment_light_boots_t01_base_geometry.txt,Prompts/TextureVariants/equipment_light_boots_t01_base_rarity_variants.txt,Assets/_Game/Art/Equipment/LightArmor/light_boots/T1/Models,Assets/_Game/Art/Equipment/LightArmor/light_boots/T1/Materials,Assets/_Game/Prefabs/Equipment/light_boots/T1,readable at inventory scale; tier identity clear without UI; all six rarity variants preserve family; pivot and scale correct; no fragile geometry; URP PBR maps valid,Brief Ready
equipment_light_boots_t02_base,Botas Leves T2,Light Boots T2,light_boots,Light Armor,Feet,Tailor,2,Crafted,MVP,P1,Image to 3D,0.38,900,2000,0.50,0.25,1024,2,ground center between boots,None,treated leather,woven wool and reinforced linen,"cleaner craftsmanship, reinforced edges, balanced proportions","paired agile boots, flexible ankle, reinforced toe and quiet sole",6,one base mesh per family+tier; rarity uses material/attachment variants,inventory prop pair in MVP; full character skin handles wearable geometry,Prompts/ConceptArt/equipment_light_boots_t02_base_concept_sheet.txt,Prompts/Meshy/BaseGeometry/equipment_light_boots_t02_base_geometry.txt,Prompts/TextureVariants/equipment_light_boots_t02_base_rarity_variants.txt,Assets/_Game/Art/Equipment/LightArmor/light_boots/T2/Models,Assets/_Game/Art/Equipment/LightArmor/light_boots/T2/Materials,Assets/_Game/Prefabs/Equipment/light_boots/T2,readable at inventory scale; tier identity clear without UI; all six rarity variants preserve family; pivot and scale correct; no fragile geometry; URP PBR maps valid,Brief Ready
equipment_light_boots_t03_base,Botas Leves T3,Light Boots T3,light_boots,Light Armor,Feet,Tailor,3,Runic,MVP,P1,Image to 3D,0.38,900,2000,0.50,0.25,1024,2,ground center between boots,None,reinforced leather,early rune weave,"first intentional rune channels, stronger silhouettes, one focal inset","paired agile boots, flexible ankle, reinforced toe and quiet sole",6,one base mesh per family+tier; rarity uses material/attachment variants,inventory prop pair in MVP; full character skin handles wearable geometry,Prompts/ConceptArt/equipment_light_boots_t03_base_concept_sheet.txt,Prompts/Meshy/BaseGeometry/equipment_light_boots_t03_base_geometry.txt,Prompts/TextureVariants/equipment_light_boots_t03_base_rarity_variants.txt,Assets/_Game/Art/Equipment/LightArmor/light_boots/T3/Models,Assets/_Game/Art/Equipment/LightArmor/light_boots/T3/Materials,Assets/_Game/Prefabs/Equipment/light_boots/T3,readable at inventory scale; tier identity clear without UI; all six rarity variants preserve family; pivot and scale correct; no fragile geometry; URP PBR maps valid,Brief Ready
equipment_light_boots_t04_base,Botas Leves T4,Light Boots T4,light_boots,Light Armor,Feet,Tailor,4,Mithril,Season 1,P2,Image to 3D,0.38,900,2000,0.50,0.25,1024,2,ground center between boots,None,silverleaf leather,refined silk,"lighter refined construction, elegant curves, disciplined ornament","paired agile boots, flexible ankle, reinforced toe and quiet sole",6,one base mesh per family+tier; rarity uses material/attachment variants,inventory prop pair in MVP; full character skin handles wearable geometry,Prompts/ConceptArt/equipment_light_boots_t04_base_concept_sheet.txt,Prompts/Meshy/BaseGeometry/equipment_light_boots_t04_base_geometry.txt,Prompts/TextureVariants/equipment_light_boots_t04_base_rarity_variants.txt,Assets/_Game/Art/Equipment/LightArmor/light_boots/T4/Models,Assets/_Game/Art/Equipment/LightArmor/light_boots/T4/Materials,Assets/_Game/Prefabs/Equipment/light_boots/T4,readable at inventory scale; tier identity clear without UI; all six rarity variants preserve family; pivot and scale correct; no fragile geometry; URP PBR maps valid,Brief Ready
equipment_light_boots_t05_base,Botas Leves T5,Light Boots T5,light_boots,Light Armor,Feet,Tailor,5,Ancestral,Season 1,P2,Image to 3D,0.38,900,2000,0.50,0.25,1024,2,ground center between boots,None,ancestral hide,dense runecloth,"heavier prestige construction, carved ancestry motifs, broad protected cores","paired agile boots, flexible ankle, reinforced toe and quiet sole",6,one base mesh per family+tier; rarity uses material/attachment variants,inventory prop pair in MVP; full character skin handles wearable geometry,Prompts/ConceptArt/equipment_light_boots_t05_base_concept_sheet.txt,Prompts/Meshy/BaseGeometry/equipment_light_boots_t05_base_geometry.txt,Prompts/TextureVariants/equipment_light_boots_t05_base_rarity_variants.txt,Assets/_Game/Art/Equipment/LightArmor/light_boots/T5/Models,Assets/_Game/Art/Equipment/LightArmor/light_boots/T5/Materials,Assets/_Game/Prefabs/Equipment/light_boots/T5,readable at inventory scale; tier identity clear without UI; all six rarity variants preserve family; pivot and scale correct; no fragile geometry; URP PBR maps valid,Brief Ready
equipment_light_boots_t06_base,Botas Leves T6,Light Boots T6,light_boots,Light Armor,Feet,Tailor,6,Draconic,Season 1,P2,Image to 3D,0.38,900,2000,0.50,0.25,1024,2,ground center between boots,None,dragon scale,phoenix weave,"aggressive organic plates, scale rhythms, controlled heat channels","paired agile boots, flexible ankle, reinforced toe and quiet sole",6,one base mesh per family+tier; rarity uses material/attachment variants,inventory prop pair in MVP; full character skin handles wearable geometry,Prompts/ConceptArt/equipment_light_boots_t06_base_concept_sheet.txt,Prompts/Meshy/BaseGeometry/equipment_light_boots_t06_base_geometry.txt,Prompts/TextureVariants/equipment_light_boots_t06_base_rarity_variants.txt,Assets/_Game/Art/Equipment/LightArmor/light_boots/T6/Models,Assets/_Game/Art/Equipment/LightArmor/light_boots/T6/Materials,Assets/_Game/Prefabs/Equipment/light_boots/T6,readable at inventory scale; tier identity clear without UI; all six rarity variants preserve family; pivot and scale correct; no fragile geometry; URP PBR maps valid,Brief Ready
equipment_light_boots_t07_base,Botas Leves T7,Light Boots T7,light_boots,Light Armor,Feet,Tailor,7,Astral,Season 1,P2,Image to 3D,0.38,900,2000,0.50,0.25,1024,2,ground center between boots,None,void leather,astral silk,"unconventional celestial geometry, small suspended protected pieces, visible energy core","paired agile boots, flexible ankle, reinforced toe and quiet sole",6,one base mesh per family+tier; rarity uses material/attachment variants,inventory prop pair in MVP; full character skin handles wearable geometry,Prompts/ConceptArt/equipment_light_boots_t07_base_concept_sheet.txt,Prompts/Meshy/BaseGeometry/equipment_light_boots_t07_base_geometry.txt,Prompts/TextureVariants/equipment_light_boots_t07_base_rarity_variants.txt,Assets/_Game/Art/Equipment/LightArmor/light_boots/T7/Models,Assets/_Game/Art/Equipment/LightArmor/light_boots/T7/Materials,Assets/_Game/Prefabs/Equipment/light_boots/T7,readable at inventory scale; tier identity clear without UI; all six rarity variants preserve family; pivot and scale correct; no fragile geometry; URP PBR maps valid,Brief Ready
equipment_light_boots_t08_base,Botas Leves T8,Light Boots T8,light_boots,Light Armor,Feet,Tailor,8,Celestial,Post-MVP,P3,Image to 3D,0.38,900,2000,0.50,0.25,1024,2,ground center between boots,None,seraph hide,celestial weave,"symmetric sacred construction, luminous inlays, elevated but robust silhouettes","paired agile boots, flexible ankle, reinforced toe and quiet sole",6,one base mesh per family+tier; rarity uses material/attachment variants,inventory prop pair in MVP; full character skin handles wearable geometry,Prompts/ConceptArt/equipment_light_boots_t08_base_concept_sheet.txt,Prompts/Meshy/BaseGeometry/equipment_light_boots_t08_base_geometry.txt,Prompts/TextureVariants/equipment_light_boots_t08_base_rarity_variants.txt,Assets/_Game/Art/Equipment/LightArmor/light_boots/T8/Models,Assets/_Game/Art/Equipment/LightArmor/light_boots/T8/Materials,Assets/_Game/Prefabs/Equipment/light_boots/T8,readable at inventory scale; tier identity clear without UI; all six rarity variants preserve family; pivot and scale correct; no fragile geometry; URP PBR maps valid,Brief Ready
equipment_light_boots_t09_base,Botas Leves T9,Light Boots T9,light_boots,Light Armor,Feet,Tailor,9,Creation,Post-MVP,P3,Image to 3D,0.38,900,2000,0.50,0.25,1024,2,ground center between boots,None,fate leather,destiny weave,"signature construction, impossible but readable material, one defining creation motif","paired agile boots, flexible ankle, reinforced toe and quiet sole",6,one base mesh per family+tier; rarity uses material/attachment variants,inventory prop pair in MVP; full character skin handles wearable geometry,Prompts/ConceptArt/equipment_light_boots_t09_base_concept_sheet.txt,Prompts/Meshy/BaseGeometry/equipment_light_boots_t09_base_geometry.txt,Prompts/TextureVariants/equipment_light_boots_t09_base_rarity_variants.txt,Assets/_Game/Art/Equipment/LightArmor/light_boots/T9/Models,Assets/_Game/Art/Equipment/LightArmor/light_boots/T9/Materials,Assets/_Game/Prefabs/Equipment/light_boots/T9,readable at inventory scale; tier identity clear without UI; all six rarity variants preserve family; pivot and scale correct; no fragile geometry; URP PBR maps valid,Brief Ready
equipment_cloth_hood_t01_base,Capuz Arcano T1,Arcane Hood T1,cloth_hood,Cloth Armor,Head,Tailor + Enchanter,1,Frontier,Vertical Slice,P0,Image to 3D,0.36,900,2100,0.50,0.25,1024,2,base center at neck opening,None,coarse linen and wool,pale quartz and nearly absent runes,"functional, compact, simple construction, visible fasteners","soft structured hood with broad face opening, layered arcane trim, no loose thin tassels",6,one base mesh per family+tier; rarity uses material/attachment variants,inventory prop in MVP; full character skin handles wearable geometry,Prompts/ConceptArt/equipment_cloth_hood_t01_base_concept_sheet.txt,Prompts/Meshy/BaseGeometry/equipment_cloth_hood_t01_base_geometry.txt,Prompts/TextureVariants/equipment_cloth_hood_t01_base_rarity_variants.txt,Assets/_Game/Art/Equipment/ClothArmor/cloth_hood/T1/Models,Assets/_Game/Art/Equipment/ClothArmor/cloth_hood/T1/Materials,Assets/_Game/Prefabs/Equipment/cloth_hood/T1,readable at inventory scale; tier identity clear without UI; all six rarity variants preserve family; pivot and scale correct; no fragile geometry; URP PBR maps valid,Brief Ready
equipment_cloth_hood_t02_base,Capuz Arcano T2,Arcane Hood T2,cloth_hood,Cloth Armor,Head,Tailor + Enchanter,2,Crafted,MVP,P1,Image to 3D,0.36,900,2100,0.50,0.25,1024,2,base center at neck opening,None,woven wool and reinforced linen,minor crystal and subtle inscriptions,"cleaner craftsmanship, reinforced edges, balanced proportions","soft structured hood with broad face opening, layered arcane trim, no loose thin tassels",6,one base mesh per family+tier; rarity uses material/attachment variants,inventory prop in MVP; full character skin handles wearable geometry,Prompts/ConceptArt/equipment_cloth_hood_t02_base_concept_sheet.txt,Prompts/Meshy/BaseGeometry/equipment_cloth_hood_t02_base_geometry.txt,Prompts/TextureVariants/equipment_cloth_hood_t02_base_rarity_variants.txt,Assets/_Game/Art/Equipment/ClothArmor/cloth_hood/T2/Models,Assets/_Game/Art/Equipment/ClothArmor/cloth_hood/T2/Materials,Assets/_Game/Prefabs/Equipment/cloth_hood/T2,readable at inventory scale; tier identity clear without UI; all six rarity variants preserve family; pivot and scale correct; no fragile geometry; URP PBR maps valid,Brief Ready
equipment_cloth_hood_t03_base,Capuz Arcano T3,Arcane Hood T3,cloth_hood,Cloth Armor,Head,Tailor + Enchanter,3,Runic,MVP,P1,Image to 3D,0.36,900,2100,0.50,0.25,1024,2,base center at neck opening,None,early rune weave,"sapphire, rune core and visible engravings","first intentional rune channels, stronger silhouettes, one focal inset","soft structured hood with broad face opening, layered arcane trim, no loose thin tassels",6,one base mesh per family+tier; rarity uses material/attachment variants,inventory prop in MVP; full character skin handles wearable geometry,Prompts/ConceptArt/equipment_cloth_hood_t03_base_concept_sheet.txt,Prompts/Meshy/BaseGeometry/equipment_cloth_hood_t03_base_geometry.txt,Prompts/TextureVariants/equipment_cloth_hood_t03_base_rarity_variants.txt,Assets/_Game/Art/Equipment/ClothArmor/cloth_hood/T3/Models,Assets/_Game/Art/Equipment/ClothArmor/cloth_hood/T3/Materials,Assets/_Game/Prefabs/Equipment/cloth_hood/T3,readable at inventory scale; tier identity clear without UI; all six rarity variants preserve family; pivot and scale correct; no fragile geometry; URP PBR maps valid,Brief Ready
equipment_cloth_hood_t04_base,Capuz Arcano T4,Arcane Hood T4,cloth_hood,Cloth Armor,Head,Tailor + Enchanter,4,Mithril,Season 1,P2,Image to 3D,0.36,900,2100,0.50,0.25,1024,2,base center at neck opening,None,refined silk,spirit crystal,"lighter refined construction, elegant curves, disciplined ornament","soft structured hood with broad face opening, layered arcane trim, no loose thin tassels",6,one base mesh per family+tier; rarity uses material/attachment variants,inventory prop in MVP; full character skin handles wearable geometry,Prompts/ConceptArt/equipment_cloth_hood_t04_base_concept_sheet.txt,Prompts/Meshy/BaseGeometry/equipment_cloth_hood_t04_base_geometry.txt,Prompts/TextureVariants/equipment_cloth_hood_t04_base_rarity_variants.txt,Assets/_Game/Art/Equipment/ClothArmor/cloth_hood/T4/Models,Assets/_Game/Art/Equipment/ClothArmor/cloth_hood/T4/Materials,Assets/_Game/Prefabs/Equipment/cloth_hood/T4,readable at inventory scale; tier identity clear without UI; all six rarity variants preserve family; pivot and scale correct; no fragile geometry; URP PBR maps valid,Brief Ready
equipment_cloth_hood_t05_base,Capuz Arcano T5,Arcane Hood T5,cloth_hood,Cloth Armor,Head,Tailor + Enchanter,5,Ancestral,Season 1,P2,Image to 3D,0.36,900,2100,0.50,0.25,1024,2,base center at neck opening,None,dense runecloth,ancient crystal and deeply carved glyphs,"heavier prestige construction, carved ancestry motifs, broad protected cores","soft structured hood with broad face opening, layered arcane trim, no loose thin tassels",6,one base mesh per family+tier; rarity uses material/attachment variants,inventory prop in MVP; full character skin handles wearable geometry,Prompts/ConceptArt/equipment_cloth_hood_t05_base_concept_sheet.txt,Prompts/Meshy/BaseGeometry/equipment_cloth_hood_t05_base_geometry.txt,Prompts/TextureVariants/equipment_cloth_hood_t05_base_rarity_variants.txt,Assets/_Game/Art/Equipment/ClothArmor/cloth_hood/T5/Models,Assets/_Game/Art/Equipment/ClothArmor/cloth_hood/T5/Materials,Assets/_Game/Prefabs/Equipment/cloth_hood/T5,readable at inventory scale; tier identity clear without UI; all six rarity variants preserve family; pivot and scale correct; no fragile geometry; URP PBR maps valid,Brief Ready
equipment_cloth_hood_t06_base,Capuz Arcano T6,Arcane Hood T6,cloth_hood,Cloth Armor,Head,Tailor + Enchanter,6,Draconic,Season 1,P2,Image to 3D,0.36,900,2100,0.50,0.25,1024,2,base center at neck opening,None,phoenix weave,prismatic crystal and controlled inner heat,"aggressive organic plates, scale rhythms, controlled heat channels","soft structured hood with broad face opening, layered arcane trim, no loose thin tassels",6,one base mesh per family+tier; rarity uses material/attachment variants,inventory prop in MVP; full character skin handles wearable geometry,Prompts/ConceptArt/equipment_cloth_hood_t06_base_concept_sheet.txt,Prompts/Meshy/BaseGeometry/equipment_cloth_hood_t06_base_geometry.txt,Prompts/TextureVariants/equipment_cloth_hood_t06_base_rarity_variants.txt,Assets/_Game/Art/Equipment/ClothArmor/cloth_hood/T6/Models,Assets/_Game/Art/Equipment/ClothArmor/cloth_hood/T6/Materials,Assets/_Game/Prefabs/Equipment/cloth_hood/T6,readable at inventory scale; tier identity clear without UI; all six rarity variants preserve family; pivot and scale correct; no fragile geometry; URP PBR maps valid,Brief Ready
equipment_cloth_hood_t07_base,Capuz Arcano T7,Arcane Hood T7,cloth_hood,Cloth Armor,Head,Tailor + Enchanter,7,Astral,Season 1,P2,Image to 3D,0.36,900,2100,0.50,0.25,1024,2,base center at neck opening,None,astral silk,astral core with violet and cyan energy,"unconventional celestial geometry, small suspended protected pieces, visible energy core","soft structured hood with broad face opening, layered arcane trim, no loose thin tassels",6,one base mesh per family+tier; rarity uses material/attachment variants,inventory prop in MVP; full character skin handles wearable geometry,Prompts/ConceptArt/equipment_cloth_hood_t07_base_concept_sheet.txt,Prompts/Meshy/BaseGeometry/equipment_cloth_hood_t07_base_geometry.txt,Prompts/TextureVariants/equipment_cloth_hood_t07_base_rarity_variants.txt,Assets/_Game/Art/Equipment/ClothArmor/cloth_hood/T7/Models,Assets/_Game/Art/Equipment/ClothArmor/cloth_hood/T7/Materials,Assets/_Game/Prefabs/Equipment/cloth_hood/T7,readable at inventory scale; tier identity clear without UI; all six rarity variants preserve family; pivot and scale correct; no fragile geometry; URP PBR maps valid,Brief Ready
equipment_cloth_hood_t08_base,Capuz Arcano T8,Arcane Hood T8,cloth_hood,Cloth Armor,Head,Tailor + Enchanter,8,Celestial,Post-MVP,P3,Image to 3D,0.36,900,2100,0.50,0.25,1024,2,base center at neck opening,None,celestial weave,divine prism and sacred light,"symmetric sacred construction, luminous inlays, elevated but robust silhouettes","soft structured hood with broad face opening, layered arcane trim, no loose thin tassels",6,one base mesh per family+tier; rarity uses material/attachment variants,inventory prop in MVP; full character skin handles wearable geometry,Prompts/ConceptArt/equipment_cloth_hood_t08_base_concept_sheet.txt,Prompts/Meshy/BaseGeometry/equipment_cloth_hood_t08_base_geometry.txt,Prompts/TextureVariants/equipment_cloth_hood_t08_base_rarity_variants.txt,Assets/_Game/Art/Equipment/ClothArmor/cloth_hood/T8/Models,Assets/_Game/Art/Equipment/ClothArmor/cloth_hood/T8/Materials,Assets/_Game/Prefabs/Equipment/cloth_hood/T8,readable at inventory scale; tier identity clear without UI; all six rarity variants preserve family; pivot and scale correct; no fragile geometry; URP PBR maps valid,Brief Ready
equipment_cloth_hood_t09_base,Capuz Arcano T9,Arcane Hood T9,cloth_hood,Cloth Armor,Head,Tailor + Enchanter,9,Creation,Post-MVP,P3,Image to 3D,0.36,900,2100,0.50,0.25,1024,2,base center at neck opening,None,destiny weave,heart of creation and iridescent energy,"signature construction, impossible but readable material, one defining creation motif","soft structured hood with broad face opening, layered arcane trim, no loose thin tassels",6,one base mesh per family+tier; rarity uses material/attachment variants,inventory prop in MVP; full character skin handles wearable geometry,Prompts/ConceptArt/equipment_cloth_hood_t09_base_concept_sheet.txt,Prompts/Meshy/BaseGeometry/equipment_cloth_hood_t09_base_geometry.txt,Prompts/TextureVariants/equipment_cloth_hood_t09_base_rarity_variants.txt,Assets/_Game/Art/Equipment/ClothArmor/cloth_hood/T9/Models,Assets/_Game/Art/Equipment/ClothArmor/cloth_hood/T9/Materials,Assets/_Game/Prefabs/Equipment/cloth_hood/T9,readable at inventory scale; tier identity clear without UI; all six rarity variants preserve family; pivot and scale correct; no fragile geometry; URP PBR maps valid,Brief Ready
equipment_cloth_robe_t01_base,Manto Arcano T1,Arcane Robe T1,cloth_robe,Cloth Armor,Chest,Tailor + Enchanter,1,Frontier,Vertical Slice,P0,Image to 3D,0.95,2200,4500,0.50,0.25,1024,3,center at waist line,None,coarse linen and wool,pale quartz and nearly absent runes,"functional, compact, simple construction, visible fasteners","layered robe torso and skirt display, broad panels, controlled arcane trim, no body mannequin",6,one base mesh per family+tier; rarity uses material/attachment variants,inventory prop in MVP; full character skin handles wearable geometry,Prompts/ConceptArt/equipment_cloth_robe_t01_base_concept_sheet.txt,Prompts/Meshy/BaseGeometry/equipment_cloth_robe_t01_base_geometry.txt,Prompts/TextureVariants/equipment_cloth_robe_t01_base_rarity_variants.txt,Assets/_Game/Art/Equipment/ClothArmor/cloth_robe/T1/Models,Assets/_Game/Art/Equipment/ClothArmor/cloth_robe/T1/Materials,Assets/_Game/Prefabs/Equipment/cloth_robe/T1,readable at inventory scale; tier identity clear without UI; all six rarity variants preserve family; pivot and scale correct; no fragile geometry; URP PBR maps valid,Brief Ready
equipment_cloth_robe_t02_base,Manto Arcano T2,Arcane Robe T2,cloth_robe,Cloth Armor,Chest,Tailor + Enchanter,2,Crafted,MVP,P1,Image to 3D,0.95,2200,4500,0.50,0.25,1024,3,center at waist line,None,woven wool and reinforced linen,minor crystal and subtle inscriptions,"cleaner craftsmanship, reinforced edges, balanced proportions","layered robe torso and skirt display, broad panels, controlled arcane trim, no body mannequin",6,one base mesh per family+tier; rarity uses material/attachment variants,inventory prop in MVP; full character skin handles wearable geometry,Prompts/ConceptArt/equipment_cloth_robe_t02_base_concept_sheet.txt,Prompts/Meshy/BaseGeometry/equipment_cloth_robe_t02_base_geometry.txt,Prompts/TextureVariants/equipment_cloth_robe_t02_base_rarity_variants.txt,Assets/_Game/Art/Equipment/ClothArmor/cloth_robe/T2/Models,Assets/_Game/Art/Equipment/ClothArmor/cloth_robe/T2/Materials,Assets/_Game/Prefabs/Equipment/cloth_robe/T2,readable at inventory scale; tier identity clear without UI; all six rarity variants preserve family; pivot and scale correct; no fragile geometry; URP PBR maps valid,Brief Ready
equipment_cloth_robe_t03_base,Manto Arcano T3,Arcane Robe T3,cloth_robe,Cloth Armor,Chest,Tailor + Enchanter,3,Runic,MVP,P1,Image to 3D,0.95,2200,4500,0.50,0.25,1024,3,center at waist line,None,early rune weave,"sapphire, rune core and visible engravings","first intentional rune channels, stronger silhouettes, one focal inset","layered robe torso and skirt display, broad panels, controlled arcane trim, no body mannequin",6,one base mesh per family+tier; rarity uses material/attachment variants,inventory prop in MVP; full character skin handles wearable geometry,Prompts/ConceptArt/equipment_cloth_robe_t03_base_concept_sheet.txt,Prompts/Meshy/BaseGeometry/equipment_cloth_robe_t03_base_geometry.txt,Prompts/TextureVariants/equipment_cloth_robe_t03_base_rarity_variants.txt,Assets/_Game/Art/Equipment/ClothArmor/cloth_robe/T3/Models,Assets/_Game/Art/Equipment/ClothArmor/cloth_robe/T3/Materials,Assets/_Game/Prefabs/Equipment/cloth_robe/T3,readable at inventory scale; tier identity clear without UI; all six rarity variants preserve family; pivot and scale correct; no fragile geometry; URP PBR maps valid,Brief Ready
equipment_cloth_robe_t04_base,Manto Arcano T4,Arcane Robe T4,cloth_robe,Cloth Armor,Chest,Tailor + Enchanter,4,Mithril,Season 1,P2,Image to 3D,0.95,2200,4500,0.50,0.25,1024,3,center at waist line,None,refined silk,spirit crystal,"lighter refined construction, elegant curves, disciplined ornament","layered robe torso and skirt display, broad panels, controlled arcane trim, no body mannequin",6,one base mesh per family+tier; rarity uses material/attachment variants,inventory prop in MVP; full character skin handles wearable geometry,Prompts/ConceptArt/equipment_cloth_robe_t04_base_concept_sheet.txt,Prompts/Meshy/BaseGeometry/equipment_cloth_robe_t04_base_geometry.txt,Prompts/TextureVariants/equipment_cloth_robe_t04_base_rarity_variants.txt,Assets/_Game/Art/Equipment/ClothArmor/cloth_robe/T4/Models,Assets/_Game/Art/Equipment/ClothArmor/cloth_robe/T4/Materials,Assets/_Game/Prefabs/Equipment/cloth_robe/T4,readable at inventory scale; tier identity clear without UI; all six rarity variants preserve family; pivot and scale correct; no fragile geometry; URP PBR maps valid,Brief Ready
equipment_cloth_robe_t05_base,Manto Arcano T5,Arcane Robe T5,cloth_robe,Cloth Armor,Chest,Tailor + Enchanter,5,Ancestral,Season 1,P2,Image to 3D,0.95,2200,4500,0.50,0.25,1024,3,center at waist line,None,dense runecloth,ancient crystal and deeply carved glyphs,"heavier prestige construction, carved ancestry motifs, broad protected cores","layered robe torso and skirt display, broad panels, controlled arcane trim, no body mannequin",6,one base mesh per family+tier; rarity uses material/attachment variants,inventory prop in MVP; full character skin handles wearable geometry,Prompts/ConceptArt/equipment_cloth_robe_t05_base_concept_sheet.txt,Prompts/Meshy/BaseGeometry/equipment_cloth_robe_t05_base_geometry.txt,Prompts/TextureVariants/equipment_cloth_robe_t05_base_rarity_variants.txt,Assets/_Game/Art/Equipment/ClothArmor/cloth_robe/T5/Models,Assets/_Game/Art/Equipment/ClothArmor/cloth_robe/T5/Materials,Assets/_Game/Prefabs/Equipment/cloth_robe/T5,readable at inventory scale; tier identity clear without UI; all six rarity variants preserve family; pivot and scale correct; no fragile geometry; URP PBR maps valid,Brief Ready
equipment_cloth_robe_t06_base,Manto Arcano T6,Arcane Robe T6,cloth_robe,Cloth Armor,Chest,Tailor + Enchanter,6,Draconic,Season 1,P2,Image to 3D,0.95,2200,4500,0.50,0.25,1024,3,center at waist line,None,phoenix weave,prismatic crystal and controlled inner heat,"aggressive organic plates, scale rhythms, controlled heat channels","layered robe torso and skirt display, broad panels, controlled arcane trim, no body mannequin",6,one base mesh per family+tier; rarity uses material/attachment variants,inventory prop in MVP; full character skin handles wearable geometry,Prompts/ConceptArt/equipment_cloth_robe_t06_base_concept_sheet.txt,Prompts/Meshy/BaseGeometry/equipment_cloth_robe_t06_base_geometry.txt,Prompts/TextureVariants/equipment_cloth_robe_t06_base_rarity_variants.txt,Assets/_Game/Art/Equipment/ClothArmor/cloth_robe/T6/Models,Assets/_Game/Art/Equipment/ClothArmor/cloth_robe/T6/Materials,Assets/_Game/Prefabs/Equipment/cloth_robe/T6,readable at inventory scale; tier identity clear without UI; all six rarity variants preserve family; pivot and scale correct; no fragile geometry; URP PBR maps valid,Brief Ready
equipment_cloth_robe_t07_base,Manto Arcano T7,Arcane Robe T7,cloth_robe,Cloth Armor,Chest,Tailor + Enchanter,7,Astral,Season 1,P2,Image to 3D,0.95,2200,4500,0.50,0.25,1024,3,center at waist line,None,astral silk,astral core with violet and cyan energy,"unconventional celestial geometry, small suspended protected pieces, visible energy core","layered robe torso and skirt display, broad panels, controlled arcane trim, no body mannequin",6,one base mesh per family+tier; rarity uses material/attachment variants,inventory prop in MVP; full character skin handles wearable geometry,Prompts/ConceptArt/equipment_cloth_robe_t07_base_concept_sheet.txt,Prompts/Meshy/BaseGeometry/equipment_cloth_robe_t07_base_geometry.txt,Prompts/TextureVariants/equipment_cloth_robe_t07_base_rarity_variants.txt,Assets/_Game/Art/Equipment/ClothArmor/cloth_robe/T7/Models,Assets/_Game/Art/Equipment/ClothArmor/cloth_robe/T7/Materials,Assets/_Game/Prefabs/Equipment/cloth_robe/T7,readable at inventory scale; tier identity clear without UI; all six rarity variants preserve family; pivot and scale correct; no fragile geometry; URP PBR maps valid,Brief Ready
equipment_cloth_robe_t08_base,Manto Arcano T8,Arcane Robe T8,cloth_robe,Cloth Armor,Chest,Tailor + Enchanter,8,Celestial,Post-MVP,P3,Image to 3D,0.95,2200,4500,0.50,0.25,1024,3,center at waist line,None,celestial weave,divine prism and sacred light,"symmetric sacred construction, luminous inlays, elevated but robust silhouettes","layered robe torso and skirt display, broad panels, controlled arcane trim, no body mannequin",6,one base mesh per family+tier; rarity uses material/attachment variants,inventory prop in MVP; full character skin handles wearable geometry,Prompts/ConceptArt/equipment_cloth_robe_t08_base_concept_sheet.txt,Prompts/Meshy/BaseGeometry/equipment_cloth_robe_t08_base_geometry.txt,Prompts/TextureVariants/equipment_cloth_robe_t08_base_rarity_variants.txt,Assets/_Game/Art/Equipment/ClothArmor/cloth_robe/T8/Models,Assets/_Game/Art/Equipment/ClothArmor/cloth_robe/T8/Materials,Assets/_Game/Prefabs/Equipment/cloth_robe/T8,readable at inventory scale; tier identity clear without UI; all six rarity variants preserve family; pivot and scale correct; no fragile geometry; URP PBR maps valid,Brief Ready
equipment_cloth_robe_t09_base,Manto Arcano T9,Arcane Robe T9,cloth_robe,Cloth Armor,Chest,Tailor + Enchanter,9,Creation,Post-MVP,P3,Image to 3D,0.95,2200,4500,0.50,0.25,1024,3,center at waist line,None,destiny weave,heart of creation and iridescent energy,"signature construction, impossible but readable material, one defining creation motif","layered robe torso and skirt display, broad panels, controlled arcane trim, no body mannequin",6,one base mesh per family+tier; rarity uses material/attachment variants,inventory prop in MVP; full character skin handles wearable geometry,Prompts/ConceptArt/equipment_cloth_robe_t09_base_concept_sheet.txt,Prompts/Meshy/BaseGeometry/equipment_cloth_robe_t09_base_geometry.txt,Prompts/TextureVariants/equipment_cloth_robe_t09_base_rarity_variants.txt,Assets/_Game/Art/Equipment/ClothArmor/cloth_robe/T9/Models,Assets/_Game/Art/Equipment/ClothArmor/cloth_robe/T9/Materials,Assets/_Game/Prefabs/Equipment/cloth_robe/T9,readable at inventory scale; tier identity clear without UI; all six rarity variants preserve family; pivot and scale correct; no fragile geometry; URP PBR maps valid,Brief Ready
equipment_cloth_gloves_t01_base,Luvas Arcanas T1,Arcane Gloves T1,cloth_gloves,Cloth Armor,Hands,Tailor + Enchanter,1,Frontier,Vertical Slice,P0,Image to 3D,0.27,700,1700,0.50,0.25,1024,2,wrist center,None,coarse linen and wool,pale quartz and nearly absent runes,"functional, compact, simple construction, visible fasteners","paired cloth gloves and bracers, reinforced spell focus backs, clean fingers",6,one base mesh per family+tier; rarity uses material/attachment variants,inventory prop pair in MVP; full character skin handles wearable geometry,Prompts/ConceptArt/equipment_cloth_gloves_t01_base_concept_sheet.txt,Prompts/Meshy/BaseGeometry/equipment_cloth_gloves_t01_base_geometry.txt,Prompts/TextureVariants/equipment_cloth_gloves_t01_base_rarity_variants.txt,Assets/_Game/Art/Equipment/ClothArmor/cloth_gloves/T1/Models,Assets/_Game/Art/Equipment/ClothArmor/cloth_gloves/T1/Materials,Assets/_Game/Prefabs/Equipment/cloth_gloves/T1,readable at inventory scale; tier identity clear without UI; all six rarity variants preserve family; pivot and scale correct; no fragile geometry; URP PBR maps valid,Brief Ready
equipment_cloth_gloves_t02_base,Luvas Arcanas T2,Arcane Gloves T2,cloth_gloves,Cloth Armor,Hands,Tailor + Enchanter,2,Crafted,MVP,P1,Image to 3D,0.27,700,1700,0.50,0.25,1024,2,wrist center,None,woven wool and reinforced linen,minor crystal and subtle inscriptions,"cleaner craftsmanship, reinforced edges, balanced proportions","paired cloth gloves and bracers, reinforced spell focus backs, clean fingers",6,one base mesh per family+tier; rarity uses material/attachment variants,inventory prop pair in MVP; full character skin handles wearable geometry,Prompts/ConceptArt/equipment_cloth_gloves_t02_base_concept_sheet.txt,Prompts/Meshy/BaseGeometry/equipment_cloth_gloves_t02_base_geometry.txt,Prompts/TextureVariants/equipment_cloth_gloves_t02_base_rarity_variants.txt,Assets/_Game/Art/Equipment/ClothArmor/cloth_gloves/T2/Models,Assets/_Game/Art/Equipment/ClothArmor/cloth_gloves/T2/Materials,Assets/_Game/Prefabs/Equipment/cloth_gloves/T2,readable at inventory scale; tier identity clear without UI; all six rarity variants preserve family; pivot and scale correct; no fragile geometry; URP PBR maps valid,Brief Ready
equipment_cloth_gloves_t03_base,Luvas Arcanas T3,Arcane Gloves T3,cloth_gloves,Cloth Armor,Hands,Tailor + Enchanter,3,Runic,MVP,P1,Image to 3D,0.27,700,1700,0.50,0.25,1024,2,wrist center,None,early rune weave,"sapphire, rune core and visible engravings","first intentional rune channels, stronger silhouettes, one focal inset","paired cloth gloves and bracers, reinforced spell focus backs, clean fingers",6,one base mesh per family+tier; rarity uses material/attachment variants,inventory prop pair in MVP; full character skin handles wearable geometry,Prompts/ConceptArt/equipment_cloth_gloves_t03_base_concept_sheet.txt,Prompts/Meshy/BaseGeometry/equipment_cloth_gloves_t03_base_geometry.txt,Prompts/TextureVariants/equipment_cloth_gloves_t03_base_rarity_variants.txt,Assets/_Game/Art/Equipment/ClothArmor/cloth_gloves/T3/Models,Assets/_Game/Art/Equipment/ClothArmor/cloth_gloves/T3/Materials,Assets/_Game/Prefabs/Equipment/cloth_gloves/T3,readable at inventory scale; tier identity clear without UI; all six rarity variants preserve family; pivot and scale correct; no fragile geometry; URP PBR maps valid,Brief Ready
equipment_cloth_gloves_t04_base,Luvas Arcanas T4,Arcane Gloves T4,cloth_gloves,Cloth Armor,Hands,Tailor + Enchanter,4,Mithril,Season 1,P2,Image to 3D,0.27,700,1700,0.50,0.25,1024,2,wrist center,None,refined silk,spirit crystal,"lighter refined construction, elegant curves, disciplined ornament","paired cloth gloves and bracers, reinforced spell focus backs, clean fingers",6,one base mesh per family+tier; rarity uses material/attachment variants,inventory prop pair in MVP; full character skin handles wearable geometry,Prompts/ConceptArt/equipment_cloth_gloves_t04_base_concept_sheet.txt,Prompts/Meshy/BaseGeometry/equipment_cloth_gloves_t04_base_geometry.txt,Prompts/TextureVariants/equipment_cloth_gloves_t04_base_rarity_variants.txt,Assets/_Game/Art/Equipment/ClothArmor/cloth_gloves/T4/Models,Assets/_Game/Art/Equipment/ClothArmor/cloth_gloves/T4/Materials,Assets/_Game/Prefabs/Equipment/cloth_gloves/T4,readable at inventory scale; tier identity clear without UI; all six rarity variants preserve family; pivot and scale correct; no fragile geometry; URP PBR maps valid,Brief Ready
equipment_cloth_gloves_t05_base,Luvas Arcanas T5,Arcane Gloves T5,cloth_gloves,Cloth Armor,Hands,Tailor + Enchanter,5,Ancestral,Season 1,P2,Image to 3D,0.27,700,1700,0.50,0.25,1024,2,wrist center,None,dense runecloth,ancient crystal and deeply carved glyphs,"heavier prestige construction, carved ancestry motifs, broad protected cores","paired cloth gloves and bracers, reinforced spell focus backs, clean fingers",6,one base mesh per family+tier; rarity uses material/attachment variants,inventory prop pair in MVP; full character skin handles wearable geometry,Prompts/ConceptArt/equipment_cloth_gloves_t05_base_concept_sheet.txt,Prompts/Meshy/BaseGeometry/equipment_cloth_gloves_t05_base_geometry.txt,Prompts/TextureVariants/equipment_cloth_gloves_t05_base_rarity_variants.txt,Assets/_Game/Art/Equipment/ClothArmor/cloth_gloves/T5/Models,Assets/_Game/Art/Equipment/ClothArmor/cloth_gloves/T5/Materials,Assets/_Game/Prefabs/Equipment/cloth_gloves/T5,readable at inventory scale; tier identity clear without UI; all six rarity variants preserve family; pivot and scale correct; no fragile geometry; URP PBR maps valid,Brief Ready
equipment_cloth_gloves_t06_base,Luvas Arcanas T6,Arcane Gloves T6,cloth_gloves,Cloth Armor,Hands,Tailor + Enchanter,6,Draconic,Season 1,P2,Image to 3D,0.27,700,1700,0.50,0.25,1024,2,wrist center,None,phoenix weave,prismatic crystal and controlled inner heat,"aggressive organic plates, scale rhythms, controlled heat channels","paired cloth gloves and bracers, reinforced spell focus backs, clean fingers",6,one base mesh per family+tier; rarity uses material/attachment variants,inventory prop pair in MVP; full character skin handles wearable geometry,Prompts/ConceptArt/equipment_cloth_gloves_t06_base_concept_sheet.txt,Prompts/Meshy/BaseGeometry/equipment_cloth_gloves_t06_base_geometry.txt,Prompts/TextureVariants/equipment_cloth_gloves_t06_base_rarity_variants.txt,Assets/_Game/Art/Equipment/ClothArmor/cloth_gloves/T6/Models,Assets/_Game/Art/Equipment/ClothArmor/cloth_gloves/T6/Materials,Assets/_Game/Prefabs/Equipment/cloth_gloves/T6,readable at inventory scale; tier identity clear without UI; all six rarity variants preserve family; pivot and scale correct; no fragile geometry; URP PBR maps valid,Brief Ready
equipment_cloth_gloves_t07_base,Luvas Arcanas T7,Arcane Gloves T7,cloth_gloves,Cloth Armor,Hands,Tailor + Enchanter,7,Astral,Season 1,P2,Image to 3D,0.27,700,1700,0.50,0.25,1024,2,wrist center,None,astral silk,astral core with violet and cyan energy,"unconventional celestial geometry, small suspended protected pieces, visible energy core","paired cloth gloves and bracers, reinforced spell focus backs, clean fingers",6,one base mesh per family+tier; rarity uses material/attachment variants,inventory prop pair in MVP; full character skin handles wearable geometry,Prompts/ConceptArt/equipment_cloth_gloves_t07_base_concept_sheet.txt,Prompts/Meshy/BaseGeometry/equipment_cloth_gloves_t07_base_geometry.txt,Prompts/TextureVariants/equipment_cloth_gloves_t07_base_rarity_variants.txt,Assets/_Game/Art/Equipment/ClothArmor/cloth_gloves/T7/Models,Assets/_Game/Art/Equipment/ClothArmor/cloth_gloves/T7/Materials,Assets/_Game/Prefabs/Equipment/cloth_gloves/T7,readable at inventory scale; tier identity clear without UI; all six rarity variants preserve family; pivot and scale correct; no fragile geometry; URP PBR maps valid,Brief Ready
equipment_cloth_gloves_t08_base,Luvas Arcanas T8,Arcane Gloves T8,cloth_gloves,Cloth Armor,Hands,Tailor + Enchanter,8,Celestial,Post-MVP,P3,Image to 3D,0.27,700,1700,0.50,0.25,1024,2,wrist center,None,celestial weave,divine prism and sacred light,"symmetric sacred construction, luminous inlays, elevated but robust silhouettes","paired cloth gloves and bracers, reinforced spell focus backs, clean fingers",6,one base mesh per family+tier; rarity uses material/attachment variants,inventory prop pair in MVP; full character skin handles wearable geometry,Prompts/ConceptArt/equipment_cloth_gloves_t08_base_concept_sheet.txt,Prompts/Meshy/BaseGeometry/equipment_cloth_gloves_t08_base_geometry.txt,Prompts/TextureVariants/equipment_cloth_gloves_t08_base_rarity_variants.txt,Assets/_Game/Art/Equipment/ClothArmor/cloth_gloves/T8/Models,Assets/_Game/Art/Equipment/ClothArmor/cloth_gloves/T8/Materials,Assets/_Game/Prefabs/Equipment/cloth_gloves/T8,readable at inventory scale; tier identity clear without UI; all six rarity variants preserve family; pivot and scale correct; no fragile geometry; URP PBR maps valid,Brief Ready
equipment_cloth_gloves_t09_base,Luvas Arcanas T9,Arcane Gloves T9,cloth_gloves,Cloth Armor,Hands,Tailor + Enchanter,9,Creation,Post-MVP,P3,Image to 3D,0.27,700,1700,0.50,0.25,1024,2,wrist center,None,destiny weave,heart of creation and iridescent energy,"signature construction, impossible but readable material, one defining creation motif","paired cloth gloves and bracers, reinforced spell focus backs, clean fingers",6,one base mesh per family+tier; rarity uses material/attachment variants,inventory prop pair in MVP; full character skin handles wearable geometry,Prompts/ConceptArt/equipment_cloth_gloves_t09_base_concept_sheet.txt,Prompts/Meshy/BaseGeometry/equipment_cloth_gloves_t09_base_geometry.txt,Prompts/TextureVariants/equipment_cloth_gloves_t09_base_rarity_variants.txt,Assets/_Game/Art/Equipment/ClothArmor/cloth_gloves/T9/Models,Assets/_Game/Art/Equipment/ClothArmor/cloth_gloves/T9/Materials,Assets/_Game/Prefabs/Equipment/cloth_gloves/T9,readable at inventory scale; tier identity clear without UI; all six rarity variants preserve family; pivot and scale correct; no fragile geometry; URP PBR maps valid,Brief Ready
equipment_cloth_boots_t01_base,Botas Arcanas T1,Arcane Boots T1,cloth_boots,Cloth Armor,Feet,Tailor + Enchanter,1,Frontier,Vertical Slice,P0,Image to 3D,0.38,900,2000,0.50,0.25,1024,2,ground center between boots,None,coarse linen and wool,pale quartz and nearly absent runes,"functional, compact, simple construction, visible fasteners",paired soft boots with structured soles and arcane ankle trim,6,one base mesh per family+tier; rarity uses material/attachment variants,inventory prop pair in MVP; full character skin handles wearable geometry,Prompts/ConceptArt/equipment_cloth_boots_t01_base_concept_sheet.txt,Prompts/Meshy/BaseGeometry/equipment_cloth_boots_t01_base_geometry.txt,Prompts/TextureVariants/equipment_cloth_boots_t01_base_rarity_variants.txt,Assets/_Game/Art/Equipment/ClothArmor/cloth_boots/T1/Models,Assets/_Game/Art/Equipment/ClothArmor/cloth_boots/T1/Materials,Assets/_Game/Prefabs/Equipment/cloth_boots/T1,readable at inventory scale; tier identity clear without UI; all six rarity variants preserve family; pivot and scale correct; no fragile geometry; URP PBR maps valid,Brief Ready
equipment_cloth_boots_t02_base,Botas Arcanas T2,Arcane Boots T2,cloth_boots,Cloth Armor,Feet,Tailor + Enchanter,2,Crafted,MVP,P1,Image to 3D,0.38,900,2000,0.50,0.25,1024,2,ground center between boots,None,woven wool and reinforced linen,minor crystal and subtle inscriptions,"cleaner craftsmanship, reinforced edges, balanced proportions",paired soft boots with structured soles and arcane ankle trim,6,one base mesh per family+tier; rarity uses material/attachment variants,inventory prop pair in MVP; full character skin handles wearable geometry,Prompts/ConceptArt/equipment_cloth_boots_t02_base_concept_sheet.txt,Prompts/Meshy/BaseGeometry/equipment_cloth_boots_t02_base_geometry.txt,Prompts/TextureVariants/equipment_cloth_boots_t02_base_rarity_variants.txt,Assets/_Game/Art/Equipment/ClothArmor/cloth_boots/T2/Models,Assets/_Game/Art/Equipment/ClothArmor/cloth_boots/T2/Materials,Assets/_Game/Prefabs/Equipment/cloth_boots/T2,readable at inventory scale; tier identity clear without UI; all six rarity variants preserve family; pivot and scale correct; no fragile geometry; URP PBR maps valid,Brief Ready
equipment_cloth_boots_t03_base,Botas Arcanas T3,Arcane Boots T3,cloth_boots,Cloth Armor,Feet,Tailor + Enchanter,3,Runic,MVP,P1,Image to 3D,0.38,900,2000,0.50,0.25,1024,2,ground center between boots,None,early rune weave,"sapphire, rune core and visible engravings","first intentional rune channels, stronger silhouettes, one focal inset",paired soft boots with structured soles and arcane ankle trim,6,one base mesh per family+tier; rarity uses material/attachment variants,inventory prop pair in MVP; full character skin handles wearable geometry,Prompts/ConceptArt/equipment_cloth_boots_t03_base_concept_sheet.txt,Prompts/Meshy/BaseGeometry/equipment_cloth_boots_t03_base_geometry.txt,Prompts/TextureVariants/equipment_cloth_boots_t03_base_rarity_variants.txt,Assets/_Game/Art/Equipment/ClothArmor/cloth_boots/T3/Models,Assets/_Game/Art/Equipment/ClothArmor/cloth_boots/T3/Materials,Assets/_Game/Prefabs/Equipment/cloth_boots/T3,readable at inventory scale; tier identity clear without UI; all six rarity variants preserve family; pivot and scale correct; no fragile geometry; URP PBR maps valid,Brief Ready
equipment_cloth_boots_t04_base,Botas Arcanas T4,Arcane Boots T4,cloth_boots,Cloth Armor,Feet,Tailor + Enchanter,4,Mithril,Season 1,P2,Image to 3D,0.38,900,2000,0.50,0.25,1024,2,ground center between boots,None,refined silk,spirit crystal,"lighter refined construction, elegant curves, disciplined ornament",paired soft boots with structured soles and arcane ankle trim,6,one base mesh per family+tier; rarity uses material/attachment variants,inventory prop pair in MVP; full character skin handles wearable geometry,Prompts/ConceptArt/equipment_cloth_boots_t04_base_concept_sheet.txt,Prompts/Meshy/BaseGeometry/equipment_cloth_boots_t04_base_geometry.txt,Prompts/TextureVariants/equipment_cloth_boots_t04_base_rarity_variants.txt,Assets/_Game/Art/Equipment/ClothArmor/cloth_boots/T4/Models,Assets/_Game/Art/Equipment/ClothArmor/cloth_boots/T4/Materials,Assets/_Game/Prefabs/Equipment/cloth_boots/T4,readable at inventory scale; tier identity clear without UI; all six rarity variants preserve family; pivot and scale correct; no fragile geometry; URP PBR maps valid,Brief Ready
equipment_cloth_boots_t05_base,Botas Arcanas T5,Arcane Boots T5,cloth_boots,Cloth Armor,Feet,Tailor + Enchanter,5,Ancestral,Season 1,P2,Image to 3D,0.38,900,2000,0.50,0.25,1024,2,ground center between boots,None,dense runecloth,ancient crystal and deeply carved glyphs,"heavier prestige construction, carved ancestry motifs, broad protected cores",paired soft boots with structured soles and arcane ankle trim,6,one base mesh per family+tier; rarity uses material/attachment variants,inventory prop pair in MVP; full character skin handles wearable geometry,Prompts/ConceptArt/equipment_cloth_boots_t05_base_concept_sheet.txt,Prompts/Meshy/BaseGeometry/equipment_cloth_boots_t05_base_geometry.txt,Prompts/TextureVariants/equipment_cloth_boots_t05_base_rarity_variants.txt,Assets/_Game/Art/Equipment/ClothArmor/cloth_boots/T5/Models,Assets/_Game/Art/Equipment/ClothArmor/cloth_boots/T5/Materials,Assets/_Game/Prefabs/Equipment/cloth_boots/T5,readable at inventory scale; tier identity clear without UI; all six rarity variants preserve family; pivot and scale correct; no fragile geometry; URP PBR maps valid,Brief Ready
equipment_cloth_boots_t06_base,Botas Arcanas T6,Arcane Boots T6,cloth_boots,Cloth Armor,Feet,Tailor + Enchanter,6,Draconic,Season 1,P2,Image to 3D,0.38,900,2000,0.50,0.25,1024,2,ground center between boots,None,phoenix weave,prismatic crystal and controlled inner heat,"aggressive organic plates, scale rhythms, controlled heat channels",paired soft boots with structured soles and arcane ankle trim,6,one base mesh per family+tier; rarity uses material/attachment variants,inventory prop pair in MVP; full character skin handles wearable geometry,Prompts/ConceptArt/equipment_cloth_boots_t06_base_concept_sheet.txt,Prompts/Meshy/BaseGeometry/equipment_cloth_boots_t06_base_geometry.txt,Prompts/TextureVariants/equipment_cloth_boots_t06_base_rarity_variants.txt,Assets/_Game/Art/Equipment/ClothArmor/cloth_boots/T6/Models,Assets/_Game/Art/Equipment/ClothArmor/cloth_boots/T6/Materials,Assets/_Game/Prefabs/Equipment/cloth_boots/T6,readable at inventory scale; tier identity clear without UI; all six rarity variants preserve family; pivot and scale correct; no fragile geometry; URP PBR maps valid,Brief Ready
equipment_cloth_boots_t07_base,Botas Arcanas T7,Arcane Boots T7,cloth_boots,Cloth Armor,Feet,Tailor + Enchanter,7,Astral,Season 1,P2,Image to 3D,0.38,900,2000,0.50,0.25,1024,2,ground center between boots,None,astral silk,astral core with violet and cyan energy,"unconventional celestial geometry, small suspended protected pieces, visible energy core",paired soft boots with structured soles and arcane ankle trim,6,one base mesh per family+tier; rarity uses material/attachment variants,inventory prop pair in MVP; full character skin handles wearable geometry,Prompts/ConceptArt/equipment_cloth_boots_t07_base_concept_sheet.txt,Prompts/Meshy/BaseGeometry/equipment_cloth_boots_t07_base_geometry.txt,Prompts/TextureVariants/equipment_cloth_boots_t07_base_rarity_variants.txt,Assets/_Game/Art/Equipment/ClothArmor/cloth_boots/T7/Models,Assets/_Game/Art/Equipment/ClothArmor/cloth_boots/T7/Materials,Assets/_Game/Prefabs/Equipment/cloth_boots/T7,readable at inventory scale; tier identity clear without UI; all six rarity variants preserve family; pivot and scale correct; no fragile geometry; URP PBR maps valid,Brief Ready
equipment_cloth_boots_t08_base,Botas Arcanas T8,Arcane Boots T8,cloth_boots,Cloth Armor,Feet,Tailor + Enchanter,8,Celestial,Post-MVP,P3,Image to 3D,0.38,900,2000,0.50,0.25,1024,2,ground center between boots,None,celestial weave,divine prism and sacred light,"symmetric sacred construction, luminous inlays, elevated but robust silhouettes",paired soft boots with structured soles and arcane ankle trim,6,one base mesh per family+tier; rarity uses material/attachment variants,inventory prop pair in MVP; full character skin handles wearable geometry,Prompts/ConceptArt/equipment_cloth_boots_t08_base_concept_sheet.txt,Prompts/Meshy/BaseGeometry/equipment_cloth_boots_t08_base_geometry.txt,Prompts/TextureVariants/equipment_cloth_boots_t08_base_rarity_variants.txt,Assets/_Game/Art/Equipment/ClothArmor/cloth_boots/T8/Models,Assets/_Game/Art/Equipment/ClothArmor/cloth_boots/T8/Materials,Assets/_Game/Prefabs/Equipment/cloth_boots/T8,readable at inventory scale; tier identity clear without UI; all six rarity variants preserve family; pivot and scale correct; no fragile geometry; URP PBR maps valid,Brief Ready
equipment_cloth_boots_t09_base,Botas Arcanas T9,Arcane Boots T9,cloth_boots,Cloth Armor,Feet,Tailor + Enchanter,9,Creation,Post-MVP,P3,Image to 3D,0.38,900,2000,0.50,0.25,1024,2,ground center between boots,None,destiny weave,heart of creation and iridescent energy,"signature construction, impossible but readable material, one defining creation motif",paired soft boots with structured soles and arcane ankle trim,6,one base mesh per family+tier; rarity uses material/attachment variants,inventory prop pair in MVP; full character skin handles wearable geometry,Prompts/ConceptArt/equipment_cloth_boots_t09_base_concept_sheet.txt,Prompts/Meshy/BaseGeometry/equipment_cloth_boots_t09_base_geometry.txt,Prompts/TextureVariants/equipment_cloth_boots_t09_base_rarity_variants.txt,Assets/_Game/Art/Equipment/ClothArmor/cloth_boots/T9/Models,Assets/_Game/Art/Equipment/ClothArmor/cloth_boots/T9/Materials,Assets/_Game/Prefabs/Equipment/cloth_boots/T9,readable at inventory scale; tier identity clear without UI; all six rarity variants preserve family; pivot and scale correct; no fragile geometry; URP PBR maps valid,Brief Ready
