asset_id,display_name_pt,display_name_en,asset_class,category,subcategory,faction_or_system,gameplay_role,production_phase,priority,tier,rarity_strategy,profession,biome,meshy_eligible,meshy_method,source_art_required,modularity,rig_type,animation_set,lod_required,lod0_tri_min,lod0_tri_max,lod1_ratio,lod2_ratio,texture_resolution,texture_maps,material_slots_max,scale_m,pivot,collider,export_format,unity_import_path,prefab_path,reuse_group,dependencies,expected_variants,status,approval_criteria,notes,source_reference
anim_enemy_goblin_caster,Animações — Goblin Caster,Goblin Caster Animation Set,Animation,Animation,Animation Set,Goblin,Reusable animation library,Vertical Slice,P0,N/A,None,None,Global,Partial,Meshy Animate + manual cleanup,No,Reusable clips on shared skeleton,Humanoid,idle; run; cast; hit; death; victory,No,0,0,0,0,N/A,N/A,0,0,N/A,None,FBX animation clips,Assets/_Game/Art/Animations/Goblin,N/A,anim_enemy_goblin_caster,Approved rig; root motion policy; event markers,6,Planned,Loop quality; no foot sliding; stable root; correct weapon sockets; combat event timing documented,,ART_REF_001 + Visual Bible v1.0
anim_enemy_goblin_melee,Animações — Goblin Melee,Goblin Melee Animation Set,Animation,Animation,Animation Set,Goblin,Reusable animation library,Vertical Slice,P0,N/A,None,None,Global,Partial,Meshy Animate + manual cleanup,No,Reusable clips on shared skeleton,Humanoid,idle; run; attack; hit; death; victory,No,0,0,0,0,N/A,N/A,0,0,N/A,None,FBX animation clips,Assets/_Game/Art/Animations/Goblin,N/A,anim_enemy_goblin_melee,Approved rig; root motion policy; event markers,6,Planned,Loop quality; no foot sliding; stable root; correct weapon sockets; combat event timing documented,,ART_REF_001 + Visual Bible v1.0
anim_enemy_goblin_ranged,Animações — Goblin Ranged,Goblin Ranged Animation Set,Animation,Animation,Animation Set,Goblin,Reusable animation library,Vertical Slice,P0,N/A,None,None,Global,Partial,Meshy Animate + manual cleanup,No,Reusable clips on shared skeleton,Humanoid,idle; run; shoot; hit; death; victory,No,0,0,0,0,N/A,N/A,0,0,N/A,None,FBX animation clips,Assets/_Game/Art/Animations/Goblin,N/A,anim_enemy_goblin_ranged,Approved rig; root motion policy; event markers,6,Planned,Loop quality; no foot sliding; stable root; correct weapon sockets; combat event timing documented,,ART_REF_001 + Visual Bible v1.0
anim_hero_caster_humanoid,Animações — Herói Conjurador,Hero Caster Animation Set,Animation,Animation,Animation Set,Heroes,Reusable animation library,Vertical Slice,P0,N/A,None,None,Global,Partial,Meshy Animate + manual cleanup,No,Reusable clips on shared skeleton,Humanoid,idle; walk; run; cast; channel; hit; stun; death; victory; skill1; skill2; ultimate,No,0,0,0,0,N/A,N/A,0,0,N/A,None,FBX animation clips,Assets/_Game/Art/Animations/Heroes,N/A,anim_hero_caster_humanoid,Approved rig; root motion policy; event markers,12,Planned,Loop quality; no foot sliding; stable root; correct weapon sockets; combat event timing documented,,ART_REF_001 + Visual Bible v1.0
anim_hero_ranged_humanoid,Animações — Herói Ranged,Hero Ranged Animation Set,Animation,Animation,Animation Set,Heroes,Reusable animation library,Vertical Slice,P0,N/A,None,None,Global,Partial,Meshy Animate + manual cleanup,No,Reusable clips on shared skeleton,Humanoid,idle; walk; run; shoot; hit; stun; death; victory; skill1; skill2; ultimate,No,0,0,0,0,N/A,N/A,0,0,N/A,None,FBX animation clips,Assets/_Game/Art/Animations/Heroes,N/A,anim_hero_ranged_humanoid,Approved rig; root motion policy; event markers,11,Planned,Loop quality; no foot sliding; stable root; correct weapon sockets; combat event timing documented,,ART_REF_001 + Visual Bible v1.0
anim_hero_tank_humanoid,Animações — Herói Tanque,Hero Tank Animation Set,Animation,Animation,Animation Set,Heroes,Reusable animation library,Vertical Slice,P0,N/A,None,None,Global,Partial,Meshy Animate + manual cleanup,No,Reusable clips on shared skeleton,Humanoid,idle; walk; run; attack; block; hit; stun; death; victory; skill1; skill2; ultimate,No,0,0,0,0,N/A,N/A,0,0,N/A,None,FBX animation clips,Assets/_Game/Art/Animations/Heroes,N/A,anim_hero_tank_humanoid,Approved rig; root motion policy; event markers,12,Planned,Loop quality; no foot sliding; stable root; correct weapon sockets; combat event timing documented,,ART_REF_001 + Visual Bible v1.0
anim_loot_chest,Animações — Baú,Loot Chest Animation Set,Animation,Animation,Animation Set,Rewards,Reusable animation library,Vertical Slice,P0,N/A,None,None,Global,Partial,Meshy Animate + manual cleanup,No,Reusable clips on shared skeleton,Generic,idle; open; rare-open; close,No,0,0,0,0,N/A,N/A,0,0,N/A,None,FBX animation clips,Assets/_Game/Art/Animations/Rewards,N/A,anim_loot_chest,Approved rig; root motion policy; event markers,4,Planned,Loop quality; no foot sliding; stable root; correct weapon sockets; combat event timing documented,,ART_REF_001 + Visual Bible v1.0
enemy_goblin_archer_001,Arqueiro Goblin,Goblin Archer,3D Model,Character,Enemy,Goblin,ranged damage,Vertical Slice,P0,N/A,None,None,Global,Yes,Image to 3D,Yes,Full body + separate weapon where applicable,Humanoid,anim_enemy_goblin_ranged,Yes,3000,5000,0.5,0.25,1024x1024,BaseColor; Normal; Metallic; Roughness; AO; Emission optional,3,1.25,Between feet at ground,Capsule/compound hit boxes,FBX,Assets/_Game/Art/Characters/Enemies/Goblin/goblin_archer_001/Models,Assets/_Game/Prefabs/Characters/Enemies/Goblin/PF_goblin_archer_001.prefab,goblin_common_body,Approved character sheet; faction material library; weapon prop if armed,1,Planned,Readable combat role; faction silhouette; valid rig pose; no fused weapon; no accidental detached pieces,,ART_REF_001 + Visual Bible v1.0
enemy_goblin_scavenger_001,Goblin Saqueador,Goblin Scavenger,3D Model,Character,Enemy,Goblin,basic melee,Vertical Slice,P0,N/A,None,None,Global,Yes,Image to 3D,Yes,Full body + separate weapon where applicable,Humanoid,anim_enemy_goblin_melee,Yes,3000,5000,0.5,0.25,1024x1024,BaseColor; Normal; Metallic; Roughness; AO; Emission optional,3,1.25,Between feet at ground,Capsule/compound hit boxes,FBX,Assets/_Game/Art/Characters/Enemies/Goblin/goblin_scavenger_001/Models,Assets/_Game/Prefabs/Characters/Enemies/Goblin/PF_goblin_scavenger_001.prefab,goblin_common_body,Approved character sheet; faction material library; weapon prop if armed,1,Planned,Readable combat role; faction silhouette; valid rig pose; no fused weapon; no accidental detached pieces,,ART_REF_001 + Visual Bible v1.0
enemy_goblin_warrior_001,Guerreiro Goblin,Goblin Warrior,3D Model,Character,Enemy,Goblin,frontline melee,Vertical Slice,P0,N/A,None,None,Global,Yes,Image to 3D,Yes,Full body + separate weapon where applicable,Humanoid,anim_enemy_goblin_melee,Yes,3000,5000,0.5,0.25,1024x1024,BaseColor; Normal; Metallic; Roughness; AO; Emission optional,3,1.25,Between feet at ground,Capsule/compound hit boxes,FBX,Assets/_Game/Art/Characters/Enemies/Goblin/goblin_warrior_001/Models,Assets/_Game/Prefabs/Characters/Enemies/Goblin/PF_goblin_warrior_001.prefab,goblin_common_body,Approved character sheet; faction material library; weapon prop if armed,1,Planned,Readable combat role; faction silhouette; valid rig pose; no fused weapon; no accidental detached pieces,,ART_REF_001 + Visual Bible v1.0
hero_archer_001,Arqueira,Archer,3D Model,Character,Playable Hero,Heroes,physical ranged damage,Vertical Slice,P0,N/A,None,None,Global,Yes,Multi-view Image to 3D,Yes,Full skin + separate weapon,Humanoid,anim_hero_ranged_humanoid,Yes,5000,8000,0.5,0.25,2048x2048,BaseColor; Normal; Metallic; Roughness; AO; Emission optional,3,1.76,Between feet at ground,Capsule + hit boxes,FBX,Assets/_Game/Art/Characters/Heroes/Archer/Models,Assets/_Game/Prefabs/Characters/Heroes/PF_Archer.prefab,hero_humanoid_base,Approved front/back/side concept; standard humanoid skeleton,1,Planned,Readable at battle camera; valid A-pose; clean hands; weapon not fused; silhouette matches archetype,,ART_REF_001 + Visual Bible v1.0
hero_mage_001,Mago,Mage,3D Model,Character,Playable Hero,Heroes,magical area damage,Vertical Slice,P0,N/A,None,None,Global,Yes,Multi-view Image to 3D,Yes,Full skin + separate weapon,Humanoid,anim_hero_caster_humanoid,Yes,5000,8000,0.5,0.25,2048x2048,BaseColor; Normal; Metallic; Roughness; AO; Emission optional,3,1.82,Between feet at ground,Capsule + hit boxes,FBX,Assets/_Game/Art/Characters/Heroes/Mage/Models,Assets/_Game/Prefabs/Characters/Heroes/PF_Mage.prefab,hero_humanoid_base,Approved front/back/side concept; standard humanoid skeleton,1,Planned,Readable at battle camera; valid A-pose; clean hands; weapon not fused; silhouette matches archetype,,ART_REF_001 + Visual Bible v1.0
hero_paladin_001,Paladino,Paladin,3D Model,Character,Playable Hero,Heroes,tank,Vertical Slice,P0,N/A,None,None,Global,Yes,Multi-view Image to 3D,Yes,Full skin + separate weapon,Humanoid,anim_hero_tank_humanoid,Yes,5000,8000,0.5,0.25,2048x2048,BaseColor; Normal; Metallic; Roughness; AO; Emission optional,3,1.9,Between feet at ground,Capsule + hit boxes,FBX,Assets/_Game/Art/Characters/Heroes/Paladin/Models,Assets/_Game/Prefabs/Characters/Heroes/PF_Paladin.prefab,hero_humanoid_base,Approved front/back/side concept; standard humanoid skeleton,1,Planned,Readable at battle camera; valid A-pose; clean hands; weapon not fused; silhouette matches archetype,,ART_REF_001 + Visual Bible v1.0
icon_hero_archer_001,Ícone — Arqueira,Icon — Archer,2D Image,Character Art,Hero Icon,Heroes,Team/inventory/profile icon,Vertical Slice,P0,N/A,None,None,Global,No,None,No,Standalone,None,None,No,0,0,0,0,512x512,RGBA,0,0,N/A,None,PNG,Assets/_Game/Art/UI/Icons/Heroes/Archer,N/A,hero_icon_frame,portrait_hero_archer_001,1,Planned,Face and class readable at 64 px; no tiny details; rarity frame is separate,,ART_REF_001 + Visual Bible v1.0
icon_hero_mage_001,Ícone — Mago,Icon — Mage,2D Image,Character Art,Hero Icon,Heroes,Team/inventory/profile icon,Vertical Slice,P0,N/A,None,None,Global,No,None,No,Standalone,None,None,No,0,0,0,0,512x512,RGBA,0,0,N/A,None,PNG,Assets/_Game/Art/UI/Icons/Heroes/Mage,N/A,hero_icon_frame,portrait_hero_mage_001,1,Planned,Face and class readable at 64 px; no tiny details; rarity frame is separate,,ART_REF_001 + Visual Bible v1.0
icon_hero_paladin_001,Ícone — Paladino,Icon — Paladin,2D Image,Character Art,Hero Icon,Heroes,Team/inventory/profile icon,Vertical Slice,P0,N/A,None,None,Global,No,None,No,Standalone,None,None,No,0,0,0,0,512x512,RGBA,0,0,N/A,None,PNG,Assets/_Game/Art/UI/Icons/Heroes/Paladin,N/A,hero_icon_frame,portrait_hero_paladin_001,1,Planned,Face and class readable at 64 px; no tiny details; rarity frame is separate,,ART_REF_001 + Visual Bible v1.0
portrait_hero_archer_001,Retrato — Arqueira,Portrait — Archer,2D Image,Character Art,Hero Portrait,Heroes,Gacha/profile/hero detail,Vertical Slice,P0,N/A,None,None,Global,No,None,Yes,Standalone,None,None,No,0,0,0,0,2048x2048,RGBA,0,0,N/A,None,PNG,Assets/_Game/Art/UI/Portraits/Heroes/Archer,N/A,hero_portrait_frame,hero_archer_001,1,Planned,Exact costume and face match with approved 3D hero; transparent or controlled background,,ART_REF_001 + Visual Bible v1.0
portrait_hero_mage_001,Retrato — Mago,Portrait — Mage,2D Image,Character Art,Hero Portrait,Heroes,Gacha/profile/hero detail,Vertical Slice,P0,N/A,None,None,Global,No,None,Yes,Standalone,None,None,No,0,0,0,0,2048x2048,RGBA,0,0,N/A,None,PNG,Assets/_Game/Art/UI/Portraits/Heroes/Mage,N/A,hero_portrait_frame,hero_mage_001,1,Planned,Exact costume and face match with approved 3D hero; transparent or controlled background,,ART_REF_001 + Visual Bible v1.0
portrait_hero_paladin_001,Retrato — Paladino,Portrait — Paladin,2D Image,Character Art,Hero Portrait,Heroes,Gacha/profile/hero detail,Vertical Slice,P0,N/A,None,None,Global,No,None,Yes,Standalone,None,None,No,0,0,0,0,2048x2048,RGBA,0,0,N/A,None,PNG,Assets/_Game/Art/UI/Portraits/Heroes/Paladin,N/A,hero_portrait_frame,hero_paladin_001,1,Planned,Exact costume and face match with approved 3D hero; transparent or controlled background,,ART_REF_001 + Visual Bible v1.0
weapon_goblin_cleaver_001,Cutelo Goblin,Goblin Cleaver,3D Model,Character Prop,axe,Goblin,Equipment for Warrior,Vertical Slice,P0,N/A,None,None,Global,Yes,Text to 3D,Optional,Separate prop/socketed,None,Socketed to character,Yes,1000,3000,0.5,0.2,1024x1024,BaseColor; Normal; Metallic; Roughness; AO; Emission optional,2,0.8,Grip/socket point; local forward +Z,Simple box/capsule or none,FBX,Assets/_Game/Art/Equipment/CharacterProps/Goblin,Assets/_Game/Prefabs/Equipment/weapon_goblin_cleaver_001.prefab,goblin_axe,Character socket standard; Warrior concept,1,Planned,Correct grip pivot; no hand attached; safe silhouette; no thin fragile pieces,,ART_REF_001 + Visual Bible v1.0
weapon_goblin_scrap_knife_001,Faca de Sucata Goblin,Goblin Scrap Knife,3D Model,Character Prop,dagger,Goblin,Equipment for Scavenger,Vertical Slice,P0,N/A,None,None,Global,Yes,Text to 3D,Optional,Separate prop/socketed,None,Socketed to character,Yes,1000,3000,0.5,0.2,1024x1024,BaseColor; Normal; Metallic; Roughness; AO; Emission optional,2,0.8,Grip/socket point; local forward +Z,Simple box/capsule or none,FBX,Assets/_Game/Art/Equipment/CharacterProps/Goblin,Assets/_Game/Prefabs/Equipment/weapon_goblin_scrap_knife_001.prefab,goblin_dagger,Character socket standard; Scavenger concept,1,Planned,Correct grip pivot; no hand attached; safe silhouette; no thin fragile pieces,,ART_REF_001 + Visual Bible v1.0
weapon_goblin_shaman_staff_001,Cajado Xamânico Goblin,Goblin Shaman Staff,3D Model,Character Prop,staff,Goblin,Equipment for Shaman,Vertical Slice,P0,N/A,None,None,Global,Yes,Text to 3D,Optional,Separate prop/socketed,None,Socketed to character,Yes,1000,3000,0.5,0.2,1024x1024,BaseColor; Normal; Metallic; Roughness; AO; Emission optional,2,1.5,Grip/socket point; local forward +Z,Simple box/capsule or none,FBX,Assets/_Game/Art/Equipment/CharacterProps/Goblin,Assets/_Game/Prefabs/Equipment/weapon_goblin_shaman_staff_001.prefab,goblin_staff,Character socket standard; Shaman concept,1,Planned,Correct grip pivot; no hand attached; safe silhouette; no thin fragile pieces,,ART_REF_001 + Visual Bible v1.0
weapon_goblin_shortbow_001,Arco Curto Goblin,Goblin Shortbow,3D Model,Character Prop,bow,Goblin,Equipment for Archer,Vertical Slice,P0,N/A,None,None,Global,Yes,Text to 3D,Optional,Separate prop/socketed,None,Socketed to character,Yes,1000,3000,0.5,0.2,1024x1024,BaseColor; Normal; Metallic; Roughness; AO; Emission optional,2,1.5,Grip/socket point; local forward +Z,Simple box/capsule or none,FBX,Assets/_Game/Art/Equipment/CharacterProps/Goblin,Assets/_Game/Prefabs/Equipment/weapon_goblin_shortbow_001.prefab,goblin_bow,Character socket standard; Archer concept,1,Planned,Correct grip pivot; no hand attached; safe silhouette; no thin fragile pieces,,ART_REF_001 + Visual Bible v1.0
weapon_goblin_wood_shield_001,Escudo de Madeira Goblin,Goblin Wood Shield,3D Model,Character Prop,shield,Goblin,Equipment for Warrior,Vertical Slice,P0,N/A,None,None,Global,Yes,Text to 3D,Optional,Separate prop/socketed,None,Socketed to character,Yes,1000,3000,0.5,0.2,1024x1024,BaseColor; Normal; Metallic; Roughness; AO; Emission optional,2,0.8,Grip/socket point; local forward +Z,Simple box/capsule or none,FBX,Assets/_Game/Art/Equipment/CharacterProps/Goblin,Assets/_Game/Prefabs/Equipment/weapon_goblin_wood_shield_001.prefab,goblin_shield,Character socket standard; Warrior concept,1,Planned,Correct grip pivot; no hand attached; safe silhouette; no thin fragile pieces,,ART_REF_001 + Visual Bible v1.0
weapon_hero_archer_bow_001,Arco da Arqueira,Archer Bow,3D Model,Character Prop,bow,Heroes,Equipment for Archer,Vertical Slice,P0,N/A,None,None,Global,Yes,Text to 3D,Optional,Separate prop/socketed,None,Socketed to character,Yes,1000,3000,0.5,0.2,1024x1024,BaseColor; Normal; Metallic; Roughness; AO; Emission optional,2,1.5,Grip/socket point; local forward +Z,Simple box/capsule or none,FBX,Assets/_Game/Art/Equipment/CharacterProps/Heroes,Assets/_Game/Prefabs/Equipment/weapon_hero_archer_bow_001.prefab,heroes_bow,Character socket standard; Archer concept,1,Planned,Correct grip pivot; no hand attached; safe silhouette; no thin fragile pieces,,ART_REF_001 + Visual Bible v1.0
weapon_hero_archer_quiver_001,Aljava da Arqueira,Archer Quiver,3D Model,Character Prop,quiver,Heroes,Equipment for Archer,Vertical Slice,P0,N/A,None,None,Global,Yes,Text to 3D,Optional,Separate prop/socketed,None,Socketed to character,Yes,700,1800,0.5,0.2,1024x1024,BaseColor; Normal; Metallic; Roughness; AO; Emission optional,2,0.8,Grip/socket point; local forward +Z,Simple box/capsule or none,FBX,Assets/_Game/Art/Equipment/CharacterProps/Heroes,Assets/_Game/Prefabs/Equipment/weapon_hero_archer_quiver_001.prefab,heroes_quiver,Character socket standard; Archer concept,1,Planned,Correct grip pivot; no hand attached; safe silhouette; no thin fragile pieces,,ART_REF_001 + Visual Bible v1.0
weapon_hero_mage_staff_001,Cajado do Mago,Mage Staff,3D Model,Character Prop,staff,Heroes,Equipment for Mage,Vertical Slice,P0,N/A,None,None,Global,Yes,Text to 3D,Optional,Separate prop/socketed,None,Socketed to character,Yes,1000,3000,0.5,0.2,1024x1024,BaseColor; Normal; Metallic; Roughness; AO; Emission optional,2,1.5,Grip/socket point; local forward +Z,Simple box/capsule or none,FBX,Assets/_Game/Art/Equipment/CharacterProps/Heroes,Assets/_Game/Prefabs/Equipment/weapon_hero_mage_staff_001.prefab,heroes_staff,Character socket standard; Mage concept,1,Planned,Correct grip pivot; no hand attached; safe silhouette; no thin fragile pieces,,ART_REF_001 + Visual Bible v1.0
weapon_hero_paladin_shield_001,Escudo do Paladino,Paladin Shield,3D Model,Character Prop,shield,Heroes,Equipment for Paladin,Vertical Slice,P0,N/A,None,None,Global,Yes,Text to 3D,Optional,Separate prop/socketed,None,Socketed to character,Yes,1000,3000,0.5,0.2,1024x1024,BaseColor; Normal; Metallic; Roughness; AO; Emission optional,2,0.8,Grip/socket point; local forward +Z,Simple box/capsule or none,FBX,Assets/_Game/Art/Equipment/CharacterProps/Heroes,Assets/_Game/Prefabs/Equipment/weapon_hero_paladin_shield_001.prefab,heroes_shield,Character socket standard; Paladin concept,1,Planned,Correct grip pivot; no hand attached; safe silhouette; no thin fragile pieces,,ART_REF_001 + Visual Bible v1.0
weapon_hero_paladin_sword_001,Espada do Paladino,Paladin Sword,3D Model,Character Prop,1H sword,Heroes,Equipment for Paladin,Vertical Slice,P0,N/A,None,None,Global,Yes,Text to 3D,Optional,Separate prop/socketed,None,Socketed to character,Yes,1000,3000,0.5,0.2,1024x1024,BaseColor; Normal; Metallic; Roughness; AO; Emission optional,2,0.8,Grip/socket point; local forward +Z,Simple box/capsule or none,FBX,Assets/_Game/Art/Equipment/CharacterProps/Heroes,Assets/_Game/Prefabs/Equipment/weapon_hero_paladin_sword_001.prefab,heroes_1H sword,Character socket standard; Paladin concept,1,Planned,Correct grip pivot; no hand attached; safe silhouette; no thin fragile pieces,,ART_REF_001 + Visual Bible v1.0
skin_archer_t01_base,Skin Arqueira T1,Archer Skin T1,3D Model,Character Skin,Archer,Heroes,Full-body equipment set visualization,Vertical Slice,P0,T1,Base tier skin; Legendary/Mythic may receive separate premium variant,None,Global,Yes,Multi-view Image to 3D,Yes,Full skin; separate weapon/shield,Humanoid,anim_hero_ranged_humanoid,Yes,5000,8500,0.5,0.25,2048x2048,BaseColor; Normal; Metallic; Roughness; AO; Emission mask,3,1.9,Between feet at ground,Uses character prefab colliders,FBX,Assets/_Game/Art/Characters/Heroes/Archer/Skins/T1,Assets/_Game/Prefabs/Characters/Heroes/Skins/PF_skin_archer_t01.prefab,skin_archer_shared_skeleton,hero_archer_001; approved tier concept; shared humanoid skeleton,1,Planned,Exact shared skeleton proportions; no clipping in standard animations; tier silhouette progression is clear,,ART_REF_001 + Visual Bible v1.0
skin_mage_t01_base,Skin Mago T1,Mage Skin T1,3D Model,Character Skin,Mage,Heroes,Full-body equipment set visualization,Vertical Slice,P0,T1,Base tier skin; Legendary/Mythic may receive separate premium variant,None,Global,Yes,Multi-view Image to 3D,Yes,Full skin; separate weapon/shield,Humanoid,anim_hero_caster_humanoid,Yes,5000,8500,0.5,0.25,2048x2048,BaseColor; Normal; Metallic; Roughness; AO; Emission mask,3,1.9,Between feet at ground,Uses character prefab colliders,FBX,Assets/_Game/Art/Characters/Heroes/Mage/Skins/T1,Assets/_Game/Prefabs/Characters/Heroes/Skins/PF_skin_mage_t01.prefab,skin_mage_shared_skeleton,hero_mage_001; approved tier concept; shared humanoid skeleton,1,Planned,Exact shared skeleton proportions; no clipping in standard animations; tier silhouette progression is clear,,ART_REF_001 + Visual Bible v1.0
skin_paladin_t01_base,Skin Paladino T1,Paladin Skin T1,3D Model,Character Skin,Paladin,Heroes,Full-body equipment set visualization,Vertical Slice,P0,T1,Base tier skin; Legendary/Mythic may receive separate premium variant,None,Global,Yes,Multi-view Image to 3D,Yes,Full skin; separate weapon/shield,Humanoid,anim_hero_tank_humanoid,Yes,5000,8500,0.5,0.25,2048x2048,BaseColor; Normal; Metallic; Roughness; AO; Emission mask,3,1.9,Between feet at ground,Uses character prefab colliders,FBX,Assets/_Game/Art/Characters/Heroes/Paladin/Skins/T1,Assets/_Game/Prefabs/Characters/Heroes/Skins/PF_skin_paladin_t01.prefab,skin_paladin_shared_skeleton,hero_paladin_001; approved tier concept; shared humanoid skeleton,1,Planned,Exact shared skeleton proportions; no clipping in standard animations; tier silhouette progression is clear,,ART_REF_001 + Visual Bible v1.0
station_alchemist_t01_001,Laboratório T1,Laboratory T1,3D Model,Crafting Station,Alchemist,Crafting,Alquimista production station milestone,Vertical Slice,P0,T1,None,Alquimista,Global,Yes,Text to 3D,Optional,Station base + milestone upgrade variant,Generic optional,anim_station_alchemist,Yes,4000,6500,0.5,0.2,1024x1024,BaseColor; Normal; Metallic; Roughness; AO; Emission optional,3,3.5,Base center; work interaction point marked,Compound box colliders,FBX,Assets/_Game/Art/Crafting/Stations/Alchemist/T1,Assets/_Game/Prefabs/Crafting/Stations/PF_alchemist_t01.prefab,station_alchemist_milestones,Station interaction socket; profession material kit,1,Planned,Immediate Alquimista readability; irregular e orgânica silhouette; clear work area; milestone visibly stronger than prior tier,,ART_REF_001 + Visual Bible v1.0
station_blacksmith_t01_001,Forja T1,Forge T1,3D Model,Crafting Station,Blacksmith,Crafting,Ferreiro production station milestone,Vertical Slice,P0,T1,None,Ferreiro,Global,Yes,Text to 3D,Optional,Station base + milestone upgrade variant,Generic optional,anim_station_blacksmith,Yes,4000,6500,0.5,0.2,1024x1024,BaseColor; Normal; Metallic; Roughness; AO; Emission optional,3,3.5,Base center; work interaction point marked,Compound box colliders,FBX,Assets/_Game/Art/Crafting/Stations/Blacksmith/T1,Assets/_Game/Prefabs/Crafting/Stations/PF_blacksmith_t01.prefab,station_blacksmith_milestones,Station interaction socket; profession material kit,1,Planned,Immediate Ferreiro readability; quadrada e pesada silhouette; clear work area; milestone visibly stronger than prior tier,,ART_REF_001 + Visual Bible v1.0
station_enchanter_t01_001,Mesa Arcana T1,Arcane Table T1,3D Model,Crafting Station,Enchanter,Crafting,Encantador production station milestone,Vertical Slice,P0,T1,None,Encantador,Global,Yes,Text to 3D,Optional,Station base + milestone upgrade variant,Generic optional,anim_station_enchanter,Yes,4000,6500,0.5,0.2,1024x1024,BaseColor; Normal; Metallic; Roughness; AO; Emission optional,3,3.5,Base center; work interaction point marked,Compound box colliders,FBX,Assets/_Game/Art/Crafting/Stations/Enchanter/T1,Assets/_Game/Prefabs/Crafting/Stations/PF_enchanter_t01.prefab,station_enchanter_milestones,Station interaction socket; profession material kit,1,Planned,Immediate Encantador readability; circular e vertical silhouette; clear work area; milestone visibly stronger than prior tier,,ART_REF_001 + Visual Bible v1.0
station_gatherer_t01_001,Acampamento de Expedição T1,Expedition Camp T1,3D Model,Crafting Station,Gatherer,Crafting,Coletador production station milestone,Vertical Slice,P0,T1,None,Coletador,Global,Yes,Text to 3D,Optional,Station base + milestone upgrade variant,Generic optional,anim_station_gatherer,Yes,4000,6500,0.5,0.2,1024x1024,BaseColor; Normal; Metallic; Roughness; AO; Emission optional,3,3.5,Base center; work interaction point marked,Compound box colliders,FBX,Assets/_Game/Art/Crafting/Stations/Gatherer/T1,Assets/_Game/Prefabs/Crafting/Stations/PF_gatherer_t01.prefab,station_gatherer_milestones,Station interaction socket; profession material kit,1,Planned,Immediate Coletador readability; triangular e robusta silhouette; clear work area; milestone visibly stronger than prior tier,,ART_REF_001 + Visual Bible v1.0
station_tailor_t01_001,Ateliê T1,Atelier T1,3D Model,Crafting Station,Tailor,Crafting,Costureiro production station milestone,Vertical Slice,P0,T1,None,Costureiro,Global,Yes,Text to 3D,Optional,Station base + milestone upgrade variant,Generic optional,anim_station_tailor,Yes,4000,6500,0.5,0.2,1024x1024,BaseColor; Normal; Metallic; Roughness; AO; Emission optional,3,3.5,Base center; work interaction point marked,Compound box colliders,FBX,Assets/_Game/Art/Crafting/Stations/Tailor/T1,Assets/_Game/Prefabs/Crafting/Stations/PF_tailor_t01.prefab,station_tailor_milestones,Station interaction socket; profession material kit,1,Planned,Immediate Costureiro readability; horizontal e organizada silhouette; clear work area; milestone visibly stronger than prior tier,,ART_REF_001 + Visual Bible v1.0
env_goblin_mine_camp_gate_001,Portão do Acampamento,Camp Gate,3D Model,Environment,large prop,Goblin Mine,Modular environment kit,Vertical Slice,P0,N/A,None,None,Goblin Mine,Yes,Image to 3D,Yes,Modular kit piece,None,None,Yes,2500,6000,0.5,0.2,1024x1024,BaseColor; Normal; Metallic; Roughness; AO; Emission optional,2,5.0,Base center; grid-aligned where modular,Simple mesh/box collider,FBX,Assets/_Game/Art/Environments/goblin_mine/Models,Assets/_Game/Prefabs/Environments/goblin_mine/PF_camp_gate.prefab,goblin_mine_large prop,Goblin Mine modular grid; material library,1,Planned,Grid alignment; readable silhouette; no hidden internal geometry; collision-safe; battle center remains clear,,ART_REF_001 + Visual Bible v1.0
env_goblin_mine_goblin_barrel_001,Barril Goblin,Goblin Barrel,3D Model,Environment,prop,Goblin Mine,Modular environment kit,Vertical Slice,P0,N/A,None,None,Goblin Mine,Yes,Text to 3D,Optional,Modular kit piece,None,None,Yes,400,900,0.5,0.2,1024x1024,BaseColor; Normal; Metallic; Roughness; AO; Emission optional,2,1.0,Base center; grid-aligned where modular,Simple mesh/box collider,FBX,Assets/_Game/Art/Environments/goblin_mine/Models,Assets/_Game/Prefabs/Environments/goblin_mine/PF_goblin_barrel.prefab,goblin_mine_prop,Goblin Mine modular grid; material library,1,Planned,Grid alignment; readable silhouette; no hidden internal geometry; collision-safe; battle center remains clear,,ART_REF_001 + Visual Bible v1.0
env_goblin_mine_goblin_crate_001,Caixote Goblin,Goblin Crate,3D Model,Environment,prop,Goblin Mine,Modular environment kit,Vertical Slice,P0,N/A,None,None,Goblin Mine,Yes,Text to 3D,Optional,Modular kit piece,None,None,Yes,350,800,0.5,0.2,1024x1024,BaseColor; Normal; Metallic; Roughness; AO; Emission optional,2,1.0,Base center; grid-aligned where modular,Simple mesh/box collider,FBX,Assets/_Game/Art/Environments/goblin_mine/Models,Assets/_Game/Prefabs/Environments/goblin_mine/PF_goblin_crate.prefab,goblin_mine_prop,Goblin Mine modular grid; material library,1,Planned,Grid alignment; readable silhouette; no hidden internal geometry; collision-safe; battle center remains clear,,ART_REF_001 + Visual Bible v1.0
env_goblin_mine_goblin_king_throne_001,Trono do Rei Goblin,Goblin King Throne,3D Model,Environment,hero prop,Goblin Mine,Modular environment kit,Vertical Slice,P0,N/A,None,None,Goblin Mine,Yes,Image to 3D,Yes,Modular kit piece,None,None,Yes,2500,6000,0.5,0.2,1024x1024,BaseColor; Normal; Metallic; Roughness; AO; Emission optional,2,3.0,Base center; grid-aligned where modular,Simple mesh/box collider,FBX,Assets/_Game/Art/Environments/goblin_mine/Models,Assets/_Game/Prefabs/Environments/goblin_mine/PF_goblin_king_throne.prefab,goblin_mine_hero prop,Goblin Mine modular grid; material library,1,Planned,Grid alignment; readable silhouette; no hidden internal geometry; collision-safe; battle center remains clear,,ART_REF_001 + Visual Bible v1.0
env_goblin_mine_goblin_tent_001,Tenda Goblin,Goblin Tent,3D Model,Environment,large prop,Goblin Mine,Modular environment kit,Vertical Slice,P0,N/A,None,None,Goblin Mine,Yes,Image to 3D,Yes,Modular kit piece,None,None,Yes,1500,4000,0.5,0.2,1024x1024,BaseColor; Normal; Metallic; Roughness; AO; Emission optional,2,3.5,Base center; grid-aligned where modular,Simple mesh/box collider,FBX,Assets/_Game/Art/Environments/goblin_mine/Models,Assets/_Game/Prefabs/Environments/goblin_mine/PF_goblin_tent.prefab,goblin_mine_large prop,Goblin Mine modular grid; material library,1,Planned,Grid alignment; readable silhouette; no hidden internal geometry; collision-safe; battle center remains clear,,ART_REF_001 + Visual Bible v1.0
env_goblin_mine_ground_dirt_tile_001,Piso de Terra,Dirt Ground Tile,3D Model,Environment,tile,Goblin Mine,Modular environment kit,Vertical Slice,P0,N/A,None,None,Goblin Mine,Yes,Text to 3D,Optional,Modular kit piece,None,None,Yes,500,1200,0.5,0.2,1024x1024,BaseColor; Normal; Metallic; Roughness; AO; Emission optional,2,4.0,Base center; grid-aligned where modular,Simple mesh/box collider,FBX,Assets/_Game/Art/Environments/goblin_mine/Models,Assets/_Game/Prefabs/Environments/goblin_mine/PF_ground_dirt_tile.prefab,goblin_mine_tile,Goblin Mine modular grid; material library,1,Planned,Grid alignment; readable silhouette; no hidden internal geometry; collision-safe; battle center remains clear,,ART_REF_001 + Visual Bible v1.0
env_goblin_mine_ground_stone_tile_001,Piso de Pedra,Stone Ground Tile,3D Model,Environment,tile,Goblin Mine,Modular environment kit,Vertical Slice,P0,N/A,None,None,Goblin Mine,Yes,Text to 3D,Optional,Modular kit piece,None,None,Yes,600,1500,0.5,0.2,1024x1024,BaseColor; Normal; Metallic; Roughness; AO; Emission optional,2,4.0,Base center; grid-aligned where modular,Simple mesh/box collider,FBX,Assets/_Game/Art/Environments/goblin_mine/Models,Assets/_Game/Prefabs/Environments/goblin_mine/PF_ground_stone_tile.prefab,goblin_mine_tile,Goblin Mine modular grid; material library,1,Planned,Grid alignment; readable silhouette; no hidden internal geometry; collision-safe; battle center remains clear,,ART_REF_001 + Visual Bible v1.0
env_goblin_mine_mine_arch_001,Arco de Mina,Mine Arch,3D Model,Environment,structure,Goblin Mine,Modular environment kit,Vertical Slice,P0,N/A,None,None,Goblin Mine,Yes,Image to 3D,Yes,Modular kit piece,None,None,Yes,1000,2800,0.5,0.2,1024x1024,BaseColor; Normal; Metallic; Roughness; AO; Emission optional,2,3.0,Base center; grid-aligned where modular,Simple mesh/box collider,FBX,Assets/_Game/Art/Environments/goblin_mine/Models,Assets/_Game/Prefabs/Environments/goblin_mine/PF_mine_arch.prefab,goblin_mine_structure,Goblin Mine modular grid; material library,1,Planned,Grid alignment; readable silhouette; no hidden internal geometry; collision-safe; battle center remains clear,,ART_REF_001 + Visual Bible v1.0
env_goblin_mine_mine_cart_001,Carrinho de Minério,Mine Cart,3D Model,Environment,prop,Goblin Mine,Modular environment kit,Vertical Slice,P0,N/A,None,None,Goblin Mine,Yes,Text to 3D,Optional,Modular kit piece,None,None,Yes,1000,2500,0.5,0.2,1024x1024,BaseColor; Normal; Metallic; Roughness; AO; Emission optional,2,1.8,Base center; grid-aligned where modular,Simple mesh/box collider,FBX,Assets/_Game/Art/Environments/goblin_mine/Models,Assets/_Game/Prefabs/Environments/goblin_mine/PF_mine_cart.prefab,goblin_mine_prop,Goblin Mine modular grid; material library,1,Planned,Grid alignment; readable silhouette; no hidden internal geometry; collision-safe; battle center remains clear,,ART_REF_001 + Visual Bible v1.0
env_goblin_mine_mine_track_curve_001,Trilho Curvo,Curved Mine Track,3D Model,Environment,modular prop,Goblin Mine,Modular environment kit,Vertical Slice,P0,N/A,None,None,Goblin Mine,Yes,Text to 3D,Optional,Modular kit piece,None,None,Yes,500,1200,0.5,0.2,1024x1024,BaseColor; Normal; Metallic; Roughness; AO; Emission optional,2,4.0,Base center; grid-aligned where modular,Simple mesh/box collider,FBX,Assets/_Game/Art/Environments/goblin_mine/Models,Assets/_Game/Prefabs/Environments/goblin_mine/PF_mine_track_curve.prefab,goblin_mine_modular prop,Goblin Mine modular grid; material library,1,Planned,Grid alignment; readable silhouette; no hidden internal geometry; collision-safe; battle center remains clear,,ART_REF_001 + Visual Bible v1.0
env_goblin_mine_mine_track_straight_001,Trilho Reto,Straight Mine Track,3D Model,Environment,modular prop,Goblin Mine,Modular environment kit,Vertical Slice,P0,N/A,None,None,Goblin Mine,Yes,Text to 3D,Optional,Modular kit piece,None,None,Yes,400,1000,0.5,0.2,1024x1024,BaseColor; Normal; Metallic; Roughness; AO; Emission optional,2,4.0,Base center; grid-aligned where modular,Simple mesh/box collider,FBX,Assets/_Game/Art/Environments/goblin_mine/Models,Assets/_Game/Prefabs/Environments/goblin_mine/PF_mine_track_straight.prefab,goblin_mine_modular prop,Goblin Mine modular grid; material library,1,Planned,Grid alignment; readable silhouette; no hidden internal geometry; collision-safe; battle center remains clear,,ART_REF_001 + Visual Bible v1.0
env_goblin_mine_mine_wall_corner_001,Canto de Mina,Mine Wall Corner,3D Model,Environment,wall,Goblin Mine,Modular environment kit,Vertical Slice,P0,N/A,None,None,Goblin Mine,Yes,Image to 3D,Yes,Modular kit piece,None,None,Yes,1400,4000,0.5,0.2,1024x1024,BaseColor; Normal; Metallic; Roughness; AO; Emission optional,2,4.0,Base center; grid-aligned where modular,Simple mesh/box collider,FBX,Assets/_Game/Art/Environments/goblin_mine/Models,Assets/_Game/Prefabs/Environments/goblin_mine/PF_mine_wall_corner.prefab,goblin_mine_wall,Goblin Mine modular grid; material library,1,Planned,Grid alignment; readable silhouette; no hidden internal geometry; collision-safe; battle center remains clear,,ART_REF_001 + Visual Bible v1.0
env_goblin_mine_mine_wall_straight_001,Parede de Mina Reta,Straight Mine Wall,3D Model,Environment,wall,Goblin Mine,Modular environment kit,Vertical Slice,P0,N/A,None,None,Goblin Mine,Yes,Image to 3D,Yes,Modular kit piece,None,None,Yes,1200,3500,0.5,0.2,1024x1024,BaseColor; Normal; Metallic; Roughness; AO; Emission optional,2,4.0,Base center; grid-aligned where modular,Simple mesh/box collider,FBX,Assets/_Game/Art/Environments/goblin_mine/Models,Assets/_Game/Prefabs/Environments/goblin_mine/PF_mine_wall_straight.prefab,goblin_mine_wall,Goblin Mine modular grid; material library,1,Planned,Grid alignment; readable silhouette; no hidden internal geometry; collision-safe; battle center remains clear,,ART_REF_001 + Visual Bible v1.0
env_goblin_mine_ore_pile_001,Pilha de Minério,Ore Pile,3D Model,Environment,prop,Goblin Mine,Modular environment kit,Vertical Slice,P0,N/A,None,None,Goblin Mine,Yes,Text to 3D,Optional,Modular kit piece,None,None,Yes,500,1400,0.5,0.2,1024x1024,BaseColor; Normal; Metallic; Roughness; AO; Emission optional,2,1.2,Base center; grid-aligned where modular,Simple mesh/box collider,FBX,Assets/_Game/Art/Environments/goblin_mine/Models,Assets/_Game/Prefabs/Environments/goblin_mine/PF_ore_pile.prefab,goblin_mine_prop,Goblin Mine modular grid; material library,1,Planned,Grid alignment; readable silhouette; no hidden internal geometry; collision-safe; battle center remains clear,,ART_REF_001 + Visual Bible v1.0
env_goblin_mine_rope_bridge_001,Ponte de Corda,Rope Bridge,3D Model,Environment,large prop,Goblin Mine,Modular environment kit,Vertical Slice,P0,N/A,None,None,Goblin Mine,Yes,Image to 3D,Yes,Modular kit piece,None,None,Yes,1800,4500,0.5,0.2,1024x1024,BaseColor; Normal; Metallic; Roughness; AO; Emission optional,2,6.0,Base center; grid-aligned where modular,Simple mesh/box collider,FBX,Assets/_Game/Art/Environments/goblin_mine/Models,Assets/_Game/Prefabs/Environments/goblin_mine/PF_rope_bridge.prefab,goblin_mine_large prop,Goblin Mine modular grid; material library,1,Planned,Grid alignment; readable silhouette; no hidden internal geometry; collision-safe; battle center remains clear,,ART_REF_001 + Visual Bible v1.0
env_goblin_mine_scrap_barricade_001,Barricada de Sucata,Scrap Barricade,3D Model,Environment,prop,Goblin Mine,Modular environment kit,Vertical Slice,P0,N/A,None,None,Goblin Mine,Yes,Text to 3D,Optional,Modular kit piece,None,None,Yes,900,2200,0.5,0.2,1024x1024,BaseColor; Normal; Metallic; Roughness; AO; Emission optional,2,2.5,Base center; grid-aligned where modular,Simple mesh/box collider,FBX,Assets/_Game/Art/Environments/goblin_mine/Models,Assets/_Game/Prefabs/Environments/goblin_mine/PF_scrap_barricade.prefab,goblin_mine_prop,Goblin Mine modular grid; material library,1,Planned,Grid alignment; readable silhouette; no hidden internal geometry; collision-safe; battle center remains clear,,ART_REF_001 + Visual Bible v1.0
env_goblin_mine_wall_torch_001,Tocha de Parede,Wall Torch,3D Model,Environment,prop,Goblin Mine,Modular environment kit,Vertical Slice,P0,N/A,None,None,Goblin Mine,Yes,Text to 3D,Optional,Modular kit piece,None,None,Yes,300,800,0.5,0.2,1024x1024,BaseColor; Normal; Metallic; Roughness; AO; Emission optional,2,0.8,Base center; grid-aligned where modular,Simple mesh/box collider,FBX,Assets/_Game/Art/Environments/goblin_mine/Models,Assets/_Game/Prefabs/Environments/goblin_mine/PF_wall_torch.prefab,goblin_mine_prop,Goblin Mine modular grid; material library,1,Planned,Grid alignment; readable silhouette; no hidden internal geometry; collision-safe; battle center remains clear,,ART_REF_001 + Visual Bible v1.0
env_goblin_mine_watchtower_001,Torre de Vigia Goblin,Goblin Watchtower,3D Model,Environment,large prop,Goblin Mine,Modular environment kit,Vertical Slice,P0,N/A,None,None,Goblin Mine,Yes,Image to 3D,Yes,Modular kit piece,None,None,Yes,3000,7000,0.5,0.2,1024x1024,BaseColor; Normal; Metallic; Roughness; AO; Emission optional,2,7.0,Base center; grid-aligned where modular,Simple mesh/box collider,FBX,Assets/_Game/Art/Environments/goblin_mine/Models,Assets/_Game/Prefabs/Environments/goblin_mine/PF_watchtower.prefab,goblin_mine_large prop,Goblin Mine modular grid; material library,1,Planned,Grid alignment; readable silhouette; no hidden internal geometry; collision-safe; battle center remains clear,,ART_REF_001 + Visual Bible v1.0
env_goblin_mine_wood_cage_001,Jaula de Madeira,Wooden Cage,3D Model,Environment,prop,Goblin Mine,Modular environment kit,Vertical Slice,P0,N/A,None,None,Goblin Mine,Yes,Text to 3D,Optional,Modular kit piece,None,None,Yes,800,2200,0.5,0.2,1024x1024,BaseColor; Normal; Metallic; Roughness; AO; Emission optional,2,2.0,Base center; grid-aligned where modular,Simple mesh/box collider,FBX,Assets/_Game/Art/Environments/goblin_mine/Models,Assets/_Game/Prefabs/Environments/goblin_mine/PF_wood_cage.prefab,goblin_mine_prop,Goblin Mine modular grid; material library,1,Planned,Grid alignment; readable silhouette; no hidden internal geometry; collision-safe; battle center remains clear,,ART_REF_001 + Visual Bible v1.0
env_goblin_mine_wood_support_beam_001,Viga de Suporte,Wood Support Beam,3D Model,Environment,structure,Goblin Mine,Modular environment kit,Vertical Slice,P0,N/A,None,None,Goblin Mine,Yes,Image to 3D,Yes,Modular kit piece,None,None,Yes,500,1400,0.5,0.2,1024x1024,BaseColor; Normal; Metallic; Roughness; AO; Emission optional,2,3.0,Base center; grid-aligned where modular,Simple mesh/box collider,FBX,Assets/_Game/Art/Environments/goblin_mine/Models,Assets/_Game/Prefabs/Environments/goblin_mine/PF_wood_support_beam.prefab,goblin_mine_structure,Goblin Mine modular grid; material library,1,Planned,Grid alignment; readable silhouette; no hidden internal geometry; collision-safe; battle center remains clear,,ART_REF_001 + Visual Bible v1.0
equipment_amulet_t01_base,Amuleto T1,Amulet T1,3D Model,Equipment,Accessory,Equipment,Crafted/equippable item family,Vertical Slice,P0,T1,6 rarity material/ornament variants from one tier family,Encantador,Global,Yes,Text to 3D,Optional,Base geometry + rarity overlays/material variants,None,Socketed when weapon,Yes,350,900,0.5,0.2,1024x1024,BaseColor; Normal; Metallic; Roughness; AO; Emission mask,2,0.25,Grip point for weapons; base center for accessories,Simple or none,FBX,Assets/_Game/Art/Equipment/T1/Accessory,Assets/_Game/Prefabs/Equipment/T1/PF_amulet_t01.prefab,equipment_amulet_tier_family,Tier 1 language; rarity material library,6,Planned,Tier readable without rarity color; six rarity treatments possible; correct pivot; no excessive emission,,ART_REF_001 + Visual Bible v1.0
equipment_longbow_t01_base,Arco Longo T1,Longbow T1,3D Model,Equipment,Weapon,Equipment,Crafted/equippable item family,Vertical Slice,P0,T1,6 rarity material/ornament variants from one tier family,Costureiro,Global,Yes,Text to 3D,Optional,Base geometry + rarity overlays/material variants,None,Socketed when weapon,Yes,900,2500,0.5,0.2,1024x1024,BaseColor; Normal; Metallic; Roughness; AO; Emission mask,2,1.5,Grip point for weapons; base center for accessories,Simple or none,FBX,Assets/_Game/Art/Equipment/T1/Weapon,Assets/_Game/Prefabs/Equipment/T1/PF_longbow_t01.prefab,equipment_longbow_tier_family,Tier 1 language; rarity material library,6,Planned,Tier readable without rarity color; six rarity treatments possible; correct pivot; no excessive emission,,ART_REF_001 + Visual Bible v1.0
equipment_ring_t01_base,Anel T1,Ring T1,3D Model,Equipment,Accessory,Equipment,Crafted/equippable item family,Vertical Slice,P0,T1,6 rarity material/ornament variants from one tier family,Encantador,Global,Yes,Text to 3D,Optional,Base geometry + rarity overlays/material variants,None,Socketed when weapon,Yes,300,800,0.5,0.2,1024x1024,BaseColor; Normal; Metallic; Roughness; AO; Emission mask,2,0.15,Grip point for weapons; base center for accessories,Simple or none,FBX,Assets/_Game/Art/Equipment/T1/Accessory,Assets/_Game/Prefabs/Equipment/T1/PF_ring_t01.prefab,equipment_ring_tier_family,Tier 1 language; rarity material library,6,Planned,Tier readable without rarity color; six rarity treatments possible; correct pivot; no excessive emission,,ART_REF_001 + Visual Bible v1.0
equipment_shield_t01_base,Escudo T1,Shield T1,3D Model,Equipment,Weapon,Equipment,Crafted/equippable item family,Vertical Slice,P0,T1,6 rarity material/ornament variants from one tier family,Ferreiro,Global,Yes,Text to 3D,Optional,Base geometry + rarity overlays/material variants,None,Socketed when weapon,Yes,900,2600,0.5,0.2,1024x1024,BaseColor; Normal; Metallic; Roughness; AO; Emission mask,2,0.9,Grip point for weapons; base center for accessories,Simple or none,FBX,Assets/_Game/Art/Equipment/T1/Weapon,Assets/_Game/Prefabs/Equipment/T1/PF_shield_t01.prefab,equipment_shield_tier_family,Tier 1 language; rarity material library,6,Planned,Tier readable without rarity color; six rarity treatments possible; correct pivot; no excessive emission,,ART_REF_001 + Visual Bible v1.0
equipment_staff_t01_base,Cajado T1,Staff T1,3D Model,Equipment,Weapon,Equipment,Crafted/equippable item family,Vertical Slice,P0,T1,6 rarity material/ornament variants from one tier family,Encantador,Global,Yes,Text to 3D,Optional,Base geometry + rarity overlays/material variants,None,Socketed when weapon,Yes,1000,2800,0.5,0.2,1024x1024,BaseColor; Normal; Metallic; Roughness; AO; Emission mask,2,1.7,Grip point for weapons; base center for accessories,Simple or none,FBX,Assets/_Game/Art/Equipment/T1/Weapon,Assets/_Game/Prefabs/Equipment/T1/PF_staff_t01.prefab,equipment_staff_tier_family,Tier 1 language; rarity material library,6,Planned,Tier readable without rarity color; six rarity treatments possible; correct pivot; no excessive emission,,ART_REF_001 + Visual Bible v1.0
equipment_sword_1h_t01_base,Espada de Uma Mão T1,One-Handed Sword T1,3D Model,Equipment,Weapon,Equipment,Crafted/equippable item family,Vertical Slice,P0,T1,6 rarity material/ornament variants from one tier family,Ferreiro,Global,Yes,Text to 3D,Optional,Base geometry + rarity overlays/material variants,None,Socketed when weapon,Yes,1000,3000,0.5,0.2,1024x1024,BaseColor; Normal; Metallic; Roughness; AO; Emission mask,2,1.1,Grip point for weapons; base center for accessories,Simple or none,FBX,Assets/_Game/Art/Equipment/T1/Weapon,Assets/_Game/Prefabs/Equipment/T1/PF_sword_1h_t01.prefab,equipment_sword_1h_tier_family,Tier 1 language; rarity material library,6,Planned,Tier readable without rarity color; six rarity treatments possible; correct pivot; no excessive emission,,ART_REF_001 + Visual Bible v1.0
currency_gold_coin_pile_001,Pilha de Moedas de Ouro,Gold Coin Pile,3D Model,Loot,Currency,Currency,Reward/inventory presentation,Vertical Slice,P0,N/A,None,None,Global,Yes,Text to 3D,Optional,Standalone,None,None,Optional,300,1200,0.45,0,512x512,BaseColor; Normal; Metallic; Roughness; AO; Emission optional,1,0.4,Base center,None or simple,FBX,Assets/_Game/Art/Props/Loot/Core,Assets/_Game/Prefabs/Props/Loot/currency_gold_coin_pile_001.prefab,loot_core,UI render setup,1,Planned,Readable at 64 px; compact silhouette; no text or symbols requiring legibility,,ART_REF_001 + Visual Bible v1.0
currency_premium_gem_001,Gema Premium,Premium Gem,3D Model,Loot,Currency,Currency,Reward/inventory presentation,Vertical Slice,P0,N/A,None,None,Global,Yes,Text to 3D,Optional,Standalone,None,None,Optional,300,1200,0.45,0,512x512,BaseColor; Normal; Metallic; Roughness; AO; Emission optional,1,0.4,Base center,None or simple,FBX,Assets/_Game/Art/Props/Loot/Core,Assets/_Game/Prefabs/Props/Loot/currency_premium_gem_001.prefab,loot_core,UI render setup,1,Planned,Readable at 64 px; compact silhouette; no text or symbols requiring legibility,,ART_REF_001 + Visual Bible v1.0
loot_chest_common_001,Baú Comum,Common Chest,3D Model,Loot,Reward Chest,Rewards,Reward reveal/idle loot,Vertical Slice,P0,N/A,Fixed Common visual treatment #A7ADB2,None,Global,Yes,Text to 3D,Optional,Shared chest proportions; rarity-specific ornaments,Generic,anim_loot_chest,Yes,900,2500,0.5,0.2,1024x1024,BaseColor; Normal; Metallic; Roughness; AO; Emission mask,2,1.0,Bottom center; lid hinge separate,Box collider,FBX,Assets/_Game/Art/Props/Loot/Chests,Assets/_Game/Prefabs/Props/Loot/PF_chest_common.prefab,loot_chest_shared,Rarity material library,1,Planned,Rarity readable by shape and ornaments; functional lid separation; no full-surface glow,,ART_REF_001 + Visual Bible v1.0
loot_chest_rare_001,Baú Raro,Rare Chest,3D Model,Loot,Reward Chest,Rewards,Reward reveal/idle loot,Vertical Slice,P0,N/A,Fixed Rare visual treatment #3D8EFF,None,Global,Yes,Text to 3D,Optional,Shared chest proportions; rarity-specific ornaments,Generic,anim_loot_chest,Yes,900,2500,0.5,0.2,1024x1024,BaseColor; Normal; Metallic; Roughness; AO; Emission mask,2,1.0,Bottom center; lid hinge separate,Box collider,FBX,Assets/_Game/Art/Props/Loot/Chests,Assets/_Game/Prefabs/Props/Loot/PF_chest_rare.prefab,loot_chest_shared,Rarity material library,1,Planned,Rarity readable by shape and ornaments; functional lid separation; no full-surface glow,,ART_REF_001 + Visual Bible v1.0
loot_chest_uncommon_001,Baú Incomum,Uncommon Chest,3D Model,Loot,Reward Chest,Rewards,Reward reveal/idle loot,Vertical Slice,P0,N/A,Fixed Uncommon visual treatment #5DBB63,None,Global,Yes,Text to 3D,Optional,Shared chest proportions; rarity-specific ornaments,Generic,anim_loot_chest,Yes,900,2500,0.5,0.2,1024x1024,BaseColor; Normal; Metallic; Roughness; AO; Emission mask,2,1.0,Bottom center; lid hinge separate,Box collider,FBX,Assets/_Game/Art/Props/Loot/Chests,Assets/_Game/Prefabs/Props/Loot/PF_chest_uncommon.prefab,loot_chest_shared,Rarity material library,1,Planned,Rarity readable by shape and ornaments; functional lid separation; no full-surface glow,,ART_REF_001 + Visual Bible v1.0
resource_blueprint_scroll_001,Diagrama em Pergaminho,Blueprint Scroll,3D Model,Loot,Crafting,Crafting,Reward/inventory presentation,Vertical Slice,P0,N/A,None,None,Global,Yes,Text to 3D,Optional,Standalone,None,None,Optional,300,1200,0.45,0,512x512,BaseColor; Normal; Metallic; Roughness; AO; Emission optional,1,0.4,Base center,None or simple,FBX,Assets/_Game/Art/Props/Loot/Core,Assets/_Game/Prefabs/Props/Loot/resource_blueprint_scroll_001.prefab,loot_core,UI render setup,1,Planned,Readable at 64 px; compact silhouette; no text or symbols requiring legibility,,ART_REF_001 + Visual Bible v1.0
resource_energy_flask_001,Frasco de Energia,Energy Flask,3D Model,Loot,Currency,Currency,Reward/inventory presentation,Vertical Slice,P0,N/A,None,None,Global,Yes,Text to 3D,Optional,Standalone,None,None,Optional,300,1200,0.45,0,512x512,BaseColor; Normal; Metallic; Roughness; AO; Emission optional,1,0.4,Base center,None or simple,FBX,Assets/_Game/Art/Props/Loot/Core,Assets/_Game/Prefabs/Props/Loot/resource_energy_flask_001.prefab,loot_core,UI render setup,1,Planned,Readable at 64 px; compact silhouette; no text or symbols requiring legibility,,ART_REF_001 + Visual Bible v1.0
resource_hero_fragment_001,Fragmento de Herói,Hero Fragment,3D Model,Loot,Gacha,Gacha,Reward/inventory presentation,Vertical Slice,P0,N/A,None,None,Global,Yes,Text to 3D,Optional,Standalone,None,None,Optional,300,1200,0.45,0,512x512,BaseColor; Normal; Metallic; Roughness; AO; Emission optional,1,0.4,Base center,None or simple,FBX,Assets/_Game/Art/Props/Loot/Core,Assets/_Game/Prefabs/Props/Loot/resource_hero_fragment_001.prefab,loot_core,UI render setup,1,Planned,Readable at 64 px; compact silhouette; no text or symbols requiring legibility,,ART_REF_001 + Visual Bible v1.0
matlib_bone_stylized_pbr_001,Biblioteca PBR — Osso,PBR Library — Bone,Material/Shader,Material Library,Stylized PBR,Rendering,Shared material standard,Vertical Slice,P0,N/A,None,None,Global,Partial,Meshy AI Texturing + Unity material authoring,Yes,Shared material presets,None,None,No,0,0,0,0,1024–2048 source; platform overrides,BaseColor; Normal; Metallic; Roughness; AO; Emission optional,0,0,N/A,None,PNG/TGA + Unity Material,Assets/_Game/Art/Materials/Library,N/A,stylized_pbr_library,URP Lit master shader; Visual Bible palette,4,Planned,Clear roughness/metallic separation; no photo noise; consistent edge wear and gradients,,ART_REF_001 + Visual Bible v1.0
matlib_bronze_gold_stylized_pbr_001,Biblioteca PBR — Bronze e Ouro,PBR Library — Bronze and Gold,Material/Shader,Material Library,Stylized PBR,Rendering,Shared material standard,Vertical Slice,P0,N/A,None,None,Global,Partial,Meshy AI Texturing + Unity material authoring,Yes,Shared material presets,None,None,No,0,0,0,0,1024–2048 source; platform overrides,BaseColor; Normal; Metallic; Roughness; AO; Emission optional,0,0,N/A,None,PNG/TGA + Unity Material,Assets/_Game/Art/Materials/Library,N/A,stylized_pbr_library,URP Lit master shader; Visual Bible palette,4,Planned,Clear roughness/metallic separation; no photo noise; consistent edge wear and gradients,,ART_REF_001 + Visual Bible v1.0
matlib_celestial_stylized_pbr_001,Biblioteca PBR — Celestial,PBR Library — Celestial,Material/Shader,Material Library,Stylized PBR,Rendering,Shared material standard,Vertical Slice,P0,N/A,None,None,Global,Partial,Meshy AI Texturing + Unity material authoring,Yes,Shared material presets,None,None,No,0,0,0,0,1024–2048 source; platform overrides,BaseColor; Normal; Metallic; Roughness; AO; Emission optional,0,0,N/A,None,PNG/TGA + Unity Material,Assets/_Game/Art/Materials/Library,N/A,stylized_pbr_library,URP Lit master shader; Visual Bible palette,4,Planned,Clear roughness/metallic separation; no photo noise; consistent edge wear and gradients,,ART_REF_001 + Visual Bible v1.0
matlib_cloth_stylized_pbr_001,Biblioteca PBR — Tecido,PBR Library — Cloth,Material/Shader,Material Library,Stylized PBR,Rendering,Shared material standard,Vertical Slice,P0,N/A,None,None,Global,Partial,Meshy AI Texturing + Unity material authoring,Yes,Shared material presets,None,None,No,0,0,0,0,1024–2048 source; platform overrides,BaseColor; Normal; Metallic; Roughness; AO; Emission optional,0,0,N/A,None,PNG/TGA + Unity Material,Assets/_Game/Art/Materials/Library,N/A,stylized_pbr_library,URP Lit master shader; Visual Bible palette,4,Planned,Clear roughness/metallic separation; no photo noise; consistent edge wear and gradients,,ART_REF_001 + Visual Bible v1.0
matlib_crystal_stylized_pbr_001,Biblioteca PBR — Cristal,PBR Library — Crystal,Material/Shader,Material Library,Stylized PBR,Rendering,Shared material standard,Vertical Slice,P0,N/A,None,None,Global,Partial,Meshy AI Texturing + Unity material authoring,Yes,Shared material presets,None,None,No,0,0,0,0,1024–2048 source; platform overrides,BaseColor; Normal; Metallic; Roughness; AO; Emission optional,0,0,N/A,None,PNG/TGA + Unity Material,Assets/_Game/Art/Materials/Library,N/A,stylized_pbr_library,URP Lit master shader; Visual Bible palette,4,Planned,Clear roughness/metallic separation; no photo noise; consistent edge wear and gradients,,ART_REF_001 + Visual Bible v1.0
matlib_infernal_stylized_pbr_001,Biblioteca PBR — Infernal,PBR Library — Infernal,Material/Shader,Material Library,Stylized PBR,Rendering,Shared material standard,Vertical Slice,P0,N/A,None,None,Global,Partial,Meshy AI Texturing + Unity material authoring,Yes,Shared material presets,None,None,No,0,0,0,0,1024–2048 source; platform overrides,BaseColor; Normal; Metallic; Roughness; AO; Emission optional,0,0,N/A,None,PNG/TGA + Unity Material,Assets/_Game/Art/Materials/Library,N/A,stylized_pbr_library,URP Lit master shader; Visual Bible palette,4,Planned,Clear roughness/metallic separation; no photo noise; consistent edge wear and gradients,,ART_REF_001 + Visual Bible v1.0
matlib_iron_steel_stylized_pbr_001,Biblioteca PBR — Ferro e Aço,PBR Library — Iron and Steel,Material/Shader,Material Library,Stylized PBR,Rendering,Shared material standard,Vertical Slice,P0,N/A,None,None,Global,Partial,Meshy AI Texturing + Unity material authoring,Yes,Shared material presets,None,None,No,0,0,0,0,1024–2048 source; platform overrides,BaseColor; Normal; Metallic; Roughness; AO; Emission optional,0,0,N/A,None,PNG/TGA + Unity Material,Assets/_Game/Art/Materials/Library,N/A,stylized_pbr_library,URP Lit master shader; Visual Bible palette,4,Planned,Clear roughness/metallic separation; no photo noise; consistent edge wear and gradients,,ART_REF_001 + Visual Bible v1.0
matlib_leather_stylized_pbr_001,Biblioteca PBR — Couro,PBR Library — Leather,Material/Shader,Material Library,Stylized PBR,Rendering,Shared material standard,Vertical Slice,P0,N/A,None,None,Global,Partial,Meshy AI Texturing + Unity material authoring,Yes,Shared material presets,None,None,No,0,0,0,0,1024–2048 source; platform overrides,BaseColor; Normal; Metallic; Roughness; AO; Emission optional,0,0,N/A,None,PNG/TGA + Unity Material,Assets/_Game/Art/Materials/Library,N/A,stylized_pbr_library,URP Lit master shader; Visual Bible palette,4,Planned,Clear roughness/metallic separation; no photo noise; consistent edge wear and gradients,,ART_REF_001 + Visual Bible v1.0
matlib_stone_stylized_pbr_001,Biblioteca PBR — Pedra,PBR Library — Stone,Material/Shader,Material Library,Stylized PBR,Rendering,Shared material standard,Vertical Slice,P0,N/A,None,None,Global,Partial,Meshy AI Texturing + Unity material authoring,Yes,Shared material presets,None,None,No,0,0,0,0,1024–2048 source; platform overrides,BaseColor; Normal; Metallic; Roughness; AO; Emission optional,0,0,N/A,None,PNG/TGA + Unity Material,Assets/_Game/Art/Materials/Library,N/A,stylized_pbr_library,URP Lit master shader; Visual Bible palette,4,Planned,Clear roughness/metallic separation; no photo noise; consistent edge wear and gradients,,ART_REF_001 + Visual Bible v1.0
matlib_wood_stylized_pbr_001,Biblioteca PBR — Madeira,PBR Library — Wood,Material/Shader,Material Library,Stylized PBR,Rendering,Shared material standard,Vertical Slice,P0,N/A,None,None,Global,Partial,Meshy AI Texturing + Unity material authoring,Yes,Shared material presets,None,None,No,0,0,0,0,1024–2048 source; platform overrides,BaseColor; Normal; Metallic; Roughness; AO; Emission optional,0,0,N/A,None,PNG/TGA + Unity Material,Assets/_Game/Art/Materials/Library,N/A,stylized_pbr_library,URP Lit master shader; Visual Bible palette,4,Planned,Clear roughness/metallic separation; no photo noise; consistent edge wear and gradients,,ART_REF_001 + Visual Bible v1.0
tool_alchemist_kit_001,Kit de Alquimia,Alchemy Kit,3D Model,Profession Tool,Alquimista,Crafting,Profession identity and station animation prop,Vertical Slice,P0,N/A,None,Alquimista,Global,Yes,Text to 3D,Optional,Separate prop/socketed,None,Station/character socket,Yes,500,1600,0.5,0.2,1024x1024,BaseColor; Normal; Metallic; Roughness; AO,2,0.8,Grip point,Simple or none,FBX,Assets/_Game/Art/Crafting/Tools,Assets/_Game/Prefabs/Crafting/Tools/tool_alchemist_kit_001.prefab,profession_tools,Hand socket standard,1,Planned,Correct grip; profession readable; no thin fragile details,,ART_REF_001 + Visual Bible v1.0
tool_blacksmith_hammer_001,Martelo de Ferreiro,Blacksmith Hammer,3D Model,Profession Tool,Ferreiro,Crafting,Profession identity and station animation prop,Vertical Slice,P0,N/A,None,Ferreiro,Global,Yes,Text to 3D,Optional,Separate prop/socketed,None,Station/character socket,Yes,500,1600,0.5,0.2,1024x1024,BaseColor; Normal; Metallic; Roughness; AO,2,0.8,Grip point,Simple or none,FBX,Assets/_Game/Art/Crafting/Tools,Assets/_Game/Prefabs/Crafting/Tools/tool_blacksmith_hammer_001.prefab,profession_tools,Hand socket standard,1,Planned,Correct grip; profession readable; no thin fragile details,,ART_REF_001 + Visual Bible v1.0
tool_enchanter_chisel_001,Cinzel Rúnico,Runic Chisel,3D Model,Profession Tool,Encantador,Crafting,Profession identity and station animation prop,Vertical Slice,P0,N/A,None,Encantador,Global,Yes,Text to 3D,Optional,Separate prop/socketed,None,Station/character socket,Yes,500,1600,0.5,0.2,1024x1024,BaseColor; Normal; Metallic; Roughness; AO,2,0.8,Grip point,Simple or none,FBX,Assets/_Game/Art/Crafting/Tools,Assets/_Game/Prefabs/Crafting/Tools/tool_enchanter_chisel_001.prefab,profession_tools,Hand socket standard,1,Planned,Correct grip; profession readable; no thin fragile details,,ART_REF_001 + Visual Bible v1.0
tool_gatherer_pickaxe_001,Picareta de Coleta,Gathering Pickaxe,3D Model,Profession Tool,Coletador,Crafting,Profession identity and station animation prop,Vertical Slice,P0,N/A,None,Coletador,Global,Yes,Text to 3D,Optional,Separate prop/socketed,None,Station/character socket,Yes,500,1600,0.5,0.2,1024x1024,BaseColor; Normal; Metallic; Roughness; AO,2,0.8,Grip point,Simple or none,FBX,Assets/_Game/Art/Crafting/Tools,Assets/_Game/Prefabs/Crafting/Tools/tool_gatherer_pickaxe_001.prefab,profession_tools,Hand socket standard,1,Planned,Correct grip; profession readable; no thin fragile details,,ART_REF_001 + Visual Bible v1.0
tool_tailor_shears_001,Tesoura de Costureiro,Tailor Shears,3D Model,Profession Tool,Costureiro,Crafting,Profession identity and station animation prop,Vertical Slice,P0,N/A,None,Costureiro,Global,Yes,Text to 3D,Optional,Separate prop/socketed,None,Station/character socket,Yes,500,1600,0.5,0.2,1024x1024,BaseColor; Normal; Metallic; Roughness; AO,2,0.8,Grip point,Simple or none,FBX,Assets/_Game/Art/Crafting/Tools,Assets/_Game/Prefabs/Crafting/Tools/tool_tailor_shears_001.prefab,profession_tools,Hand socket standard,1,Planned,Correct grip; profession readable; no thin fragile details,,ART_REF_001 + Visual Bible v1.0
resource_arcane_raw_t01_001,Cristal de Essência Tênue,Faint Essence Crystal,3D Model,Resource,Arcane Crystal,Economy,Inventory/crafting material representation,Vertical Slice,P0,T1,None,Coletador,Global,Yes,Text to 3D,Optional,Shared geometry family + tier-specific texture/details,None,None,Optional,300,1000,0.45,0.0,512x512,BaseColor; Normal; Metallic; Roughness; AO; Emission optional,1,0.45,Base center,Simple box or none,FBX,Assets/_Game/Art/Resources/T1/ArcaneCrystal,Assets/_Game/Prefabs/Resources/PF_arcane_raw_t01.prefab,resource_arcane_crystal,Tier 1 material palette,1,Planned,Reads as crystal cluster at 64 px render; single compact silhouette; no background or pedestal,,ART_REF_001 + Visual Bible v1.0
resource_arcane_refined_t01_001,Núcleo Rúnico Menor,Minor Rune Core,3D Model,Resource,Rune Core,Economy,Inventory/crafting material representation,Vertical Slice,P0,T1,None,Encantador,Global,Yes,Text to 3D,Optional,Shared geometry family + tier-specific texture/details,None,None,Optional,300,1000,0.45,0.0,512x512,BaseColor; Normal; Metallic; Roughness; AO; Emission optional,1,0.45,Base center,Simple box or none,FBX,Assets/_Game/Art/Resources/T1/RuneCore,Assets/_Game/Prefabs/Resources/PF_arcane_refined_t01.prefab,resource_rune_core,Tier 1 material palette,1,Planned,Reads as rune core at 64 px render; single compact silhouette; no background or pedestal,,ART_REF_001 + Visual Bible v1.0
resource_fiber_raw_t01_001,Fibra de Linho,Flax Fiber,3D Model,Resource,Fiber,Economy,Inventory/crafting material representation,Vertical Slice,P0,T1,None,Coletador,Global,Yes,Text to 3D,Optional,Shared geometry family + tier-specific texture/details,None,None,Optional,300,1000,0.45,0.0,512x512,BaseColor; Normal; Metallic; Roughness; AO; Emission optional,1,0.45,Base center,Simple box or none,FBX,Assets/_Game/Art/Resources/T1/Fiber,Assets/_Game/Prefabs/Resources/PF_fiber_raw_t01.prefab,resource_fiber,Tier 1 material palette,1,Planned,Reads as fiber bundle at 64 px render; single compact silhouette; no background or pedestal,,ART_REF_001 + Visual Bible v1.0
resource_fiber_refined_t01_001,Rolo de Linho,Linen Roll,3D Model,Resource,Textile,Economy,Inventory/crafting material representation,Vertical Slice,P0,T1,None,Costureiro,Global,Yes,Text to 3D,Optional,Shared geometry family + tier-specific texture/details,None,None,Optional,300,1000,0.45,0.0,512x512,BaseColor; Normal; Metallic; Roughness; AO; Emission optional,1,0.45,Base center,Simple box or none,FBX,Assets/_Game/Art/Resources/T1/Textile,Assets/_Game/Prefabs/Resources/PF_fiber_refined_t01.prefab,resource_textile,Tier 1 material palette,1,Planned,Reads as cloth roll at 64 px render; single compact silhouette; no background or pedestal,,ART_REF_001 + Visual Bible v1.0
resource_herb_raw_t01_001,Ervas do Prado,Meadow Herbs,3D Model,Resource,Herb,Economy,Inventory/crafting material representation,Vertical Slice,P0,T1,None,Coletador,Global,Yes,Text to 3D,Optional,Shared geometry family + tier-specific texture/details,None,None,Optional,300,1000,0.45,0.0,512x512,BaseColor; Normal; Metallic; Roughness; AO; Emission optional,1,0.45,Base center,Simple box or none,FBX,Assets/_Game/Art/Resources/T1/Herb,Assets/_Game/Prefabs/Resources/PF_herb_raw_t01.prefab,resource_herb,Tier 1 material palette,1,Planned,Reads as herb bundle at 64 px render; single compact silhouette; no background or pedestal,,ART_REF_001 + Visual Bible v1.0
resource_herb_refined_t01_001,Extrato Menor,Minor Extract,3D Model,Resource,Extract,Economy,Inventory/crafting material representation,Vertical Slice,P0,T1,None,Alquimista,Global,Yes,Text to 3D,Optional,Shared geometry family + tier-specific texture/details,None,None,Optional,300,1000,0.45,0.0,512x512,BaseColor; Normal; Metallic; Roughness; AO; Emission optional,1,0.45,Base center,Simple box or none,FBX,Assets/_Game/Art/Resources/T1/Extract,Assets/_Game/Prefabs/Resources/PF_herb_refined_t01.prefab,resource_extract,Tier 1 material palette,1,Planned,Reads as alchemical vial at 64 px render; single compact silhouette; no background or pedestal,,ART_REF_001 + Visual Bible v1.0
resource_hide_raw_t01_001,Couro Cru,Raw Hide,3D Model,Resource,Hide,Economy,Inventory/crafting material representation,Vertical Slice,P0,T1,None,Coletador,Global,Yes,Text to 3D,Optional,Shared geometry family + tier-specific texture/details,None,None,Optional,300,1000,0.45,0.0,512x512,BaseColor; Normal; Metallic; Roughness; AO; Emission optional,1,0.45,Base center,Simple box or none,FBX,Assets/_Game/Art/Resources/T1/Hide,Assets/_Game/Prefabs/Resources/PF_hide_raw_t01.prefab,resource_hide,Tier 1 material palette,1,Planned,Reads as folded hide at 64 px render; single compact silhouette; no background or pedestal,,ART_REF_001 + Visual Bible v1.0
resource_hide_refined_t01_001,Couro Curtido,Cured Leather,3D Model,Resource,Leather,Economy,Inventory/crafting material representation,Vertical Slice,P0,T1,None,Costureiro,Global,Yes,Text to 3D,Optional,Shared geometry family + tier-specific texture/details,None,None,Optional,300,1000,0.45,0.0,512x512,BaseColor; Normal; Metallic; Roughness; AO; Emission optional,1,0.45,Base center,Simple box or none,FBX,Assets/_Game/Art/Resources/T1/Leather,Assets/_Game/Prefabs/Resources/PF_hide_refined_t01.prefab,resource_leather,Tier 1 material palette,1,Planned,Reads as treated leather stack at 64 px render; single compact silhouette; no background or pedestal,,ART_REF_001 + Visual Bible v1.0
resource_metal_raw_t01_001,Minério de Ferro,Iron Ore,3D Model,Resource,Metal Ore,Economy,Inventory/crafting material representation,Vertical Slice,P0,T1,None,Coletador,Global,Yes,Text to 3D,Optional,Shared geometry family + tier-specific texture/details,None,None,Optional,300,1000,0.45,0.0,512x512,BaseColor; Normal; Metallic; Roughness; AO; Emission optional,1,0.45,Base center,Simple box or none,FBX,Assets/_Game/Art/Resources/T1/MetalOre,Assets/_Game/Prefabs/Resources/PF_metal_raw_t01.prefab,resource_metal_ore,Tier 1 material palette,1,Planned,Reads as raw ore pile at 64 px render; single compact silhouette; no background or pedestal,,ART_REF_001 + Visual Bible v1.0
resource_metal_refined_t01_001,Lingote de Ferro,Iron Ingot,3D Model,Resource,Metal Ingot,Economy,Inventory/crafting material representation,Vertical Slice,P0,T1,None,Ferreiro,Global,Yes,Text to 3D,Optional,Shared geometry family + tier-specific texture/details,None,None,Optional,300,1000,0.45,0.0,512x512,BaseColor; Normal; Metallic; Roughness; AO; Emission optional,1,0.45,Base center,Simple box or none,FBX,Assets/_Game/Art/Resources/T1/MetalIngot,Assets/_Game/Prefabs/Resources/PF_metal_refined_t01.prefab,resource_metal_ingot,Tier 1 material palette,1,Planned,Reads as ingot stack at 64 px render; single compact silhouette; no background or pedestal,,ART_REF_001 + Visual Bible v1.0
ui_frame_rarity_common_001,Moldura Comum,Common Rarity Frame,2D Image,UI,Rarity Frame,UI,Item/hero rarity display,Vertical Slice,P0,N/A,Common #A7ADB2,None,Global,No,None,No,Standalone,None,None,No,0,0,0,0,512x512,RGBA; 9-slice where applicable,0,0,N/A,None,PNG,Assets/_Game/Art/UI/Frames/Rarity,N/A,ui_rarity_frames,Rarity palette,1,Planned,Recognizable without color alone; consistent inner content area; supports color-blind reading,,ART_REF_001 + Visual Bible v1.0
ui_frame_rarity_epic_001,Moldura Épico,Epic Rarity Frame,2D Image,UI,Rarity Frame,UI,Item/hero rarity display,Vertical Slice,P0,N/A,Epic #A24CE3,None,Global,No,None,No,Standalone,None,None,No,0,0,0,0,512x512,RGBA; 9-slice where applicable,0,0,N/A,None,PNG,Assets/_Game/Art/UI/Frames/Rarity,N/A,ui_rarity_frames,Rarity palette,1,Planned,Recognizable without color alone; consistent inner content area; supports color-blind reading,,ART_REF_001 + Visual Bible v1.0
ui_frame_rarity_legendary_001,Moldura Lendário,Legendary Rarity Frame,2D Image,UI,Rarity Frame,UI,Item/hero rarity display,Vertical Slice,P0,N/A,Legendary #F3A62A,None,Global,No,None,No,Standalone,None,None,No,0,0,0,0,512x512,RGBA; 9-slice where applicable,0,0,N/A,None,PNG,Assets/_Game/Art/UI/Frames/Rarity,N/A,ui_rarity_frames,Rarity palette,1,Planned,Recognizable without color alone; consistent inner content area; supports color-blind reading,,ART_REF_001 + Visual Bible v1.0
ui_frame_rarity_mythic_001,Moldura Mítico,Mythic Rarity Frame,2D Image,UI,Rarity Frame,UI,Item/hero rarity display,Vertical Slice,P0,N/A,Mythic #E74B3C,None,Global,No,None,No,Standalone,None,None,No,0,0,0,0,512x512,RGBA; 9-slice where applicable,0,0,N/A,None,PNG,Assets/_Game/Art/UI/Frames/Rarity,N/A,ui_rarity_frames,Rarity palette,1,Planned,Recognizable without color alone; consistent inner content area; supports color-blind reading,,ART_REF_001 + Visual Bible v1.0
ui_frame_rarity_rare_001,Moldura Raro,Rare Rarity Frame,2D Image,UI,Rarity Frame,UI,Item/hero rarity display,Vertical Slice,P0,N/A,Rare #3D8EFF,None,Global,No,None,No,Standalone,None,None,No,0,0,0,0,512x512,RGBA; 9-slice where applicable,0,0,N/A,None,PNG,Assets/_Game/Art/UI/Frames/Rarity,N/A,ui_rarity_frames,Rarity palette,1,Planned,Recognizable without color alone; consistent inner content area; supports color-blind reading,,ART_REF_001 + Visual Bible v1.0
ui_frame_rarity_uncommon_001,Moldura Incomum,Uncommon Rarity Frame,2D Image,UI,Rarity Frame,UI,Item/hero rarity display,Vertical Slice,P0,N/A,Uncommon #5DBB63,None,Global,No,None,No,Standalone,None,None,No,0,0,0,0,512x512,RGBA; 9-slice where applicable,0,0,N/A,None,PNG,Assets/_Game/Art/UI/Frames/Rarity,N/A,ui_rarity_frames,Rarity palette,1,Planned,Recognizable without color alone; consistent inner content area; supports color-blind reading,,ART_REF_001 + Visual Bible v1.0
ui_icon_nav_battle_001,Ícone Batalha,Battle Navigation Icon,2D Image,UI,Navigation Icon,UI,Primary navigation,Vertical Slice,P0,N/A,None,None,Global,No,None,No,Standalone,None,None,No,0,0,0,0,256x256,RGBA/SDF optional,0,0,N/A,None,PNG or SVG,Assets/_Game/Art/UI/Icons/Navigation,N/A,ui_nav_icon_set,UI visual style,1,Planned,Readable at 24–32 px; consistent stroke and perspective; no text,,ART_REF_001 + Visual Bible v1.0
ui_icon_nav_crafting_001,Ícone Crafting,Crafting Navigation Icon,2D Image,UI,Navigation Icon,UI,Primary navigation,Vertical Slice,P0,N/A,None,None,Global,No,None,No,Standalone,None,None,No,0,0,0,0,256x256,RGBA/SDF optional,0,0,N/A,None,PNG or SVG,Assets/_Game/Art/UI/Icons/Navigation,N/A,ui_nav_icon_set,UI visual style,1,Planned,Readable at 24–32 px; consistent stroke and perspective; no text,,ART_REF_001 + Visual Bible v1.0
ui_icon_nav_dungeons_001,Ícone Masmorras,Dungeons Navigation Icon,2D Image,UI,Navigation Icon,UI,Primary navigation,Vertical Slice,P0,N/A,None,None,Global,No,None,No,Standalone,None,None,No,0,0,0,0,256x256,RGBA/SDF optional,0,0,N/A,None,PNG or SVG,Assets/_Game/Art/UI/Icons/Navigation,N/A,ui_nav_icon_set,UI visual style,1,Planned,Readable at 24–32 px; consistent stroke and perspective; no text,,ART_REF_001 + Visual Bible v1.0
ui_icon_nav_gacha_001,Ícone Invocação,Gacha Navigation Icon,2D Image,UI,Navigation Icon,UI,Primary navigation,Vertical Slice,P0,N/A,None,None,Global,No,None,No,Standalone,None,None,No,0,0,0,0,256x256,RGBA/SDF optional,0,0,N/A,None,PNG or SVG,Assets/_Game/Art/UI/Icons/Navigation,N/A,ui_nav_icon_set,UI visual style,1,Planned,Readable at 24–32 px; consistent stroke and perspective; no text,,ART_REF_001 + Visual Bible v1.0
ui_icon_nav_heroes_001,Ícone Heróis,Heroes Navigation Icon,2D Image,UI,Navigation Icon,UI,Primary navigation,Vertical Slice,P0,N/A,None,None,Global,No,None,No,Standalone,None,None,No,0,0,0,0,256x256,RGBA/SDF optional,0,0,N/A,None,PNG or SVG,Assets/_Game/Art/UI/Icons/Navigation,N/A,ui_nav_icon_set,UI visual style,1,Planned,Readable at 24–32 px; consistent stroke and perspective; no text,,ART_REF_001 + Visual Bible v1.0
ui_icon_nav_home_001,Ícone Início,Home Navigation Icon,2D Image,UI,Navigation Icon,UI,Primary navigation,Vertical Slice,P0,N/A,None,None,Global,No,None,No,Standalone,None,None,No,0,0,0,0,256x256,RGBA/SDF optional,0,0,N/A,None,PNG or SVG,Assets/_Game/Art/UI/Icons/Navigation,N/A,ui_nav_icon_set,UI visual style,1,Planned,Readable at 24–32 px; consistent stroke and perspective; no text,,ART_REF_001 + Visual Bible v1.0
ui_icon_nav_inventory_001,Ícone Inventário,Inventory Navigation Icon,2D Image,UI,Navigation Icon,UI,Primary navigation,Vertical Slice,P0,N/A,None,None,Global,No,None,No,Standalone,None,None,No,0,0,0,0,256x256,RGBA/SDF optional,0,0,N/A,None,PNG or SVG,Assets/_Game/Art/UI/Icons/Navigation,N/A,ui_nav_icon_set,UI visual style,1,Planned,Readable at 24–32 px; consistent stroke and perspective; no text,,ART_REF_001 + Visual Bible v1.0
ui_icon_nav_market_001,Ícone Mercado,Market Navigation Icon,2D Image,UI,Navigation Icon,UI,Primary navigation,Vertical Slice,P0,N/A,None,None,Global,No,None,No,Standalone,None,None,No,0,0,0,0,256x256,RGBA/SDF optional,0,0,N/A,None,PNG or SVG,Assets/_Game/Art/UI/Icons/Navigation,N/A,ui_nav_icon_set,UI visual style,1,Planned,Readable at 24–32 px; consistent stroke and perspective; no text,,ART_REF_001 + Visual Bible v1.0
ui_icon_nav_profile_001,Ícone Perfil,Profile Navigation Icon,2D Image,UI,Navigation Icon,UI,Primary navigation,Vertical Slice,P0,N/A,None,None,Global,No,None,No,Standalone,None,None,No,0,0,0,0,256x256,RGBA/SDF optional,0,0,N/A,None,PNG or SVG,Assets/_Game/Art/UI/Icons/Navigation,N/A,ui_nav_icon_set,UI visual style,1,Planned,Readable at 24–32 px; consistent stroke and perspective; no text,,ART_REF_001 + Visual Bible v1.0
ui_icon_nav_settings_001,Ícone Configurações,Settings Navigation Icon,2D Image,UI,Navigation Icon,UI,Primary navigation,Vertical Slice,P0,N/A,None,None,Global,No,None,No,Standalone,None,None,No,0,0,0,0,256x256,RGBA/SDF optional,0,0,N/A,None,PNG or SVG,Assets/_Game/Art/UI/Icons/Navigation,N/A,ui_nav_icon_set,UI visual style,1,Planned,Readable at 24–32 px; consistent stroke and perspective; no text,,ART_REF_001 + Visual Bible v1.0
ui_icon_profession_alchemist_001,Ícone Alquimista,Alchemist Profession Icon,2D Image,UI,Profession Icon,UI,Crafting profession identification,Vertical Slice,P0,N/A,None,Alquimista,Global,No,None,No,Standalone,None,None,No,0,0,0,0,256x256,RGBA/SDF optional,0,0,N/A,None,PNG or SVG,Assets/_Game/Art/UI/Icons/Professions,N/A,ui_profession_icon_set,Profession station visual language,1,Planned,Profession readable at 32 px; unique silhouette; no letters,,ART_REF_001 + Visual Bible v1.0
ui_icon_profession_blacksmith_001,Ícone Ferreiro,Blacksmith Profession Icon,2D Image,UI,Profession Icon,UI,Crafting profession identification,Vertical Slice,P0,N/A,None,Ferreiro,Global,No,None,No,Standalone,None,None,No,0,0,0,0,256x256,RGBA/SDF optional,0,0,N/A,None,PNG or SVG,Assets/_Game/Art/UI/Icons/Professions,N/A,ui_profession_icon_set,Profession station visual language,1,Planned,Profession readable at 32 px; unique silhouette; no letters,,ART_REF_001 + Visual Bible v1.0
ui_icon_profession_enchanter_001,Ícone Encantador,Enchanter Profession Icon,2D Image,UI,Profession Icon,UI,Crafting profession identification,Vertical Slice,P0,N/A,None,Encantador,Global,No,None,No,Standalone,None,None,No,0,0,0,0,256x256,RGBA/SDF optional,0,0,N/A,None,PNG or SVG,Assets/_Game/Art/UI/Icons/Professions,N/A,ui_profession_icon_set,Profession station visual language,1,Planned,Profession readable at 32 px; unique silhouette; no letters,,ART_REF_001 + Visual Bible v1.0
ui_icon_profession_gatherer_001,Ícone Coletador,Gatherer Profession Icon,2D Image,UI,Profession Icon,UI,Crafting profession identification,Vertical Slice,P0,N/A,None,Coletador,Global,No,None,No,Standalone,None,None,No,0,0,0,0,256x256,RGBA/SDF optional,0,0,N/A,None,PNG or SVG,Assets/_Game/Art/UI/Icons/Professions,N/A,ui_profession_icon_set,Profession station visual language,1,Planned,Profession readable at 32 px; unique silhouette; no letters,,ART_REF_001 + Visual Bible v1.0
ui_icon_profession_tailor_001,Ícone Costureiro,Tailor Profession Icon,2D Image,UI,Profession Icon,UI,Crafting profession identification,Vertical Slice,P0,N/A,None,Costureiro,Global,No,None,No,Standalone,None,None,No,0,0,0,0,256x256,RGBA/SDF optional,0,0,N/A,None,PNG or SVG,Assets/_Game/Art/UI/Icons/Professions,N/A,ui_profession_icon_set,Profession station visual language,1,Planned,Profession readable at 32 px; unique silhouette; no letters,,ART_REF_001 + Visual Bible v1.0
ui_icon_status_equipped_001,Estado Equipado,Equipped Status Icon,2D Image,UI,Status Icon,UI,State communication,Vertical Slice,P0,N/A,None,None,Global,No,None,No,Standalone,None,None,No,0,0,0,0,128x128,RGBA/SDF optional,0,0,N/A,None,PNG or SVG,Assets/_Game/Art/UI/Icons/Status,N/A,ui_status_icons,Accessibility rules,1,Planned,Readable at 16–24 px; shape not color-only; consistent stroke,,ART_REF_001 + Visual Bible v1.0
ui_icon_status_error_001,Estado Erro,Error Status Icon,2D Image,UI,Status Icon,UI,State communication,Vertical Slice,P0,N/A,None,None,Global,No,None,No,Standalone,None,None,No,0,0,0,0,128x128,RGBA/SDF optional,0,0,N/A,None,PNG or SVG,Assets/_Game/Art/UI/Icons/Status,N/A,ui_status_icons,Accessibility rules,1,Planned,Readable at 16–24 px; shape not color-only; consistent stroke,,ART_REF_001 + Visual Bible v1.0
ui_icon_status_escrow_001,Estado Em Mercado,Escrow Status Icon,2D Image,UI,Status Icon,UI,State communication,Vertical Slice,P0,N/A,None,None,Global,No,None,No,Standalone,None,None,No,0,0,0,0,128x128,RGBA/SDF optional,0,0,N/A,None,PNG or SVG,Assets/_Game/Art/UI/Icons/Status,N/A,ui_status_icons,Accessibility rules,1,Planned,Readable at 16–24 px; shape not color-only; consistent stroke,,ART_REF_001 + Visual Bible v1.0
ui_icon_status_favorite_001,Estado Favorito,Favorite Status Icon,2D Image,UI,Status Icon,UI,State communication,Vertical Slice,P0,N/A,None,None,Global,No,None,No,Standalone,None,None,No,0,0,0,0,128x128,RGBA/SDF optional,0,0,N/A,None,PNG or SVG,Assets/_Game/Art/UI/Icons/Status,N/A,ui_status_icons,Accessibility rules,1,Planned,Readable at 16–24 px; shape not color-only; consistent stroke,,ART_REF_001 + Visual Bible v1.0
ui_icon_status_locked_001,Estado Bloqueado,Locked Status Icon,2D Image,UI,Status Icon,UI,State communication,Vertical Slice,P0,N/A,None,None,Global,No,None,No,Standalone,None,None,No,0,0,0,0,128x128,RGBA/SDF optional,0,0,N/A,None,PNG or SVG,Assets/_Game/Art/UI/Icons/Status,N/A,ui_status_icons,Accessibility rules,1,Planned,Readable at 16–24 px; shape not color-only; consistent stroke,,ART_REF_001 + Visual Bible v1.0
ui_icon_status_new_001,Estado Novo,New Status Icon,2D Image,UI,Status Icon,UI,State communication,Vertical Slice,P0,N/A,None,None,Global,No,None,No,Standalone,None,None,No,0,0,0,0,128x128,RGBA/SDF optional,0,0,N/A,None,PNG or SVG,Assets/_Game/Art/UI/Icons/Status,N/A,ui_status_icons,Accessibility rules,1,Planned,Readable at 16–24 px; shape not color-only; consistent stroke,,ART_REF_001 + Visual Bible v1.0
ui_icon_status_reserved_001,Estado Reservado,Reserved Status Icon,2D Image,UI,Status Icon,UI,State communication,Vertical Slice,P0,N/A,None,None,Global,No,None,No,Standalone,None,None,No,0,0,0,0,128x128,RGBA/SDF optional,0,0,N/A,None,PNG or SVG,Assets/_Game/Art/UI/Icons/Status,N/A,ui_status_icons,Accessibility rules,1,Planned,Readable at 16–24 px; shape not color-only; consistent stroke,,ART_REF_001 + Visual Bible v1.0
ui_icon_status_warning_001,Estado Aviso,Warning Status Icon,2D Image,UI,Status Icon,UI,State communication,Vertical Slice,P0,N/A,None,None,Global,No,None,No,Standalone,None,None,No,0,0,0,0,128x128,RGBA/SDF optional,0,0,N/A,None,PNG or SVG,Assets/_Game/Art/UI/Icons/Status,N/A,ui_status_icons,Accessibility rules,1,Planned,Readable at 16–24 px; shape not color-only; consistent stroke,,ART_REF_001 + Visual Bible v1.0
resource_profession_tome_001,Tomo de Profissão,Profession Tome,3D Model,Loot,Crafting,Crafting,Reward/inventory presentation,Vertical Slice,P1,N/A,None,None,Global,Yes,Text to 3D,Optional,Standalone,None,None,Optional,300,1200,0.45,0,512x512,BaseColor; Normal; Metallic; Roughness; AO; Emission optional,1,0.4,Base center,None or simple,FBX,Assets/_Game/Art/Props/Loot/Core,Assets/_Game/Prefabs/Props/Loot/resource_profession_tome_001.prefab,loot_core,UI render setup,1,Planned,Readable at 64 px; compact silhouette; no text or symbols requiring legibility,,ART_REF_001 + Visual Bible v1.0
boss_goblin_chieftain_001,Chefe Goblin,Goblin Chieftain,3D Model,Character,Enemy Boss,Goblin,commander bruiser,MVP,P1,N/A,None,None,Global,Yes,Multi-view Image to 3D,Yes,Full body + separate weapon where applicable,Humanoid,anim_boss_goblin_chieftain,Yes,7000,10000,0.5,0.25,2048x2048,BaseColor; Normal; Metallic; Roughness; AO; Emission optional,3,1.75,Between feet at ground,Capsule/compound hit boxes,FBX,Assets/_Game/Art/Characters/Enemies/Goblin/goblin_chieftain_001/Models,Assets/_Game/Prefabs/Characters/Enemies/Goblin/PF_goblin_chieftain_001.prefab,goblin_boss_body,Approved character sheet; faction material library; weapon prop if armed,1,Planned,Readable combat role; faction silhouette; valid rig pose; no fused weapon; no accidental detached pieces,,ART_REF_001 + Visual Bible v1.0
boss_goblin_king_001,Rei Goblin,Goblin King,3D Model,Character,Enemy Boss,Goblin,multiphase commander,MVP,P1,N/A,None,None,Global,Yes,Multi-view Image to 3D,Yes,Full body + separate weapon where applicable,Humanoid,anim_boss_goblin_king,Yes,10000,15000,0.5,0.25,2048x2048,BaseColor; Normal; Metallic; Roughness; AO; Emission optional,3,2.2,Between feet at ground,Capsule/compound hit boxes,FBX,Assets/_Game/Art/Characters/Enemies/Goblin/goblin_king_001/Models,Assets/_Game/Prefabs/Characters/Enemies/Goblin/PF_goblin_king_001.prefab,goblin_boss_body,Approved character sheet; faction material library; weapon prop if armed,1,Planned,Readable combat role; faction silhouette; valid rig pose; no fused weapon; no accidental detached pieces,,ART_REF_001 + Visual Bible v1.0
enemy_goblin_shaman_001,Xamã Goblin,Goblin Shaman,3D Model,Character,Enemy,Goblin,magic support,MVP,P1,N/A,None,None,Global,Yes,Image to 3D,Yes,Full body + separate weapon where applicable,Humanoid,anim_enemy_goblin_caster,Yes,3500,5500,0.5,0.25,1024x1024,BaseColor; Normal; Metallic; Roughness; AO; Emission optional,3,1.25,Between feet at ground,Capsule/compound hit boxes,FBX,Assets/_Game/Art/Characters/Enemies/Goblin/goblin_shaman_001/Models,Assets/_Game/Prefabs/Characters/Enemies/Goblin/PF_goblin_shaman_001.prefab,goblin_special_body,Approved character sheet; faction material library; weapon prop if armed,1,Planned,Readable combat role; faction silhouette; valid rig pose; no fused weapon; no accidental detached pieces,,ART_REF_001 + Visual Bible v1.0
prop_goblin_king_crown_001,Coroa do Rei Goblin,Goblin King Crown,3D Model,Character Prop,crown,Goblin,Equipment for King,MVP,P1,N/A,None,None,Global,Yes,Image to 3D,Yes,Separate prop/socketed,None,Socketed to character,Yes,700,1800,0.5,0.2,1024x1024,BaseColor; Normal; Metallic; Roughness; AO; Emission optional,2,0.8,Grip/socket point; local forward +Z,Simple box/capsule or none,FBX,Assets/_Game/Art/Equipment/CharacterProps/Goblin,Assets/_Game/Prefabs/Equipment/prop_goblin_king_crown_001.prefab,goblin_crown,Character socket standard; King concept,1,Planned,Correct grip pivot; no hand attached; safe silhouette; no thin fragile pieces,,ART_REF_001 + Visual Bible v1.0
prop_goblin_trap_satchel_001,Bolsa de Armadilhas Goblin,Goblin Trap Satchel,3D Model,Character Prop,satchel,Goblin,Equipment for Ranger,MVP,P1,N/A,None,None,Global,Yes,Image to 3D,Yes,Separate prop/socketed,None,Socketed to character,Yes,700,1800,0.5,0.2,1024x1024,BaseColor; Normal; Metallic; Roughness; AO; Emission optional,2,0.8,Grip/socket point; local forward +Z,Simple box/capsule or none,FBX,Assets/_Game/Art/Equipment/CharacterProps/Goblin,Assets/_Game/Prefabs/Equipment/prop_goblin_trap_satchel_001.prefab,goblin_satchel,Character socket standard; Ranger concept,1,Planned,Correct grip pivot; no hand attached; safe silhouette; no thin fragile pieces,,ART_REF_001 + Visual Bible v1.0
weapon_goblin_chieftain_axe_001,Machado do Chefe Goblin,Goblin Chieftain Axe,3D Model,Character Prop,axe,Goblin,Equipment for Chieftain,MVP,P1,N/A,None,None,Global,Yes,Image to 3D,Yes,Separate prop/socketed,None,Socketed to character,Yes,1000,3000,0.5,0.2,1024x1024,BaseColor; Normal; Metallic; Roughness; AO; Emission optional,2,0.8,Grip/socket point; local forward +Z,Simple box/capsule or none,FBX,Assets/_Game/Art/Equipment/CharacterProps/Goblin,Assets/_Game/Prefabs/Equipment/weapon_goblin_chieftain_axe_001.prefab,goblin_axe,Character socket standard; Chieftain concept,1,Planned,Correct grip pivot; no hand attached; safe silhouette; no thin fragile pieces,,ART_REF_001 + Visual Bible v1.0
weapon_goblin_high_shaman_totem_001,Totem do Alto Xamã,Goblin High Shaman Totem,3D Model,Character Prop,staff,Goblin,Equipment for High Shaman,MVP,P1,N/A,None,None,Global,Yes,Image to 3D,Yes,Separate prop/socketed,None,Socketed to character,Yes,1000,3000,0.5,0.2,1024x1024,BaseColor; Normal; Metallic; Roughness; AO; Emission optional,2,1.5,Grip/socket point; local forward +Z,Simple box/capsule or none,FBX,Assets/_Game/Art/Equipment/CharacterProps/Goblin,Assets/_Game/Prefabs/Equipment/weapon_goblin_high_shaman_totem_001.prefab,goblin_staff,Character socket standard; High Shaman concept,1,Planned,Correct grip pivot; no hand attached; safe silhouette; no thin fragile pieces,,ART_REF_001 + Visual Bible v1.0
weapon_goblin_king_blade_001,Lâmina Real Goblin,Goblin King Blade,3D Model,Character Prop,2H sword,Goblin,Equipment for King,MVP,P1,N/A,None,None,Global,Yes,Image to 3D,Yes,Separate prop/socketed,None,Socketed to character,Yes,1000,3000,0.5,0.2,1024x1024,BaseColor; Normal; Metallic; Roughness; AO; Emission optional,2,1.5,Grip/socket point; local forward +Z,Simple box/capsule or none,FBX,Assets/_Game/Art/Equipment/CharacterProps/Goblin,Assets/_Game/Prefabs/Equipment/weapon_goblin_king_blade_001.prefab,goblin_2H sword,Character socket standard; King concept,1,Planned,Correct grip pivot; no hand attached; safe silhouette; no thin fragile pieces,,ART_REF_001 + Visual Bible v1.0
weapon_goblin_ranger_longbow_001,Arco Longo Goblin,Goblin Ranger Longbow,3D Model,Character Prop,bow,Goblin,Equipment for Ranger,MVP,P1,N/A,None,None,Global,Yes,Image to 3D,Yes,Separate prop/socketed,None,Socketed to character,Yes,1000,3000,0.5,0.2,1024x1024,BaseColor; Normal; Metallic; Roughness; AO; Emission optional,2,1.5,Grip/socket point; local forward +Z,Simple box/capsule or none,FBX,Assets/_Game/Art/Equipment/CharacterProps/Goblin,Assets/_Game/Prefabs/Equipment/weapon_goblin_ranger_longbow_001.prefab,goblin_bow,Character socket standard; Ranger concept,1,Planned,Correct grip pivot; no hand attached; safe silhouette; no thin fragile pieces,,ART_REF_001 + Visual Bible v1.0
weapon_hobgoblin_sword_001,Espada Hobgoblin,Hobgoblin Sword,3D Model,Character Prop,1H sword,Goblin,Equipment for Hobgoblin,MVP,P1,N/A,None,None,Global,Yes,Image to 3D,Yes,Separate prop/socketed,None,Socketed to character,Yes,1000,3000,0.5,0.2,1024x1024,BaseColor; Normal; Metallic; Roughness; AO; Emission optional,2,0.8,Grip/socket point; local forward +Z,Simple box/capsule or none,FBX,Assets/_Game/Art/Equipment/CharacterProps/Goblin,Assets/_Game/Prefabs/Equipment/weapon_hobgoblin_sword_001.prefab,goblin_1H sword,Character socket standard; Hobgoblin concept,1,Planned,Correct grip pivot; no hand attached; safe silhouette; no thin fragile pieces,,ART_REF_001 + Visual Bible v1.0
weapon_hobgoblin_tower_shield_001,Escudo-Torre Hobgoblin,Hobgoblin Tower Shield,3D Model,Character Prop,shield,Goblin,Equipment for Hobgoblin,MVP,P1,N/A,None,None,Global,Yes,Image to 3D,Yes,Separate prop/socketed,None,Socketed to character,Yes,1000,3000,0.5,0.2,1024x1024,BaseColor; Normal; Metallic; Roughness; AO; Emission optional,2,0.8,Grip/socket point; local forward +Z,Simple box/capsule or none,FBX,Assets/_Game/Art/Equipment/CharacterProps/Goblin,Assets/_Game/Prefabs/Equipment/weapon_hobgoblin_tower_shield_001.prefab,goblin_shield,Character socket standard; Hobgoblin concept,1,Planned,Correct grip pivot; no hand attached; safe silhouette; no thin fragile pieces,,ART_REF_001 + Visual Bible v1.0
skin_archer_t03_base,Skin Arqueira T3,Archer Skin T3,3D Model,Character Skin,Archer,Heroes,Full-body equipment set visualization,MVP,P1,T3,Base tier skin; Legendary/Mythic may receive separate premium variant,None,Global,Yes,Multi-view Image to 3D,Yes,Full skin; separate weapon/shield,Humanoid,anim_hero_ranged_humanoid,Yes,5000,8500,0.5,0.25,2048x2048,BaseColor; Normal; Metallic; Roughness; AO; Emission mask,3,1.9,Between feet at ground,Uses character prefab colliders,FBX,Assets/_Game/Art/Characters/Heroes/Archer/Skins/T3,Assets/_Game/Prefabs/Characters/Heroes/Skins/PF_skin_archer_t03.prefab,skin_archer_shared_skeleton,hero_archer_001; approved tier concept; shared humanoid skeleton,1,Planned,Exact shared skeleton proportions; no clipping in standard animations; tier silhouette progression is clear,,ART_REF_001 + Visual Bible v1.0
skin_mage_t03_base,Skin Mago T3,Mage Skin T3,3D Model,Character Skin,Mage,Heroes,Full-body equipment set visualization,MVP,P1,T3,Base tier skin; Legendary/Mythic may receive separate premium variant,None,Global,Yes,Multi-view Image to 3D,Yes,Full skin; separate weapon/shield,Humanoid,anim_hero_caster_humanoid,Yes,5000,8500,0.5,0.25,2048x2048,BaseColor; Normal; Metallic; Roughness; AO; Emission mask,3,1.9,Between feet at ground,Uses character prefab colliders,FBX,Assets/_Game/Art/Characters/Heroes/Mage/Skins/T3,Assets/_Game/Prefabs/Characters/Heroes/Skins/PF_skin_mage_t03.prefab,skin_mage_shared_skeleton,hero_mage_001; approved tier concept; shared humanoid skeleton,1,Planned,Exact shared skeleton proportions; no clipping in standard animations; tier silhouette progression is clear,,ART_REF_001 + Visual Bible v1.0
skin_paladin_t03_base,Skin Paladino T3,Paladin Skin T3,3D Model,Character Skin,Paladin,Heroes,Full-body equipment set visualization,MVP,P1,T3,Base tier skin; Legendary/Mythic may receive separate premium variant,None,Global,Yes,Multi-view Image to 3D,Yes,Full skin; separate weapon/shield,Humanoid,anim_hero_tank_humanoid,Yes,5000,8500,0.5,0.25,2048x2048,BaseColor; Normal; Metallic; Roughness; AO; Emission mask,3,1.9,Between feet at ground,Uses character prefab colliders,FBX,Assets/_Game/Art/Characters/Heroes/Paladin/Skins/T3,Assets/_Game/Prefabs/Characters/Heroes/Skins/PF_skin_paladin_t03.prefab,skin_paladin_shared_skeleton,hero_paladin_001; approved tier concept; shared humanoid skeleton,1,Planned,Exact shared skeleton proportions; no clipping in standard animations; tier silhouette progression is clear,,ART_REF_001 + Visual Bible v1.0
station_alchemist_t03_001,Laboratório T3,Laboratory T3,3D Model,Crafting Station,Alchemist,Crafting,Alquimista production station milestone,MVP,P1,T3,None,Alquimista,Global,Yes,Text to 3D,Optional,Station base + milestone upgrade variant,Generic optional,anim_station_alchemist,Yes,5000,7500,0.5,0.2,1024x1024,BaseColor; Normal; Metallic; Roughness; AO; Emission optional,3,3.5,Base center; work interaction point marked,Compound box colliders,FBX,Assets/_Game/Art/Crafting/Stations/Alchemist/T3,Assets/_Game/Prefabs/Crafting/Stations/PF_alchemist_t03.prefab,station_alchemist_milestones,Station interaction socket; profession material kit,1,Planned,Immediate Alquimista readability; irregular e orgânica silhouette; clear work area; milestone visibly stronger than prior tier,,ART_REF_001 + Visual Bible v1.0
station_blacksmith_t03_001,Forja T3,Forge T3,3D Model,Crafting Station,Blacksmith,Crafting,Ferreiro production station milestone,MVP,P1,T3,None,Ferreiro,Global,Yes,Text to 3D,Optional,Station base + milestone upgrade variant,Generic optional,anim_station_blacksmith,Yes,5000,7500,0.5,0.2,1024x1024,BaseColor; Normal; Metallic; Roughness; AO; Emission optional,3,3.5,Base center; work interaction point marked,Compound box colliders,FBX,Assets/_Game/Art/Crafting/Stations/Blacksmith/T3,Assets/_Game/Prefabs/Crafting/Stations/PF_blacksmith_t03.prefab,station_blacksmith_milestones,Station interaction socket; profession material kit,1,Planned,Immediate Ferreiro readability; quadrada e pesada silhouette; clear work area; milestone visibly stronger than prior tier,,ART_REF_001 + Visual Bible v1.0
station_enchanter_t03_001,Mesa Arcana T3,Arcane Table T3,3D Model,Crafting Station,Enchanter,Crafting,Encantador production station milestone,MVP,P1,T3,None,Encantador,Global,Yes,Text to 3D,Optional,Station base + milestone upgrade variant,Generic optional,anim_station_enchanter,Yes,5000,7500,0.5,0.2,1024x1024,BaseColor; Normal; Metallic; Roughness; AO; Emission optional,3,3.5,Base center; work interaction point marked,Compound box colliders,FBX,Assets/_Game/Art/Crafting/Stations/Enchanter/T3,Assets/_Game/Prefabs/Crafting/Stations/PF_enchanter_t03.prefab,station_enchanter_milestones,Station interaction socket; profession material kit,1,Planned,Immediate Encantador readability; circular e vertical silhouette; clear work area; milestone visibly stronger than prior tier,,ART_REF_001 + Visual Bible v1.0
station_gatherer_t03_001,Acampamento de Expedição T3,Expedition Camp T3,3D Model,Crafting Station,Gatherer,Crafting,Coletador production station milestone,MVP,P1,T3,None,Coletador,Global,Yes,Text to 3D,Optional,Station base + milestone upgrade variant,Generic optional,anim_station_gatherer,Yes,5000,7500,0.5,0.2,1024x1024,BaseColor; Normal; Metallic; Roughness; AO; Emission optional,3,3.5,Base center; work interaction point marked,Compound box colliders,FBX,Assets/_Game/Art/Crafting/Stations/Gatherer/T3,Assets/_Game/Prefabs/Crafting/Stations/PF_gatherer_t03.prefab,station_gatherer_milestones,Station interaction socket; profession material kit,1,Planned,Immediate Coletador readability; triangular e robusta silhouette; clear work area; milestone visibly stronger than prior tier,,ART_REF_001 + Visual Bible v1.0
station_tailor_t03_001,Ateliê T3,Atelier T3,3D Model,Crafting Station,Tailor,Crafting,Costureiro production station milestone,MVP,P1,T3,None,Costureiro,Global,Yes,Text to 3D,Optional,Station base + milestone upgrade variant,Generic optional,anim_station_tailor,Yes,5000,7500,0.5,0.2,1024x1024,BaseColor; Normal; Metallic; Roughness; AO; Emission optional,3,3.5,Base center; work interaction point marked,Compound box colliders,FBX,Assets/_Game/Art/Crafting/Stations/Tailor/T3,Assets/_Game/Prefabs/Crafting/Stations/PF_tailor_t03.prefab,station_tailor_milestones,Station interaction socket; profession material kit,1,Planned,Immediate Costureiro readability; horizontal e organizada silhouette; clear work area; milestone visibly stronger than prior tier,,ART_REF_001 + Visual Bible v1.0
equipment_amulet_t02_base,Amuleto T2,Amulet T2,3D Model,Equipment,Accessory,Equipment,Crafted/equippable item family,MVP,P1,T2,6 rarity material/ornament variants from one tier family,Encantador,Global,Yes,Text to 3D,Optional,Base geometry + rarity overlays/material variants,None,Socketed when weapon,Yes,350,900,0.5,0.2,1024x1024,BaseColor; Normal; Metallic; Roughness; AO; Emission mask,2,0.25,Grip point for weapons; base center for accessories,Simple or none,FBX,Assets/_Game/Art/Equipment/T2/Accessory,Assets/_Game/Prefabs/Equipment/T2/PF_amulet_t02.prefab,equipment_amulet_tier_family,Tier 2 language; rarity material library,6,Planned,Tier readable without rarity color; six rarity treatments possible; correct pivot; no excessive emission,,ART_REF_001 + Visual Bible v1.0
equipment_amulet_t03_base,Amuleto T3,Amulet T3,3D Model,Equipment,Accessory,Equipment,Crafted/equippable item family,MVP,P1,T3,6 rarity material/ornament variants from one tier family,Encantador,Global,Yes,Text to 3D,Optional,Base geometry + rarity overlays/material variants,None,Socketed when weapon,Yes,350,900,0.5,0.2,1024x1024,BaseColor; Normal; Metallic; Roughness; AO; Emission mask,2,0.25,Grip point for weapons; base center for accessories,Simple or none,FBX,Assets/_Game/Art/Equipment/T3/Accessory,Assets/_Game/Prefabs/Equipment/T3/PF_amulet_t03.prefab,equipment_amulet_tier_family,Tier 3 language; rarity material library,6,Planned,Tier readable without rarity color; six rarity treatments possible; correct pivot; no excessive emission,,ART_REF_001 + Visual Bible v1.0
equipment_longbow_t02_base,Arco Longo T2,Longbow T2,3D Model,Equipment,Weapon,Equipment,Crafted/equippable item family,MVP,P1,T2,6 rarity material/ornament variants from one tier family,Costureiro,Global,Yes,Text to 3D,Optional,Base geometry + rarity overlays/material variants,None,Socketed when weapon,Yes,900,2500,0.5,0.2,1024x1024,BaseColor; Normal; Metallic; Roughness; AO; Emission mask,2,1.5,Grip point for weapons; base center for accessories,Simple or none,FBX,Assets/_Game/Art/Equipment/T2/Weapon,Assets/_Game/Prefabs/Equipment/T2/PF_longbow_t02.prefab,equipment_longbow_tier_family,Tier 2 language; rarity material library,6,Planned,Tier readable without rarity color; six rarity treatments possible; correct pivot; no excessive emission,,ART_REF_001 + Visual Bible v1.0
equipment_longbow_t03_base,Arco Longo T3,Longbow T3,3D Model,Equipment,Weapon,Equipment,Crafted/equippable item family,MVP,P1,T3,6 rarity material/ornament variants from one tier family,Costureiro,Global,Yes,Text to 3D,Optional,Base geometry + rarity overlays/material variants,None,Socketed when weapon,Yes,900,2500,0.5,0.2,1024x1024,BaseColor; Normal; Metallic; Roughness; AO; Emission mask,2,1.5,Grip point for weapons; base center for accessories,Simple or none,FBX,Assets/_Game/Art/Equipment/T3/Weapon,Assets/_Game/Prefabs/Equipment/T3/PF_longbow_t03.prefab,equipment_longbow_tier_family,Tier 3 language; rarity material library,6,Planned,Tier readable without rarity color; six rarity treatments possible; correct pivot; no excessive emission,,ART_REF_001 + Visual Bible v1.0
equipment_ring_t02_base,Anel T2,Ring T2,3D Model,Equipment,Accessory,Equipment,Crafted/equippable item family,MVP,P1,T2,6 rarity material/ornament variants from one tier family,Encantador,Global,Yes,Text to 3D,Optional,Base geometry + rarity overlays/material variants,None,Socketed when weapon,Yes,300,800,0.5,0.2,1024x1024,BaseColor; Normal; Metallic; Roughness; AO; Emission mask,2,0.15,Grip point for weapons; base center for accessories,Simple or none,FBX,Assets/_Game/Art/Equipment/T2/Accessory,Assets/_Game/Prefabs/Equipment/T2/PF_ring_t02.prefab,equipment_ring_tier_family,Tier 2 language; rarity material library,6,Planned,Tier readable without rarity color; six rarity treatments possible; correct pivot; no excessive emission,,ART_REF_001 + Visual Bible v1.0
equipment_ring_t03_base,Anel T3,Ring T3,3D Model,Equipment,Accessory,Equipment,Crafted/equippable item family,MVP,P1,T3,6 rarity material/ornament variants from one tier family,Encantador,Global,Yes,Text to 3D,Optional,Base geometry + rarity overlays/material variants,None,Socketed when weapon,Yes,300,800,0.5,0.2,1024x1024,BaseColor; Normal; Metallic; Roughness; AO; Emission mask,2,0.15,Grip point for weapons; base center for accessories,Simple or none,FBX,Assets/_Game/Art/Equipment/T3/Accessory,Assets/_Game/Prefabs/Equipment/T3/PF_ring_t03.prefab,equipment_ring_tier_family,Tier 3 language; rarity material library,6,Planned,Tier readable without rarity color; six rarity treatments possible; correct pivot; no excessive emission,,ART_REF_001 + Visual Bible v1.0
equipment_shield_t02_base,Escudo T2,Shield T2,3D Model,Equipment,Weapon,Equipment,Crafted/equippable item family,MVP,P1,T2,6 rarity material/ornament variants from one tier family,Ferreiro,Global,Yes,Text to 3D,Optional,Base geometry + rarity overlays/material variants,None,Socketed when weapon,Yes,900,2600,0.5,0.2,1024x1024,BaseColor; Normal; Metallic; Roughness; AO; Emission mask,2,0.9,Grip point for weapons; base center for accessories,Simple or none,FBX,Assets/_Game/Art/Equipment/T2/Weapon,Assets/_Game/Prefabs/Equipment/T2/PF_shield_t02.prefab,equipment_shield_tier_family,Tier 2 language; rarity material library,6,Planned,Tier readable without rarity color; six rarity treatments possible; correct pivot; no excessive emission,,ART_REF_001 + Visual Bible v1.0
equipment_shield_t03_base,Escudo T3,Shield T3,3D Model,Equipment,Weapon,Equipment,Crafted/equippable item family,MVP,P1,T3,6 rarity material/ornament variants from one tier family,Ferreiro,Global,Yes,Text to 3D,Optional,Base geometry + rarity overlays/material variants,None,Socketed when weapon,Yes,900,2600,0.5,0.2,1024x1024,BaseColor; Normal; Metallic; Roughness; AO; Emission mask,2,0.9,Grip point for weapons; base center for accessories,Simple or none,FBX,Assets/_Game/Art/Equipment/T3/Weapon,Assets/_Game/Prefabs/Equipment/T3/PF_shield_t03.prefab,equipment_shield_tier_family,Tier 3 language; rarity material library,6,Planned,Tier readable without rarity color; six rarity treatments possible; correct pivot; no excessive emission,,ART_REF_001 + Visual Bible v1.0
equipment_staff_t02_base,Cajado T2,Staff T2,3D Model,Equipment,Weapon,Equipment,Crafted/equippable item family,MVP,P1,T2,6 rarity material/ornament variants from one tier family,Encantador,Global,Yes,Text to 3D,Optional,Base geometry + rarity overlays/material variants,None,Socketed when weapon,Yes,1000,2800,0.5,0.2,1024x1024,BaseColor; Normal; Metallic; Roughness; AO; Emission mask,2,1.7,Grip point for weapons; base center for accessories,Simple or none,FBX,Assets/_Game/Art/Equipment/T2/Weapon,Assets/_Game/Prefabs/Equipment/T2/PF_staff_t02.prefab,equipment_staff_tier_family,Tier 2 language; rarity material library,6,Planned,Tier readable without rarity color; six rarity treatments possible; correct pivot; no excessive emission,,ART_REF_001 + Visual Bible v1.0
equipment_staff_t03_base,Cajado T3,Staff T3,3D Model,Equipment,Weapon,Equipment,Crafted/equippable item family,MVP,P1,T3,6 rarity material/ornament variants from one tier family,Encantador,Global,Yes,Text to 3D,Optional,Base geometry + rarity overlays/material variants,None,Socketed when weapon,Yes,1000,2800,0.5,0.2,1024x1024,BaseColor; Normal; Metallic; Roughness; AO; Emission mask,2,1.7,Grip point for weapons; base center for accessories,Simple or none,FBX,Assets/_Game/Art/Equipment/T3/Weapon,Assets/_Game/Prefabs/Equipment/T3/PF_staff_t03.prefab,equipment_staff_tier_family,Tier 3 language; rarity material library,6,Planned,Tier readable without rarity color; six rarity treatments possible; correct pivot; no excessive emission,,ART_REF_001 + Visual Bible v1.0
equipment_sword_1h_t02_base,Espada de Uma Mão T2,One-Handed Sword T2,3D Model,Equipment,Weapon,Equipment,Crafted/equippable item family,MVP,P1,T2,6 rarity material/ornament variants from one tier family,Ferreiro,Global,Yes,Text to 3D,Optional,Base geometry + rarity overlays/material variants,None,Socketed when weapon,Yes,1000,3000,0.5,0.2,1024x1024,BaseColor; Normal; Metallic; Roughness; AO; Emission mask,2,1.1,Grip point for weapons; base center for accessories,Simple or none,FBX,Assets/_Game/Art/Equipment/T2/Weapon,Assets/_Game/Prefabs/Equipment/T2/PF_sword_1h_t02.prefab,equipment_sword_1h_tier_family,Tier 2 language; rarity material library,6,Planned,Tier readable without rarity color; six rarity treatments possible; correct pivot; no excessive emission,,ART_REF_001 + Visual Bible v1.0
equipment_sword_1h_t03_base,Espada de Uma Mão T3,One-Handed Sword T3,3D Model,Equipment,Weapon,Equipment,Crafted/equippable item family,MVP,P1,T3,6 rarity material/ornament variants from one tier family,Ferreiro,Global,Yes,Text to 3D,Optional,Base geometry + rarity overlays/material variants,None,Socketed when weapon,Yes,1000,3000,0.5,0.2,1024x1024,BaseColor; Normal; Metallic; Roughness; AO; Emission mask,2,1.1,Grip point for weapons; base center for accessories,Simple or none,FBX,Assets/_Game/Art/Equipment/T3/Weapon,Assets/_Game/Prefabs/Equipment/T3/PF_sword_1h_t03.prefab,equipment_sword_1h_tier_family,Tier 3 language; rarity material library,6,Planned,Tier readable without rarity color; six rarity treatments possible; correct pivot; no excessive emission,,ART_REF_001 + Visual Bible v1.0
loot_chest_epic_001,Baú Épico,Epic Chest,3D Model,Loot,Reward Chest,Rewards,Reward reveal/idle loot,MVP,P1,N/A,Fixed Epic visual treatment #A24CE3,None,Global,Yes,Text to 3D,Optional,Shared chest proportions; rarity-specific ornaments,Generic,anim_loot_chest,Yes,900,2500,0.5,0.2,1024x1024,BaseColor; Normal; Metallic; Roughness; AO; Emission mask,2,1.0,Bottom center; lid hinge separate,Box collider,FBX,Assets/_Game/Art/Props/Loot/Chests,Assets/_Game/Prefabs/Props/Loot/PF_chest_epic.prefab,loot_chest_shared,Rarity material library,1,Planned,Rarity readable by shape and ornaments; functional lid separation; no full-surface glow,,ART_REF_001 + Visual Bible v1.0
loot_chest_legendary_001,Baú Lendário,Legendary Chest,3D Model,Loot,Reward Chest,Rewards,Reward reveal/idle loot,MVP,P1,N/A,Fixed Legendary visual treatment #F3A62A,None,Global,Yes,Text to 3D,Optional,Shared chest proportions; rarity-specific ornaments,Generic,anim_loot_chest,Yes,900,2500,0.5,0.2,1024x1024,BaseColor; Normal; Metallic; Roughness; AO; Emission mask,2,1.0,Bottom center; lid hinge separate,Box collider,FBX,Assets/_Game/Art/Props/Loot/Chests,Assets/_Game/Prefabs/Props/Loot/PF_chest_legendary.prefab,loot_chest_shared,Rarity material library,1,Planned,Rarity readable by shape and ornaments; functional lid separation; no full-surface glow,,ART_REF_001 + Visual Bible v1.0
loot_chest_mythic_001,Baú Mítico,Mythic Chest,3D Model,Loot,Reward Chest,Rewards,Reward reveal/idle loot,MVP,P1,N/A,Fixed Mythic visual treatment #E74B3C,None,Global,Yes,Text to 3D,Optional,Shared chest proportions; rarity-specific ornaments,Generic,anim_loot_chest,Yes,900,2500,0.5,0.2,1024x1024,BaseColor; Normal; Metallic; Roughness; AO; Emission mask,2,1.0,Bottom center; lid hinge separate,Box collider,FBX,Assets/_Game/Art/Props/Loot/Chests,Assets/_Game/Prefabs/Props/Loot/PF_chest_mythic.prefab,loot_chest_shared,Rarity material library,1,Planned,Rarity readable by shape and ornaments; functional lid separation; no full-surface glow,,ART_REF_001 + Visual Bible v1.0
shader_rarity_common_overlay_001,Overlay Comum,Common Rarity Overlay,Material/Shader,Material Library,Rarity Overlay,Rendering,Rarity treatment without duplicating base meshes,MVP,P1,N/A,Common #A7ADB2,None,Global,No,Unity Shader Graph/URP,Yes,Material overlay,None,None,No,0,0,0,0,256–512 masks,Emission mask; gradient; noise optional,0,0,N/A,None,Unity Shader/Material,Assets/_Game/Art/Materials/Rarity,N/A,rarity_overlay_shaders,URP; rarity palette,1,Planned,Tier material remains visible; color is not sole signal; controlled emission,,ART_REF_001 + Visual Bible v1.0
shader_rarity_epic_overlay_001,Overlay Épico,Epic Rarity Overlay,Material/Shader,Material Library,Rarity Overlay,Rendering,Rarity treatment without duplicating base meshes,MVP,P1,N/A,Epic #A24CE3,None,Global,No,Unity Shader Graph/URP,Yes,Material overlay,None,None,No,0,0,0,0,256–512 masks,Emission mask; gradient; noise optional,0,0,N/A,None,Unity Shader/Material,Assets/_Game/Art/Materials/Rarity,N/A,rarity_overlay_shaders,URP; rarity palette,1,Planned,Tier material remains visible; color is not sole signal; controlled emission,,ART_REF_001 + Visual Bible v1.0
shader_rarity_legendary_overlay_001,Overlay Lendário,Legendary Rarity Overlay,Material/Shader,Material Library,Rarity Overlay,Rendering,Rarity treatment without duplicating base meshes,MVP,P1,N/A,Legendary #F3A62A,None,Global,No,Unity Shader Graph/URP,Yes,Material overlay,None,None,No,0,0,0,0,256–512 masks,Emission mask; gradient; noise optional,0,0,N/A,None,Unity Shader/Material,Assets/_Game/Art/Materials/Rarity,N/A,rarity_overlay_shaders,URP; rarity palette,1,Planned,Tier material remains visible; color is not sole signal; controlled emission,,ART_REF_001 + Visual Bible v1.0
shader_rarity_mythic_overlay_001,Overlay Mítico,Mythic Rarity Overlay,Material/Shader,Material Library,Rarity Overlay,Rendering,Rarity treatment without duplicating base meshes,MVP,P1,N/A,Mythic #E74B3C,None,Global,No,Unity Shader Graph/URP,Yes,Material overlay,None,None,No,0,0,0,0,256–512 masks,Emission mask; gradient; noise optional,0,0,N/A,None,Unity Shader/Material,Assets/_Game/Art/Materials/Rarity,N/A,rarity_overlay_shaders,URP; rarity palette,1,Planned,Tier material remains visible; color is not sole signal; controlled emission,,ART_REF_001 + Visual Bible v1.0
shader_rarity_rare_overlay_001,Overlay Raro,Rare Rarity Overlay,Material/Shader,Material Library,Rarity Overlay,Rendering,Rarity treatment without duplicating base meshes,MVP,P1,N/A,Rare #3D8EFF,None,Global,No,Unity Shader Graph/URP,Yes,Material overlay,None,None,No,0,0,0,0,256–512 masks,Emission mask; gradient; noise optional,0,0,N/A,None,Unity Shader/Material,Assets/_Game/Art/Materials/Rarity,N/A,rarity_overlay_shaders,URP; rarity palette,1,Planned,Tier material remains visible; color is not sole signal; controlled emission,,ART_REF_001 + Visual Bible v1.0
shader_rarity_uncommon_overlay_001,Overlay Incomum,Uncommon Rarity Overlay,Material/Shader,Material Library,Rarity Overlay,Rendering,Rarity treatment without duplicating base meshes,MVP,P1,N/A,Uncommon #5DBB63,None,Global,No,Unity Shader Graph/URP,Yes,Material overlay,None,None,No,0,0,0,0,256–512 masks,Emission mask; gradient; noise optional,0,0,N/A,None,Unity Shader/Material,Assets/_Game/Art/Materials/Rarity,N/A,rarity_overlay_shaders,URP; rarity palette,1,Planned,Tier material remains visible; color is not sole signal; controlled emission,,ART_REF_001 + Visual Bible v1.0
resource_arcane_raw_t02_001,Cristal Arcano Menor,Lesser Arcane Crystal,3D Model,Resource,Arcane Crystal,Economy,Inventory/crafting material representation,MVP,P1,T2,None,Coletador,Global,Yes,Text to 3D,Optional,Shared geometry family + tier-specific texture/details,None,None,Optional,300,1000,0.45,0.0,512x512,BaseColor; Normal; Metallic; Roughness; AO; Emission optional,1,0.45,Base center,Simple box or none,FBX,Assets/_Game/Art/Resources/T2/ArcaneCrystal,Assets/_Game/Prefabs/Resources/PF_arcane_raw_t02.prefab,resource_arcane_crystal,Tier 2 material palette,1,Planned,Reads as crystal cluster at 64 px render; single compact silhouette; no background or pedestal,,ART_REF_001 + Visual Bible v1.0
resource_arcane_raw_t03_001,Cristal Rúnico,Runic Crystal,3D Model,Resource,Arcane Crystal,Economy,Inventory/crafting material representation,MVP,P1,T3,None,Coletador,Global,Yes,Text to 3D,Optional,Shared geometry family + tier-specific texture/details,None,None,Optional,300,1000,0.45,0.0,512x512,BaseColor; Normal; Metallic; Roughness; AO; Emission optional,1,0.45,Base center,Simple box or none,FBX,Assets/_Game/Art/Resources/T3/ArcaneCrystal,Assets/_Game/Prefabs/Resources/PF_arcane_raw_t03.prefab,resource_arcane_crystal,Tier 3 material palette,1,Planned,Reads as crystal cluster at 64 px render; single compact silhouette; no background or pedestal,,ART_REF_001 + Visual Bible v1.0
resource_arcane_refined_t02_001,Núcleo Arcano Menor,Lesser Arcane Core,3D Model,Resource,Rune Core,Economy,Inventory/crafting material representation,MVP,P1,T2,None,Encantador,Global,Yes,Text to 3D,Optional,Shared geometry family + tier-specific texture/details,None,None,Optional,300,1000,0.45,0.0,512x512,BaseColor; Normal; Metallic; Roughness; AO; Emission optional,1,0.45,Base center,Simple box or none,FBX,Assets/_Game/Art/Resources/T2/RuneCore,Assets/_Game/Prefabs/Resources/PF_arcane_refined_t02.prefab,resource_rune_core,Tier 2 material palette,1,Planned,Reads as rune core at 64 px render; single compact silhouette; no background or pedestal,,ART_REF_001 + Visual Bible v1.0
resource_arcane_refined_t03_001,Núcleo Rúnico,Runic Core,3D Model,Resource,Rune Core,Economy,Inventory/crafting material representation,MVP,P1,T3,None,Encantador,Global,Yes,Text to 3D,Optional,Shared geometry family + tier-specific texture/details,None,None,Optional,300,1000,0.45,0.0,512x512,BaseColor; Normal; Metallic; Roughness; AO; Emission optional,1,0.45,Base center,Simple box or none,FBX,Assets/_Game/Art/Resources/T3/RuneCore,Assets/_Game/Prefabs/Resources/PF_arcane_refined_t03.prefab,resource_rune_core,Tier 3 material palette,1,Planned,Reads as rune core at 64 px render; single compact silhouette; no background or pedestal,,ART_REF_001 + Visual Bible v1.0
resource_fiber_raw_t02_001,Feixe de Lã,Wool Bundle,3D Model,Resource,Fiber,Economy,Inventory/crafting material representation,MVP,P1,T2,None,Coletador,Global,Yes,Text to 3D,Optional,Shared geometry family + tier-specific texture/details,None,None,Optional,300,1000,0.45,0.0,512x512,BaseColor; Normal; Metallic; Roughness; AO; Emission optional,1,0.45,Base center,Simple box or none,FBX,Assets/_Game/Art/Resources/T2/Fiber,Assets/_Game/Prefabs/Resources/PF_fiber_raw_t02.prefab,resource_fiber,Tier 2 material palette,1,Planned,Reads as fiber bundle at 64 px render; single compact silhouette; no background or pedestal,,ART_REF_001 + Visual Bible v1.0
resource_fiber_raw_t03_001,Fibra Rúnica,Runic Fiber,3D Model,Resource,Fiber,Economy,Inventory/crafting material representation,MVP,P1,T3,None,Coletador,Global,Yes,Text to 3D,Optional,Shared geometry family + tier-specific texture/details,None,None,Optional,300,1000,0.45,0.0,512x512,BaseColor; Normal; Metallic; Roughness; AO; Emission optional,1,0.45,Base center,Simple box or none,FBX,Assets/_Game/Art/Resources/T3/Fiber,Assets/_Game/Prefabs/Resources/PF_fiber_raw_t03.prefab,resource_fiber,Tier 3 material palette,1,Planned,Reads as fiber bundle at 64 px render; single compact silhouette; no background or pedestal,,ART_REF_001 + Visual Bible v1.0
resource_fiber_refined_t02_001,Rolo de Lã,Wool Roll,3D Model,Resource,Textile,Economy,Inventory/crafting material representation,MVP,P1,T2,None,Costureiro,Global,Yes,Text to 3D,Optional,Shared geometry family + tier-specific texture/details,None,None,Optional,300,1000,0.45,0.0,512x512,BaseColor; Normal; Metallic; Roughness; AO; Emission optional,1,0.45,Base center,Simple box or none,FBX,Assets/_Game/Art/Resources/T2/Textile,Assets/_Game/Prefabs/Resources/PF_fiber_refined_t02.prefab,resource_textile,Tier 2 material palette,1,Planned,Reads as cloth roll at 64 px render; single compact silhouette; no background or pedestal,,ART_REF_001 + Visual Bible v1.0
resource_fiber_refined_t03_001,Tecido Rúnico,Runic Cloth,3D Model,Resource,Textile,Economy,Inventory/crafting material representation,MVP,P1,T3,None,Costureiro,Global,Yes,Text to 3D,Optional,Shared geometry family + tier-specific texture/details,None,None,Optional,300,1000,0.45,0.0,512x512,BaseColor; Normal; Metallic; Roughness; AO; Emission optional,1,0.45,Base center,Simple box or none,FBX,Assets/_Game/Art/Resources/T3/Textile,Assets/_Game/Prefabs/Resources/PF_fiber_refined_t03.prefab,resource_textile,Tier 3 material palette,1,Planned,Reads as cloth roll at 64 px render; single compact silhouette; no background or pedestal,,ART_REF_001 + Visual Bible v1.0
resource_herb_raw_t02_001,Ervas da Floresta,Forest Herbs,3D Model,Resource,Herb,Economy,Inventory/crafting material representation,MVP,P1,T2,None,Coletador,Global,Yes,Text to 3D,Optional,Shared geometry family + tier-specific texture/details,None,None,Optional,300,1000,0.45,0.0,512x512,BaseColor; Normal; Metallic; Roughness; AO; Emission optional,1,0.45,Base center,Simple box or none,FBX,Assets/_Game/Art/Resources/T2/Herb,Assets/_Game/Prefabs/Resources/PF_herb_raw_t02.prefab,resource_herb,Tier 2 material palette,1,Planned,Reads as herb bundle at 64 px render; single compact silhouette; no background or pedestal,,ART_REF_001 + Visual Bible v1.0
resource_herb_raw_t03_001,Flor Rubra,Crimson Bloom,3D Model,Resource,Herb,Economy,Inventory/crafting material representation,MVP,P1,T3,None,Coletador,Global,Yes,Text to 3D,Optional,Shared geometry family + tier-specific texture/details,None,None,Optional,300,1000,0.45,0.0,512x512,BaseColor; Normal; Metallic; Roughness; AO; Emission optional,1,0.45,Base center,Simple box or none,FBX,Assets/_Game/Art/Resources/T3/Herb,Assets/_Game/Prefabs/Resources/PF_herb_raw_t03.prefab,resource_herb,Tier 3 material palette,1,Planned,Reads as herb bundle at 64 px render; single compact silhouette; no background or pedestal,,ART_REF_001 + Visual Bible v1.0
resource_herb_refined_t02_001,Extrato Refinado,Refined Extract,3D Model,Resource,Extract,Economy,Inventory/crafting material representation,MVP,P1,T2,None,Alquimista,Global,Yes,Text to 3D,Optional,Shared geometry family + tier-specific texture/details,None,None,Optional,300,1000,0.45,0.0,512x512,BaseColor; Normal; Metallic; Roughness; AO; Emission optional,1,0.45,Base center,Simple box or none,FBX,Assets/_Game/Art/Resources/T2/Extract,Assets/_Game/Prefabs/Resources/PF_herb_refined_t02.prefab,resource_extract,Tier 2 material palette,1,Planned,Reads as alchemical vial at 64 px render; single compact silhouette; no background or pedestal,,ART_REF_001 + Visual Bible v1.0
resource_herb_refined_t03_001,Extrato Rubro,Crimson Extract,3D Model,Resource,Extract,Economy,Inventory/crafting material representation,MVP,P1,T3,None,Alquimista,Global,Yes,Text to 3D,Optional,Shared geometry family + tier-specific texture/details,None,None,Optional,300,1000,0.45,0.0,512x512,BaseColor; Normal; Metallic; Roughness; AO; Emission optional,1,0.45,Base center,Simple box or none,FBX,Assets/_Game/Art/Resources/T3/Extract,Assets/_Game/Prefabs/Resources/PF_herb_refined_t03.prefab,resource_extract,Tier 3 material palette,1,Planned,Reads as alchemical vial at 64 px render; single compact silhouette; no background or pedestal,,ART_REF_001 + Visual Bible v1.0
resource_hide_raw_t02_001,Pele da Floresta,Forest Hide,3D Model,Resource,Hide,Economy,Inventory/crafting material representation,MVP,P1,T2,None,Coletador,Global,Yes,Text to 3D,Optional,Shared geometry family + tier-specific texture/details,None,None,Optional,300,1000,0.45,0.0,512x512,BaseColor; Normal; Metallic; Roughness; AO; Emission optional,1,0.45,Base center,Simple box or none,FBX,Assets/_Game/Art/Resources/T2/Hide,Assets/_Game/Prefabs/Resources/PF_hide_raw_t02.prefab,resource_hide,Tier 2 material palette,1,Planned,Reads as folded hide at 64 px render; single compact silhouette; no background or pedestal,,ART_REF_001 + Visual Bible v1.0
resource_hide_raw_t03_001,Pele Endurecida,Hardened Hide,3D Model,Resource,Hide,Economy,Inventory/crafting material representation,MVP,P1,T3,None,Coletador,Global,Yes,Text to 3D,Optional,Shared geometry family + tier-specific texture/details,None,None,Optional,300,1000,0.45,0.0,512x512,BaseColor; Normal; Metallic; Roughness; AO; Emission optional,1,0.45,Base center,Simple box or none,FBX,Assets/_Game/Art/Resources/T3/Hide,Assets/_Game/Prefabs/Resources/PF_hide_raw_t03.prefab,resource_hide,Tier 3 material palette,1,Planned,Reads as folded hide at 64 px render; single compact silhouette; no background or pedestal,,ART_REF_001 + Visual Bible v1.0
resource_hide_refined_t02_001,Couro Reforçado,Reinforced Leather,3D Model,Resource,Leather,Economy,Inventory/crafting material representation,MVP,P1,T2,None,Costureiro,Global,Yes,Text to 3D,Optional,Shared geometry family + tier-specific texture/details,None,None,Optional,300,1000,0.45,0.0,512x512,BaseColor; Normal; Metallic; Roughness; AO; Emission optional,1,0.45,Base center,Simple box or none,FBX,Assets/_Game/Art/Resources/T2/Leather,Assets/_Game/Prefabs/Resources/PF_hide_refined_t02.prefab,resource_leather,Tier 2 material palette,1,Planned,Reads as treated leather stack at 64 px render; single compact silhouette; no background or pedestal,,ART_REF_001 + Visual Bible v1.0
resource_hide_refined_t03_001,Couro Rúnico,Runic Leather,3D Model,Resource,Leather,Economy,Inventory/crafting material representation,MVP,P1,T3,None,Costureiro,Global,Yes,Text to 3D,Optional,Shared geometry family + tier-specific texture/details,None,None,Optional,300,1000,0.45,0.0,512x512,BaseColor; Normal; Metallic; Roughness; AO; Emission optional,1,0.45,Base center,Simple box or none,FBX,Assets/_Game/Art/Resources/T3/Leather,Assets/_Game/Prefabs/Resources/PF_hide_refined_t03.prefab,resource_leather,Tier 3 material palette,1,Planned,Reads as treated leather stack at 64 px render; single compact silhouette; no background or pedestal,,ART_REF_001 + Visual Bible v1.0
resource_metal_raw_t02_001,Minério Ferroso e Carvão,Iron and Coal Ore,3D Model,Resource,Metal Ore,Economy,Inventory/crafting material representation,MVP,P1,T2,None,Coletador,Global,Yes,Text to 3D,Optional,Shared geometry family + tier-specific texture/details,None,None,Optional,300,1000,0.45,0.0,512x512,BaseColor; Normal; Metallic; Roughness; AO; Emission optional,1,0.45,Base center,Simple box or none,FBX,Assets/_Game/Art/Resources/T2/MetalOre,Assets/_Game/Prefabs/Resources/PF_metal_raw_t02.prefab,resource_metal_ore,Tier 2 material palette,1,Planned,Reads as raw ore pile at 64 px render; single compact silhouette; no background or pedestal,,ART_REF_001 + Visual Bible v1.0
resource_metal_raw_t03_001,Minério de Prataço,Silversteel Ore,3D Model,Resource,Metal Ore,Economy,Inventory/crafting material representation,MVP,P1,T3,None,Coletador,Global,Yes,Text to 3D,Optional,Shared geometry family + tier-specific texture/details,None,None,Optional,300,1000,0.45,0.0,512x512,BaseColor; Normal; Metallic; Roughness; AO; Emission optional,1,0.45,Base center,Simple box or none,FBX,Assets/_Game/Art/Resources/T3/MetalOre,Assets/_Game/Prefabs/Resources/PF_metal_raw_t03.prefab,resource_metal_ore,Tier 3 material palette,1,Planned,Reads as raw ore pile at 64 px render; single compact silhouette; no background or pedestal,,ART_REF_001 + Visual Bible v1.0
resource_metal_refined_t02_001,Lingote de Aço,Steel Ingot,3D Model,Resource,Metal Ingot,Economy,Inventory/crafting material representation,MVP,P1,T2,None,Ferreiro,Global,Yes,Text to 3D,Optional,Shared geometry family + tier-specific texture/details,None,None,Optional,300,1000,0.45,0.0,512x512,BaseColor; Normal; Metallic; Roughness; AO; Emission optional,1,0.45,Base center,Simple box or none,FBX,Assets/_Game/Art/Resources/T2/MetalIngot,Assets/_Game/Prefabs/Resources/PF_metal_refined_t02.prefab,resource_metal_ingot,Tier 2 material palette,1,Planned,Reads as ingot stack at 64 px render; single compact silhouette; no background or pedestal,,ART_REF_001 + Visual Bible v1.0
resource_metal_refined_t03_001,Lingote de Prataço,Silversteel Ingot,3D Model,Resource,Metal Ingot,Economy,Inventory/crafting material representation,MVP,P1,T3,None,Ferreiro,Global,Yes,Text to 3D,Optional,Shared geometry family + tier-specific texture/details,None,None,Optional,300,1000,0.45,0.0,512x512,BaseColor; Normal; Metallic; Roughness; AO; Emission optional,1,0.45,Base center,Simple box or none,FBX,Assets/_Game/Art/Resources/T3/MetalIngot,Assets/_Game/Prefabs/Resources/PF_metal_refined_t03.prefab,resource_metal_ingot,Tier 3 material palette,1,Planned,Reads as ingot stack at 64 px render; single compact silhouette; no background or pedestal,,ART_REF_001 + Visual Bible v1.0
ui_badge_tier_01_001,Emblema Tier 1,Tier 1 Badge,2D Image,UI,Tier Badge,UI,Tier identification,MVP,P1,T1,None,None,Global,No,None,No,Standalone,None,None,No,0,0,0,0,256x256,RGBA/SDF optional,0,0,N/A,None,PNG or SVG,Assets/_Game/Art/UI/Badges/Tier,N/A,ui_tier_badges,Tier visual language,1,Planned,Tier number may be overlaid by UI text; base shape progresses structurally,,ART_REF_001 + Visual Bible v1.0
ui_badge_tier_02_001,Emblema Tier 2,Tier 2 Badge,2D Image,UI,Tier Badge,UI,Tier identification,MVP,P1,T2,None,None,Global,No,None,No,Standalone,None,None,No,0,0,0,0,256x256,RGBA/SDF optional,0,0,N/A,None,PNG or SVG,Assets/_Game/Art/UI/Badges/Tier,N/A,ui_tier_badges,Tier visual language,1,Planned,Tier number may be overlaid by UI text; base shape progresses structurally,,ART_REF_001 + Visual Bible v1.0
ui_badge_tier_03_001,Emblema Tier 3,Tier 3 Badge,2D Image,UI,Tier Badge,UI,Tier identification,MVP,P1,T3,None,None,Global,No,None,No,Standalone,None,None,No,0,0,0,0,256x256,RGBA/SDF optional,0,0,N/A,None,PNG or SVG,Assets/_Game/Art/UI/Badges/Tier,N/A,ui_tier_badges,Tier visual language,1,Planned,Tier number may be overlaid by UI text; base shape progresses structurally,,ART_REF_001 + Visual Bible v1.0
vfx_rarity_common_aura_001,Aura Comum,Common Rarity Aura,VFX,VFX,Rarity Aura,Rarity,Reward/equipment presentation,MVP,P1,N/A,Common #A7ADB2,None,Global,No,Unity Particle System/Shader Graph,Optional,Reusable prefab,None,None,No,0,0,0,0,256–512 sprites,RGBA masks; noise textures,0,0,N/A,None,Unity prefab,Assets/_Game/Art/VFX/Rarity,Assets/_Game/Prefabs/VFX/PF_rarity_common_aura.prefab,vfx_rarity_auras,Rarity palette; VFX performance budget,1,Planned,Does not hide silhouette; emission controlled; mobile overdraw tested,,ART_REF_001 + Visual Bible v1.0
vfx_rarity_epic_aura_001,Aura Épico,Epic Rarity Aura,VFX,VFX,Rarity Aura,Rarity,Reward/equipment presentation,MVP,P1,N/A,Epic #A24CE3,None,Global,No,Unity Particle System/Shader Graph,Optional,Reusable prefab,None,None,No,0,0,0,0,256–512 sprites,RGBA masks; noise textures,0,0,N/A,None,Unity prefab,Assets/_Game/Art/VFX/Rarity,Assets/_Game/Prefabs/VFX/PF_rarity_epic_aura.prefab,vfx_rarity_auras,Rarity palette; VFX performance budget,1,Planned,Does not hide silhouette; emission controlled; mobile overdraw tested,,ART_REF_001 + Visual Bible v1.0
vfx_rarity_legendary_aura_001,Aura Lendário,Legendary Rarity Aura,VFX,VFX,Rarity Aura,Rarity,Reward/equipment presentation,MVP,P1,N/A,Legendary #F3A62A,None,Global,No,Unity Particle System/Shader Graph,Optional,Reusable prefab,None,None,No,0,0,0,0,256–512 sprites,RGBA masks; noise textures,0,0,N/A,None,Unity prefab,Assets/_Game/Art/VFX/Rarity,Assets/_Game/Prefabs/VFX/PF_rarity_legendary_aura.prefab,vfx_rarity_auras,Rarity palette; VFX performance budget,1,Planned,Does not hide silhouette; emission controlled; mobile overdraw tested,,ART_REF_001 + Visual Bible v1.0
vfx_rarity_mythic_aura_001,Aura Mítico,Mythic Rarity Aura,VFX,VFX,Rarity Aura,Rarity,Reward/equipment presentation,MVP,P1,N/A,Mythic #E74B3C,None,Global,No,Unity Particle System/Shader Graph,Optional,Reusable prefab,None,None,No,0,0,0,0,256–512 sprites,RGBA masks; noise textures,0,0,N/A,None,Unity prefab,Assets/_Game/Art/VFX/Rarity,Assets/_Game/Prefabs/VFX/PF_rarity_mythic_aura.prefab,vfx_rarity_auras,Rarity palette; VFX performance budget,1,Planned,Does not hide silhouette; emission controlled; mobile overdraw tested,,ART_REF_001 + Visual Bible v1.0
vfx_rarity_rare_aura_001,Aura Raro,Rare Rarity Aura,VFX,VFX,Rarity Aura,Rarity,Reward/equipment presentation,MVP,P1,N/A,Rare #3D8EFF,None,Global,No,Unity Particle System/Shader Graph,Optional,Reusable prefab,None,None,No,0,0,0,0,256–512 sprites,RGBA masks; noise textures,0,0,N/A,None,Unity prefab,Assets/_Game/Art/VFX/Rarity,Assets/_Game/Prefabs/VFX/PF_rarity_rare_aura.prefab,vfx_rarity_auras,Rarity palette; VFX performance budget,1,Planned,Does not hide silhouette; emission controlled; mobile overdraw tested,,ART_REF_001 + Visual Bible v1.0
vfx_rarity_uncommon_aura_001,Aura Incomum,Uncommon Rarity Aura,VFX,VFX,Rarity Aura,Rarity,Reward/equipment presentation,MVP,P1,N/A,Uncommon #5DBB63,None,Global,No,Unity Particle System/Shader Graph,Optional,Reusable prefab,None,None,No,0,0,0,0,256–512 sprites,RGBA masks; noise textures,0,0,N/A,None,Unity prefab,Assets/_Game/Art/VFX/Rarity,Assets/_Game/Prefabs/VFX/PF_rarity_uncommon_aura.prefab,vfx_rarity_auras,Rarity palette; VFX performance budget,1,Planned,Does not hide silhouette; emission controlled; mobile overdraw tested,,ART_REF_001 + Visual Bible v1.0
boss_bone_knight_001,Cavaleiro Ósseo,Bone Knight,3D Model,Character,Enemy Boss,Undead,tank counterattack,Season 1 - Arc 2,P1,N/A,None,None,Global,Yes,Multi-view Image to 3D,Yes,Full body + separate weapon where applicable,Humanoid,anim_enemy_humanoid_melee,Yes,7000,10000,0.5,0.25,2048x2048,BaseColor; Normal; Metallic; Roughness; AO; Emission optional,3,1.82,Between feet at ground,Capsule/compound hit boxes,FBX,Assets/_Game/Art/Characters/Enemies/Undead/bone_knight_001/Models,Assets/_Game/Prefabs/Characters/Enemies/Undead/PF_bone_knight_001.prefab,undead_boss_body,Approved character sheet; faction material library; weapon prop if armed,1,Planned,Readable combat role; faction silhouette; valid rig pose; no fused weapon; no accidental detached pieces,,ART_REF_001 + Visual Bible v1.0
boss_lich_001,Lich,Lich,3D Model,Character,Enemy Boss,Undead,multiphase necromancer,Season 1 - Arc 2,P1,N/A,None,None,Global,Yes,Multi-view Image to 3D,Yes,Full body + separate weapon where applicable,Humanoid,anim_boss_lich,Yes,10000,15000,0.5,0.25,2048x2048,BaseColor; Normal; Metallic; Roughness; AO; Emission optional,3,2.15,Between feet at ground,Capsule/compound hit boxes,FBX,Assets/_Game/Art/Characters/Enemies/Undead/lich_001/Models,Assets/_Game/Prefabs/Characters/Enemies/Undead/PF_lich_001.prefab,undead_boss_body,Approved character sheet; faction material library; weapon prop if armed,1,Planned,Readable combat role; faction silhouette; valid rig pose; no fused weapon; no accidental detached pieces,,ART_REF_001 + Visual Bible v1.0
enemy_bone_acolyte_001,Acólito Ósseo,Bone Acolyte,3D Model,Character,Enemy,Undead,magic debuffs,Season 1 - Arc 2,P1,N/A,None,None,Global,Yes,Image to 3D,Yes,Full body + separate weapon where applicable,Humanoid,anim_enemy_humanoid_caster,Yes,3500,5500,0.5,0.25,1024x1024,BaseColor; Normal; Metallic; Roughness; AO; Emission optional,3,1.82,Between feet at ground,Capsule/compound hit boxes,FBX,Assets/_Game/Art/Characters/Enemies/Undead/bone_acolyte_001/Models,Assets/_Game/Prefabs/Characters/Enemies/Undead/PF_bone_acolyte_001.prefab,undead_special_body,Approved character sheet; faction material library; weapon prop if armed,1,Planned,Readable combat role; faction silhouette; valid rig pose; no fused weapon; no accidental detached pieces,,ART_REF_001 + Visual Bible v1.0
enemy_restless_skeleton_001,Esqueleto Inquieto,Restless Skeleton,3D Model,Character,Enemy,Undead,basic melee,Season 1 - Arc 2,P1,N/A,None,None,Global,Yes,Image to 3D,Yes,Full body + separate weapon where applicable,Humanoid,anim_enemy_humanoid_melee,Yes,3000,5000,0.5,0.25,1024x1024,BaseColor; Normal; Metallic; Roughness; AO; Emission optional,3,1.82,Between feet at ground,Capsule/compound hit boxes,FBX,Assets/_Game/Art/Characters/Enemies/Undead/restless_skeleton_001/Models,Assets/_Game/Prefabs/Characters/Enemies/Undead/PF_restless_skeleton_001.prefab,undead_common_body,Approved character sheet; faction material library; weapon prop if armed,1,Planned,Readable combat role; faction silhouette; valid rig pose; no fused weapon; no accidental detached pieces,,ART_REF_001 + Visual Bible v1.0
enemy_skeleton_archer_001,Arqueiro Esqueleto,Skeleton Archer,3D Model,Character,Enemy,Undead,ranged damage,Season 1 - Arc 2,P1,N/A,None,None,Global,Yes,Image to 3D,Yes,Full body + separate weapon where applicable,Humanoid,anim_enemy_humanoid_ranged,Yes,3000,5000,0.5,0.25,1024x1024,BaseColor; Normal; Metallic; Roughness; AO; Emission optional,3,1.82,Between feet at ground,Capsule/compound hit boxes,FBX,Assets/_Game/Art/Characters/Enemies/Undead/skeleton_archer_001/Models,Assets/_Game/Prefabs/Characters/Enemies/Undead/PF_skeleton_archer_001.prefab,undead_common_body,Approved character sheet; faction material library; weapon prop if armed,1,Planned,Readable combat role; faction silhouette; valid rig pose; no fused weapon; no accidental detached pieces,,ART_REF_001 + Visual Bible v1.0
enemy_skeleton_soldier_001,Soldado Esqueleto,Skeleton Soldier,3D Model,Character,Enemy,Undead,disciplined melee,Season 1 - Arc 2,P1,N/A,None,None,Global,Yes,Image to 3D,Yes,Full body + separate weapon where applicable,Humanoid,anim_enemy_humanoid_melee,Yes,3000,5000,0.5,0.25,1024x1024,BaseColor; Normal; Metallic; Roughness; AO; Emission optional,3,1.82,Between feet at ground,Capsule/compound hit boxes,FBX,Assets/_Game/Art/Characters/Enemies/Undead/skeleton_soldier_001/Models,Assets/_Game/Prefabs/Characters/Enemies/Undead/PF_skeleton_soldier_001.prefab,undead_common_body,Approved character sheet; faction material library; weapon prop if armed,1,Planned,Readable combat role; faction silhouette; valid rig pose; no fused weapon; no accidental detached pieces,,ART_REF_001 + Visual Bible v1.0
env_undead_crypt_bone_pile_001,Pilha de Ossos,Bone Pile,3D Model,Environment,prop,Undead Crypt,Modular environment kit,Season 1 - Arc 2,P1,N/A,None,None,Undead Crypt,Yes,Text to 3D,Optional,Modular kit piece,None,None,Yes,400,1100,0.5,0.2,1024x1024,BaseColor; Normal; Metallic; Roughness; AO; Emission optional,2,1.2,Base center; grid-aligned where modular,Simple mesh/box collider,FBX,Assets/_Game/Art/Environments/undead_crypt/Models,Assets/_Game/Prefabs/Environments/undead_crypt/PF_bone_pile.prefab,undead_crypt_prop,Undead Crypt modular grid; material library,1,Planned,Grid alignment; readable silhouette; no hidden internal geometry; collision-safe; battle center remains clear,,ART_REF_001 + Visual Bible v1.0
env_undead_crypt_broken_statue_001,Estátua Quebrada,Broken Statue,3D Model,Environment,prop,Undead Crypt,Modular environment kit,Season 1 - Arc 2,P1,N/A,None,None,Undead Crypt,Yes,Text to 3D,Optional,Modular kit piece,None,None,Yes,1200,3200,0.5,0.2,1024x1024,BaseColor; Normal; Metallic; Roughness; AO; Emission optional,2,2.5,Base center; grid-aligned where modular,Simple mesh/box collider,FBX,Assets/_Game/Art/Environments/undead_crypt/Models,Assets/_Game/Prefabs/Environments/undead_crypt/PF_broken_statue.prefab,undead_crypt_prop,Undead Crypt modular grid; material library,1,Planned,Grid alignment; readable silhouette; no hidden internal geometry; collision-safe; battle center remains clear,,ART_REF_001 + Visual Bible v1.0
env_undead_crypt_coffin_001,Caixão,Coffin,3D Model,Environment,prop,Undead Crypt,Modular environment kit,Season 1 - Arc 2,P1,N/A,None,None,Undead Crypt,Yes,Text to 3D,Optional,Modular kit piece,None,None,Yes,900,2200,0.5,0.2,1024x1024,BaseColor; Normal; Metallic; Roughness; AO; Emission optional,2,2.2,Base center; grid-aligned where modular,Simple mesh/box collider,FBX,Assets/_Game/Art/Environments/undead_crypt/Models,Assets/_Game/Prefabs/Environments/undead_crypt/PF_coffin.prefab,undead_crypt_prop,Undead Crypt modular grid; material library,1,Planned,Grid alignment; readable silhouette; no hidden internal geometry; collision-safe; battle center remains clear,,ART_REF_001 + Visual Bible v1.0
env_undead_crypt_crypt_arch_001,Arco Funerário,Funerary Arch,3D Model,Environment,structure,Undead Crypt,Modular environment kit,Season 1 - Arc 2,P1,N/A,None,None,Undead Crypt,Yes,Image to 3D,Yes,Modular kit piece,None,None,Yes,1200,3200,0.5,0.2,1024x1024,BaseColor; Normal; Metallic; Roughness; AO; Emission optional,2,3.5,Base center; grid-aligned where modular,Simple mesh/box collider,FBX,Assets/_Game/Art/Environments/undead_crypt/Models,Assets/_Game/Prefabs/Environments/undead_crypt/PF_crypt_arch.prefab,undead_crypt_structure,Undead Crypt modular grid; material library,1,Planned,Grid alignment; readable silhouette; no hidden internal geometry; collision-safe; battle center remains clear,,ART_REF_001 + Visual Bible v1.0
env_undead_crypt_crypt_column_001,Coluna de Cripta,Crypt Column,3D Model,Environment,structure,Undead Crypt,Modular environment kit,Season 1 - Arc 2,P1,N/A,None,None,Undead Crypt,Yes,Image to 3D,Yes,Modular kit piece,None,None,Yes,800,2200,0.5,0.2,1024x1024,BaseColor; Normal; Metallic; Roughness; AO; Emission optional,2,3.0,Base center; grid-aligned where modular,Simple mesh/box collider,FBX,Assets/_Game/Art/Environments/undead_crypt/Models,Assets/_Game/Prefabs/Environments/undead_crypt/PF_crypt_column.prefab,undead_crypt_structure,Undead Crypt modular grid; material library,1,Planned,Grid alignment; readable silhouette; no hidden internal geometry; collision-safe; battle center remains clear,,ART_REF_001 + Visual Bible v1.0
env_undead_crypt_crypt_door_001,Porta da Cripta,Crypt Door,3D Model,Environment,structure,Undead Crypt,Modular environment kit,Season 1 - Arc 2,P1,N/A,None,None,Undead Crypt,Yes,Image to 3D,Yes,Modular kit piece,None,None,Yes,1200,3000,0.5,0.2,1024x1024,BaseColor; Normal; Metallic; Roughness; AO; Emission optional,2,3.5,Base center; grid-aligned where modular,Simple mesh/box collider,FBX,Assets/_Game/Art/Environments/undead_crypt/Models,Assets/_Game/Prefabs/Environments/undead_crypt/PF_crypt_door.prefab,undead_crypt_structure,Undead Crypt modular grid; material library,1,Planned,Grid alignment; readable silhouette; no hidden internal geometry; collision-safe; battle center remains clear,,ART_REF_001 + Visual Bible v1.0
env_undead_crypt_crypt_floor_tile_001,Piso de Cripta,Crypt Floor Tile,3D Model,Environment,tile,Undead Crypt,Modular environment kit,Season 1 - Arc 2,P1,N/A,None,None,Undead Crypt,Yes,Text to 3D,Optional,Modular kit piece,None,None,Yes,600,1500,0.5,0.2,1024x1024,BaseColor; Normal; Metallic; Roughness; AO; Emission optional,2,4.0,Base center; grid-aligned where modular,Simple mesh/box collider,FBX,Assets/_Game/Art/Environments/undead_crypt/Models,Assets/_Game/Prefabs/Environments/undead_crypt/PF_crypt_floor_tile.prefab,undead_crypt_tile,Undead Crypt modular grid; material library,1,Planned,Grid alignment; readable silhouette; no hidden internal geometry; collision-safe; battle center remains clear,,ART_REF_001 + Visual Bible v1.0
env_undead_crypt_crypt_iron_gate_001,Grade de Cripta,Crypt Iron Gate,3D Model,Environment,prop,Undead Crypt,Modular environment kit,Season 1 - Arc 2,P1,N/A,None,None,Undead Crypt,Yes,Text to 3D,Optional,Modular kit piece,None,None,Yes,900,2400,0.5,0.2,1024x1024,BaseColor; Normal; Metallic; Roughness; AO; Emission optional,2,3.0,Base center; grid-aligned where modular,Simple mesh/box collider,FBX,Assets/_Game/Art/Environments/undead_crypt/Models,Assets/_Game/Prefabs/Environments/undead_crypt/PF_crypt_iron_gate.prefab,undead_crypt_prop,Undead Crypt modular grid; material library,1,Planned,Grid alignment; readable silhouette; no hidden internal geometry; collision-safe; battle center remains clear,,ART_REF_001 + Visual Bible v1.0
env_undead_crypt_crypt_wall_corner_001,Canto de Cripta,Crypt Wall Corner,3D Model,Environment,wall,Undead Crypt,Modular environment kit,Season 1 - Arc 2,P1,N/A,None,None,Undead Crypt,Yes,Image to 3D,Yes,Modular kit piece,None,None,Yes,1400,4000,0.5,0.2,1024x1024,BaseColor; Normal; Metallic; Roughness; AO; Emission optional,2,4.0,Base center; grid-aligned where modular,Simple mesh/box collider,FBX,Assets/_Game/Art/Environments/undead_crypt/Models,Assets/_Game/Prefabs/Environments/undead_crypt/PF_crypt_wall_corner.prefab,undead_crypt_wall,Undead Crypt modular grid; material library,1,Planned,Grid alignment; readable silhouette; no hidden internal geometry; collision-safe; battle center remains clear,,ART_REF_001 + Visual Bible v1.0
env_undead_crypt_crypt_wall_straight_001,Parede de Cripta,Crypt Wall,3D Model,Environment,wall,Undead Crypt,Modular environment kit,Season 1 - Arc 2,P1,N/A,None,None,Undead Crypt,Yes,Image to 3D,Yes,Modular kit piece,None,None,Yes,1200,3500,0.5,0.2,1024x1024,BaseColor; Normal; Metallic; Roughness; AO; Emission optional,2,4.0,Base center; grid-aligned where modular,Simple mesh/box collider,FBX,Assets/_Game/Art/Environments/undead_crypt/Models,Assets/_Game/Prefabs/Environments/undead_crypt/PF_crypt_wall_straight.prefab,undead_crypt_wall,Undead Crypt modular grid; material library,1,Planned,Grid alignment; readable silhouette; no hidden internal geometry; collision-safe; battle center remains clear,,ART_REF_001 + Visual Bible v1.0
env_undead_crypt_grave_marker_001,Lápide,Grave Marker,3D Model,Environment,prop,Undead Crypt,Modular environment kit,Season 1 - Arc 2,P1,N/A,None,None,Undead Crypt,Yes,Text to 3D,Optional,Modular kit piece,None,None,Yes,400,1000,0.5,0.2,1024x1024,BaseColor; Normal; Metallic; Roughness; AO; Emission optional,2,1.5,Base center; grid-aligned where modular,Simple mesh/box collider,FBX,Assets/_Game/Art/Environments/undead_crypt/Models,Assets/_Game/Prefabs/Environments/undead_crypt/PF_grave_marker.prefab,undead_crypt_prop,Undead Crypt modular grid; material library,1,Planned,Grid alignment; readable silhouette; no hidden internal geometry; collision-safe; battle center remains clear,,ART_REF_001 + Visual Bible v1.0
env_undead_crypt_hanging_chain_001,Corrente Suspensa,Hanging Chain,3D Model,Environment,prop,Undead Crypt,Modular environment kit,Season 1 - Arc 2,P1,N/A,None,None,Undead Crypt,Yes,Text to 3D,Optional,Modular kit piece,None,None,Yes,300,800,0.5,0.2,1024x1024,BaseColor; Normal; Metallic; Roughness; AO; Emission optional,2,2.5,Base center; grid-aligned where modular,Simple mesh/box collider,FBX,Assets/_Game/Art/Environments/undead_crypt/Models,Assets/_Game/Prefabs/Environments/undead_crypt/PF_hanging_chain.prefab,undead_crypt_prop,Undead Crypt modular grid; material library,1,Planned,Grid alignment; readable silhouette; no hidden internal geometry; collision-safe; battle center remains clear,,ART_REF_001 + Visual Bible v1.0
env_undead_crypt_lich_throne_001,Trono do Lich,Lich Throne,3D Model,Environment,hero prop,Undead Crypt,Modular environment kit,Season 1 - Arc 2,P1,N/A,None,None,Undead Crypt,Yes,Image to 3D,Yes,Modular kit piece,None,None,Yes,3000,7500,0.5,0.2,1024x1024,BaseColor; Normal; Metallic; Roughness; AO; Emission optional,2,4.0,Base center; grid-aligned where modular,Simple mesh/box collider,FBX,Assets/_Game/Art/Environments/undead_crypt/Models,Assets/_Game/Prefabs/Environments/undead_crypt/PF_lich_throne.prefab,undead_crypt_hero prop,Undead Crypt modular grid; material library,1,Planned,Grid alignment; readable silhouette; no hidden internal geometry; collision-safe; battle center remains clear,,ART_REF_001 + Visual Bible v1.0
env_undead_crypt_necromantic_crystal_001,Cristal Necromântico,Necromantic Crystal,3D Model,Environment,prop,Undead Crypt,Modular environment kit,Season 1 - Arc 2,P1,N/A,None,None,Undead Crypt,Yes,Text to 3D,Optional,Modular kit piece,None,None,Yes,500,1400,0.5,0.2,1024x1024,BaseColor; Normal; Metallic; Roughness; AO; Emission optional,2,1.5,Base center; grid-aligned where modular,Simple mesh/box collider,FBX,Assets/_Game/Art/Environments/undead_crypt/Models,Assets/_Game/Prefabs/Environments/undead_crypt/PF_necromantic_crystal.prefab,undead_crypt_prop,Undead Crypt modular grid; material library,1,Planned,Grid alignment; readable silhouette; no hidden internal geometry; collision-safe; battle center remains clear,,ART_REF_001 + Visual Bible v1.0
env_undead_crypt_necromantic_portal_001,Portal Necromântico,Necromantic Portal,3D Model,Environment,hero prop,Undead Crypt,Modular environment kit,Season 1 - Arc 2,P1,N/A,None,None,Undead Crypt,Yes,Image to 3D,Yes,Modular kit piece,None,None,Yes,2500,6500,0.5,0.2,1024x1024,BaseColor; Normal; Metallic; Roughness; AO; Emission optional,2,4.0,Base center; grid-aligned where modular,Simple mesh/box collider,FBX,Assets/_Game/Art/Environments/undead_crypt/Models,Assets/_Game/Prefabs/Environments/undead_crypt/PF_necromantic_portal.prefab,undead_crypt_hero prop,Undead Crypt modular grid; material library,1,Planned,Grid alignment; readable silhouette; no hidden internal geometry; collision-safe; battle center remains clear,,ART_REF_001 + Visual Bible v1.0
env_undead_crypt_ossuary_001,Ossário,Ossuary,3D Model,Environment,prop,Undead Crypt,Modular environment kit,Season 1 - Arc 2,P1,N/A,None,None,Undead Crypt,Yes,Text to 3D,Optional,Modular kit piece,None,None,Yes,1000,2600,0.5,0.2,1024x1024,BaseColor; Normal; Metallic; Roughness; AO; Emission optional,2,2.0,Base center; grid-aligned where modular,Simple mesh/box collider,FBX,Assets/_Game/Art/Environments/undead_crypt/Models,Assets/_Game/Prefabs/Environments/undead_crypt/PF_ossuary.prefab,undead_crypt_prop,Undead Crypt modular grid; material library,1,Planned,Grid alignment; readable silhouette; no hidden internal geometry; collision-safe; battle center remains clear,,ART_REF_001 + Visual Bible v1.0
env_undead_crypt_ritual_altar_001,Altar Ritual,Ritual Altar,3D Model,Environment,hero prop,Undead Crypt,Modular environment kit,Season 1 - Arc 2,P1,N/A,None,None,Undead Crypt,Yes,Image to 3D,Yes,Modular kit piece,None,None,Yes,1800,4500,0.5,0.2,1024x1024,BaseColor; Normal; Metallic; Roughness; AO; Emission optional,2,2.0,Base center; grid-aligned where modular,Simple mesh/box collider,FBX,Assets/_Game/Art/Environments/undead_crypt/Models,Assets/_Game/Prefabs/Environments/undead_crypt/PF_ritual_altar.prefab,undead_crypt_hero prop,Undead Crypt modular grid; material library,1,Planned,Grid alignment; readable silhouette; no hidden internal geometry; collision-safe; battle center remains clear,,ART_REF_001 + Visual Bible v1.0
env_undead_crypt_sarcophagus_001,Sarcófago,Sarcophagus,3D Model,Environment,prop,Undead Crypt,Modular environment kit,Season 1 - Arc 2,P1,N/A,None,None,Undead Crypt,Yes,Text to 3D,Optional,Modular kit piece,None,None,Yes,1200,3000,0.5,0.2,1024x1024,BaseColor; Normal; Metallic; Roughness; AO; Emission optional,2,2.2,Base center; grid-aligned where modular,Simple mesh/box collider,FBX,Assets/_Game/Art/Environments/undead_crypt/Models,Assets/_Game/Prefabs/Environments/undead_crypt/PF_sarcophagus.prefab,undead_crypt_prop,Undead Crypt modular grid; material library,1,Planned,Grid alignment; readable silhouette; no hidden internal geometry; collision-safe; battle center remains clear,,ART_REF_001 + Visual Bible v1.0
env_undead_crypt_spectral_brazier_001,Braseiro Espectral,Spectral Brazier,3D Model,Environment,prop,Undead Crypt,Modular environment kit,Season 1 - Arc 2,P1,N/A,None,None,Undead Crypt,Yes,Text to 3D,Optional,Modular kit piece,None,None,Yes,700,1800,0.5,0.2,1024x1024,BaseColor; Normal; Metallic; Roughness; AO; Emission optional,2,1.5,Base center; grid-aligned where modular,Simple mesh/box collider,FBX,Assets/_Game/Art/Environments/undead_crypt/Models,Assets/_Game/Prefabs/Environments/undead_crypt/PF_spectral_brazier.prefab,undead_crypt_prop,Undead Crypt modular grid; material library,1,Planned,Grid alignment; readable silhouette; no hidden internal geometry; collision-safe; battle center remains clear,,ART_REF_001 + Visual Bible v1.0
env_undead_crypt_spectral_candle_001,Vela Espectral,Spectral Candle,3D Model,Environment,prop,Undead Crypt,Modular environment kit,Season 1 - Arc 2,P1,N/A,None,None,Undead Crypt,Yes,Text to 3D,Optional,Modular kit piece,None,None,Yes,250,600,0.5,0.2,1024x1024,BaseColor; Normal; Metallic; Roughness; AO; Emission optional,2,0.5,Base center; grid-aligned where modular,Simple mesh/box collider,FBX,Assets/_Game/Art/Environments/undead_crypt/Models,Assets/_Game/Prefabs/Environments/undead_crypt/PF_spectral_candle.prefab,undead_crypt_prop,Undead Crypt modular grid; material library,1,Planned,Grid alignment; readable silhouette; no hidden internal geometry; collision-safe; battle center remains clear,,ART_REF_001 + Visual Bible v1.0
boss_demon_lord_001,Lorde Demônio,Demon Lord,3D Model,Character,Enemy Boss,Demon,multiphase destruction,Season 1 - Arc 3,P1,N/A,None,None,Global,Yes,Multi-view Image to 3D,Yes,Full body + separate weapon where applicable,Humanoid,anim_boss_demon_lord,Yes,10000,15000,0.5,0.25,2048x2048,BaseColor; Normal; Metallic; Roughness; AO; Emission optional,3,3.0,Between feet at ground,Capsule/compound hit boxes,FBX,Assets/_Game/Art/Characters/Enemies/Demon/demon_lord_001/Models,Assets/_Game/Prefabs/Characters/Enemies/Demon/PF_demon_lord_001.prefab,demon_boss_body,Approved character sheet; faction material library; weapon prop if armed,1,Planned,Readable combat role; faction silhouette; valid rig pose; no fused weapon; no accidental detached pieces,,ART_REF_001 + Visual Bible v1.0
boss_incubus_warden_001,Guardião Íncubo,Incubus Warden,3D Model,Character,Enemy Boss,Demon,duelist control,Season 1 - Arc 3,P1,N/A,None,None,Global,Yes,Multi-view Image to 3D,Yes,Full body + separate weapon where applicable,Humanoid,anim_boss_incubus_warden,Yes,7000,10000,0.5,0.25,2048x2048,BaseColor; Normal; Metallic; Roughness; AO; Emission optional,3,1.95,Between feet at ground,Capsule/compound hit boxes,FBX,Assets/_Game/Art/Characters/Enemies/Demon/incubus_warden_001/Models,Assets/_Game/Prefabs/Characters/Enemies/Demon/PF_incubus_warden_001.prefab,demon_boss_body,Approved character sheet; faction material library; weapon prop if armed,1,Planned,Readable combat role; faction silhouette; valid rig pose; no fused weapon; no accidental detached pieces,,ART_REF_001 + Visual Bible v1.0
enemy_imp_001,Diabrete,Imp,3D Model,Character,Enemy,Demon,fast harassment,Season 1 - Arc 3,P1,N/A,None,None,Global,Yes,Image to 3D,Yes,Full body + separate weapon where applicable,Humanoid,anim_enemy_imp,Yes,3000,5000,0.5,0.25,1024x1024,BaseColor; Normal; Metallic; Roughness; AO; Emission optional,3,1.15,Between feet at ground,Capsule/compound hit boxes,FBX,Assets/_Game/Art/Characters/Enemies/Demon/imp_001/Models,Assets/_Game/Prefabs/Characters/Enemies/Demon/PF_imp_001.prefab,demon_common_body,Approved character sheet; faction material library; weapon prop if armed,1,Planned,Readable combat role; faction silhouette; valid rig pose; no fused weapon; no accidental detached pieces,,ART_REF_001 + Visual Bible v1.0
enemy_imp_legionary_001,Legionário Diabrete,Imp Legionary,3D Model,Character,Enemy,Demon,formation melee,Season 1 - Arc 3,P1,N/A,None,None,Global,Yes,Image to 3D,Yes,Full body + separate weapon where applicable,Humanoid,anim_enemy_imp_melee,Yes,3000,5000,0.5,0.25,1024x1024,BaseColor; Normal; Metallic; Roughness; AO; Emission optional,3,1.15,Between feet at ground,Capsule/compound hit boxes,FBX,Assets/_Game/Art/Characters/Enemies/Demon/imp_legionary_001/Models,Assets/_Game/Prefabs/Characters/Enemies/Demon/PF_imp_legionary_001.prefab,demon_common_body,Approved character sheet; faction material library; weapon prop if armed,1,Planned,Readable combat role; faction silhouette; valid rig pose; no fused weapon; no accidental detached pieces,,ART_REF_001 + Visual Bible v1.0
enemy_imp_pyromancer_001,Piromante Diabrete,Imp Pyromancer,3D Model,Character,Enemy,Demon,fire area magic,Season 1 - Arc 3,P1,N/A,None,None,Global,Yes,Image to 3D,Yes,Full body + separate weapon where applicable,Humanoid,anim_enemy_imp_caster,Yes,3500,5500,0.5,0.25,1024x1024,BaseColor; Normal; Metallic; Roughness; AO; Emission optional,3,1.15,Between feet at ground,Capsule/compound hit boxes,FBX,Assets/_Game/Art/Characters/Enemies/Demon/imp_pyromancer_001/Models,Assets/_Game/Prefabs/Characters/Enemies/Demon/PF_imp_pyromancer_001.prefab,demon_special_body,Approved character sheet; faction material library; weapon prop if armed,1,Planned,Readable combat role; faction silhouette; valid rig pose; no fused weapon; no accidental detached pieces,,ART_REF_001 + Visual Bible v1.0
enemy_imp_skirmisher_001,Escaramuçador Diabrete,Imp Skirmisher,3D Model,Character,Enemy,Demon,mobile ranged,Season 1 - Arc 3,P1,N/A,None,None,Global,Yes,Image to 3D,Yes,Full body + separate weapon where applicable,Humanoid,anim_enemy_imp_ranged,Yes,3000,5000,0.5,0.25,1024x1024,BaseColor; Normal; Metallic; Roughness; AO; Emission optional,3,1.15,Between feet at ground,Capsule/compound hit boxes,FBX,Assets/_Game/Art/Characters/Enemies/Demon/imp_skirmisher_001/Models,Assets/_Game/Prefabs/Characters/Enemies/Demon/PF_imp_skirmisher_001.prefab,demon_common_body,Approved character sheet; faction material library; weapon prop if armed,1,Planned,Readable combat role; faction silhouette; valid rig pose; no fused weapon; no accidental detached pieces,,ART_REF_001 + Visual Bible v1.0
env_infernal_fortress_basalt_floor_tile_001,Piso de Basalto,Basalt Floor Tile,3D Model,Environment,tile,Infernal Fortress,Modular environment kit,Season 1 - Arc 3,P1,N/A,None,None,Infernal Fortress,Yes,Text to 3D,Optional,Modular kit piece,None,None,Yes,700,1800,0.5,0.2,1024x1024,BaseColor; Normal; Metallic; Roughness; AO; Emission optional,2,4.0,Base center; grid-aligned where modular,Simple mesh/box collider,FBX,Assets/_Game/Art/Environments/infernal_fortress/Models,Assets/_Game/Prefabs/Environments/infernal_fortress/PF_basalt_floor_tile.prefab,infernal_fortress_tile,Infernal Fortress modular grid; material library,1,Planned,Grid alignment; readable silhouette; no hidden internal geometry; collision-safe; battle center remains clear,,ART_REF_001 + Visual Bible v1.0
env_infernal_fortress_demon_lord_throne_001,Trono do Lorde Demônio,Demon Lord Throne,3D Model,Environment,hero prop,Infernal Fortress,Modular environment kit,Season 1 - Arc 3,P1,N/A,None,None,Infernal Fortress,Yes,Image to 3D,Yes,Modular kit piece,None,None,Yes,3500,9000,0.5,0.2,1024x1024,BaseColor; Normal; Metallic; Roughness; AO; Emission optional,2,5.0,Base center; grid-aligned where modular,Simple mesh/box collider,FBX,Assets/_Game/Art/Environments/infernal_fortress/Models,Assets/_Game/Prefabs/Environments/infernal_fortress/PF_demon_lord_throne.prefab,infernal_fortress_hero prop,Infernal Fortress modular grid; material library,1,Planned,Grid alignment; readable silhouette; no hidden internal geometry; collision-safe; battle center remains clear,,ART_REF_001 + Visual Bible v1.0
env_infernal_fortress_demon_weapon_rack_001,Arsenal Demoníaco,Demon Weapon Rack,3D Model,Environment,prop,Infernal Fortress,Modular environment kit,Season 1 - Arc 3,P1,N/A,None,None,Infernal Fortress,Yes,Text to 3D,Optional,Modular kit piece,None,None,Yes,1200,3000,0.5,0.2,1024x1024,BaseColor; Normal; Metallic; Roughness; AO; Emission optional,2,2.2,Base center; grid-aligned where modular,Simple mesh/box collider,FBX,Assets/_Game/Art/Environments/infernal_fortress/Models,Assets/_Game/Prefabs/Environments/infernal_fortress/PF_demon_weapon_rack.prefab,infernal_fortress_prop,Infernal Fortress modular grid; material library,1,Planned,Grid alignment; readable silhouette; no hidden internal geometry; collision-safe; battle center remains clear,,ART_REF_001 + Visual Bible v1.0
env_infernal_fortress_demonic_pillar_001,Pilar Demoníaco,Demonic Pillar,3D Model,Environment,structure,Infernal Fortress,Modular environment kit,Season 1 - Arc 3,P1,N/A,None,None,Infernal Fortress,Yes,Image to 3D,Yes,Modular kit piece,None,None,Yes,1300,3500,0.5,0.2,1024x1024,BaseColor; Normal; Metallic; Roughness; AO; Emission optional,2,3.5,Base center; grid-aligned where modular,Simple mesh/box collider,FBX,Assets/_Game/Art/Environments/infernal_fortress/Models,Assets/_Game/Prefabs/Environments/infernal_fortress/PF_demonic_pillar.prefab,infernal_fortress_structure,Infernal Fortress modular grid; material library,1,Planned,Grid alignment; readable silhouette; no hidden internal geometry; collision-safe; battle center remains clear,,ART_REF_001 + Visual Bible v1.0
env_infernal_fortress_infernal_arch_001,Arco Infernal,Infernal Arch,3D Model,Environment,structure,Infernal Fortress,Modular environment kit,Season 1 - Arc 3,P1,N/A,None,None,Infernal Fortress,Yes,Image to 3D,Yes,Modular kit piece,None,None,Yes,1500,4000,0.5,0.2,1024x1024,BaseColor; Normal; Metallic; Roughness; AO; Emission optional,2,4.0,Base center; grid-aligned where modular,Simple mesh/box collider,FBX,Assets/_Game/Art/Environments/infernal_fortress/Models,Assets/_Game/Prefabs/Environments/infernal_fortress/PF_infernal_arch.prefab,infernal_fortress_structure,Infernal Fortress modular grid; material library,1,Planned,Grid alignment; readable silhouette; no hidden internal geometry; collision-safe; battle center remains clear,,ART_REF_001 + Visual Bible v1.0
env_infernal_fortress_infernal_arena_ring_001,Anel da Arena Infernal,Infernal Arena Ring,3D Model,Environment,large prop,Infernal Fortress,Modular environment kit,Season 1 - Arc 3,P1,N/A,None,None,Infernal Fortress,Yes,Image to 3D,Yes,Modular kit piece,None,None,Yes,2500,7000,0.5,0.2,1024x1024,BaseColor; Normal; Metallic; Roughness; AO; Emission optional,2,8.0,Base center; grid-aligned where modular,Simple mesh/box collider,FBX,Assets/_Game/Art/Environments/infernal_fortress/Models,Assets/_Game/Prefabs/Environments/infernal_fortress/PF_infernal_arena_ring.prefab,infernal_fortress_large prop,Infernal Fortress modular grid; material library,1,Planned,Grid alignment; readable silhouette; no hidden internal geometry; collision-safe; battle center remains clear,,ART_REF_001 + Visual Bible v1.0
env_infernal_fortress_infernal_brazier_001,Braseiro Infernal,Infernal Brazier,3D Model,Environment,prop,Infernal Fortress,Modular environment kit,Season 1 - Arc 3,P1,N/A,None,None,Infernal Fortress,Yes,Text to 3D,Optional,Modular kit piece,None,None,Yes,800,2000,0.5,0.2,1024x1024,BaseColor; Normal; Metallic; Roughness; AO; Emission optional,2,1.6,Base center; grid-aligned where modular,Simple mesh/box collider,FBX,Assets/_Game/Art/Environments/infernal_fortress/Models,Assets/_Game/Prefabs/Environments/infernal_fortress/PF_infernal_brazier.prefab,infernal_fortress_prop,Infernal Fortress modular grid; material library,1,Planned,Grid alignment; readable silhouette; no hidden internal geometry; collision-safe; battle center remains clear,,ART_REF_001 + Visual Bible v1.0
env_infernal_fortress_infernal_bridge_001,Ponte Infernal,Infernal Bridge,3D Model,Environment,large prop,Infernal Fortress,Modular environment kit,Season 1 - Arc 3,P1,N/A,None,None,Infernal Fortress,Yes,Image to 3D,Yes,Modular kit piece,None,None,Yes,2500,6500,0.5,0.2,1024x1024,BaseColor; Normal; Metallic; Roughness; AO; Emission optional,2,7.0,Base center; grid-aligned where modular,Simple mesh/box collider,FBX,Assets/_Game/Art/Environments/infernal_fortress/Models,Assets/_Game/Prefabs/Environments/infernal_fortress/PF_infernal_bridge.prefab,infernal_fortress_large prop,Infernal Fortress modular grid; material library,1,Planned,Grid alignment; readable silhouette; no hidden internal geometry; collision-safe; battle center remains clear,,ART_REF_001 + Visual Bible v1.0
env_infernal_fortress_infernal_cage_001,Jaula Infernal,Infernal Cage,3D Model,Environment,prop,Infernal Fortress,Modular environment kit,Season 1 - Arc 3,P1,N/A,None,None,Infernal Fortress,Yes,Text to 3D,Optional,Modular kit piece,None,None,Yes,1000,2800,0.5,0.2,1024x1024,BaseColor; Normal; Metallic; Roughness; AO; Emission optional,2,2.5,Base center; grid-aligned where modular,Simple mesh/box collider,FBX,Assets/_Game/Art/Environments/infernal_fortress/Models,Assets/_Game/Prefabs/Environments/infernal_fortress/PF_infernal_cage.prefab,infernal_fortress_prop,Infernal Fortress modular grid; material library,1,Planned,Grid alignment; readable silhouette; no hidden internal geometry; collision-safe; battle center remains clear,,ART_REF_001 + Visual Bible v1.0
env_infernal_fortress_infernal_chain_001,Corrente Infernal,Infernal Chain,3D Model,Environment,prop,Infernal Fortress,Modular environment kit,Season 1 - Arc 3,P1,N/A,None,None,Infernal Fortress,Yes,Text to 3D,Optional,Modular kit piece,None,None,Yes,400,1000,0.5,0.2,1024x1024,BaseColor; Normal; Metallic; Roughness; AO; Emission optional,2,3.0,Base center; grid-aligned where modular,Simple mesh/box collider,FBX,Assets/_Game/Art/Environments/infernal_fortress/Models,Assets/_Game/Prefabs/Environments/infernal_fortress/PF_infernal_chain.prefab,infernal_fortress_prop,Infernal Fortress modular grid; material library,1,Planned,Grid alignment; readable silhouette; no hidden internal geometry; collision-safe; battle center remains clear,,ART_REF_001 + Visual Bible v1.0
env_infernal_fortress_infernal_crystal_001,Cristal Infernal,Infernal Crystal,3D Model,Environment,prop,Infernal Fortress,Modular environment kit,Season 1 - Arc 3,P1,N/A,None,None,Infernal Fortress,Yes,Text to 3D,Optional,Modular kit piece,None,None,Yes,600,1600,0.5,0.2,1024x1024,BaseColor; Normal; Metallic; Roughness; AO; Emission optional,2,1.6,Base center; grid-aligned where modular,Simple mesh/box collider,FBX,Assets/_Game/Art/Environments/infernal_fortress/Models,Assets/_Game/Prefabs/Environments/infernal_fortress/PF_infernal_crystal.prefab,infernal_fortress_prop,Infernal Fortress modular grid; material library,1,Planned,Grid alignment; readable silhouette; no hidden internal geometry; collision-safe; battle center remains clear,,ART_REF_001 + Visual Bible v1.0
env_infernal_fortress_infernal_gate_001,Portão Infernal,Infernal Gate,3D Model,Environment,large prop,Infernal Fortress,Modular environment kit,Season 1 - Arc 3,P1,N/A,None,None,Infernal Fortress,Yes,Image to 3D,Yes,Modular kit piece,None,None,Yes,3000,7500,0.5,0.2,1024x1024,BaseColor; Normal; Metallic; Roughness; AO; Emission optional,2,5.5,Base center; grid-aligned where modular,Simple mesh/box collider,FBX,Assets/_Game/Art/Environments/infernal_fortress/Models,Assets/_Game/Prefabs/Environments/infernal_fortress/PF_infernal_gate.prefab,infernal_fortress_large prop,Infernal Fortress modular grid; material library,1,Planned,Grid alignment; readable silhouette; no hidden internal geometry; collision-safe; battle center remains clear,,ART_REF_001 + Visual Bible v1.0
env_infernal_fortress_infernal_platform_001,Plataforma Infernal,Infernal Platform,3D Model,Environment,large prop,Infernal Fortress,Modular environment kit,Season 1 - Arc 3,P1,N/A,None,None,Infernal Fortress,Yes,Image to 3D,Yes,Modular kit piece,None,None,Yes,2200,5500,0.5,0.2,1024x1024,BaseColor; Normal; Metallic; Roughness; AO; Emission optional,2,5.0,Base center; grid-aligned where modular,Simple mesh/box collider,FBX,Assets/_Game/Art/Environments/infernal_fortress/Models,Assets/_Game/Prefabs/Environments/infernal_fortress/PF_infernal_platform.prefab,infernal_fortress_large prop,Infernal Fortress modular grid; material library,1,Planned,Grid alignment; readable silhouette; no hidden internal geometry; collision-safe; battle center remains clear,,ART_REF_001 + Visual Bible v1.0
env_infernal_fortress_infernal_portal_001,Portal Infernal,Infernal Portal,3D Model,Environment,hero prop,Infernal Fortress,Modular environment kit,Season 1 - Arc 3,P1,N/A,None,None,Infernal Fortress,Yes,Image to 3D,Yes,Modular kit piece,None,None,Yes,3000,8000,0.5,0.2,1024x1024,BaseColor; Normal; Metallic; Roughness; AO; Emission optional,2,4.5,Base center; grid-aligned where modular,Simple mesh/box collider,FBX,Assets/_Game/Art/Environments/infernal_fortress/Models,Assets/_Game/Prefabs/Environments/infernal_fortress/PF_infernal_portal.prefab,infernal_fortress_hero prop,Infernal Fortress modular grid; material library,1,Planned,Grid alignment; readable silhouette; no hidden internal geometry; collision-safe; battle center remains clear,,ART_REF_001 + Visual Bible v1.0
env_infernal_fortress_infernal_wall_corner_001,Canto Infernal,Infernal Wall Corner,3D Model,Environment,wall,Infernal Fortress,Modular environment kit,Season 1 - Arc 3,P1,N/A,None,None,Infernal Fortress,Yes,Image to 3D,Yes,Modular kit piece,None,None,Yes,1700,4800,0.5,0.2,1024x1024,BaseColor; Normal; Metallic; Roughness; AO; Emission optional,2,4.0,Base center; grid-aligned where modular,Simple mesh/box collider,FBX,Assets/_Game/Art/Environments/infernal_fortress/Models,Assets/_Game/Prefabs/Environments/infernal_fortress/PF_infernal_wall_corner.prefab,infernal_fortress_wall,Infernal Fortress modular grid; material library,1,Planned,Grid alignment; readable silhouette; no hidden internal geometry; collision-safe; battle center remains clear,,ART_REF_001 + Visual Bible v1.0
env_infernal_fortress_infernal_wall_straight_001,Muralha Infernal,Infernal Wall,3D Model,Environment,wall,Infernal Fortress,Modular environment kit,Season 1 - Arc 3,P1,N/A,None,None,Infernal Fortress,Yes,Image to 3D,Yes,Modular kit piece,None,None,Yes,1500,4200,0.5,0.2,1024x1024,BaseColor; Normal; Metallic; Roughness; AO; Emission optional,2,4.0,Base center; grid-aligned where modular,Simple mesh/box collider,FBX,Assets/_Game/Art/Environments/infernal_fortress/Models,Assets/_Game/Prefabs/Environments/infernal_fortress/PF_infernal_wall_straight.prefab,infernal_fortress_wall,Infernal Fortress modular grid; material library,1,Planned,Grid alignment; readable silhouette; no hidden internal geometry; collision-safe; battle center remains clear,,ART_REF_001 + Visual Bible v1.0
env_infernal_fortress_lava_channel_bend_001,Curva de Canal de Lava,Lava Channel Bend,3D Model,Environment,tile,Infernal Fortress,Modular environment kit,Season 1 - Arc 3,P1,N/A,None,None,Infernal Fortress,Yes,Text to 3D,Optional,Modular kit piece,None,None,Yes,800,2000,0.5,0.2,1024x1024,BaseColor; Normal; Metallic; Roughness; AO; Emission optional,2,4.0,Base center; grid-aligned where modular,Simple mesh/box collider,FBX,Assets/_Game/Art/Environments/infernal_fortress/Models,Assets/_Game/Prefabs/Environments/infernal_fortress/PF_lava_channel_bend.prefab,infernal_fortress_tile,Infernal Fortress modular grid; material library,1,Planned,Grid alignment; readable silhouette; no hidden internal geometry; collision-safe; battle center remains clear,,ART_REF_001 + Visual Bible v1.0
env_infernal_fortress_lava_channel_straight_001,Canal de Lava Reto,Straight Lava Channel,3D Model,Environment,tile,Infernal Fortress,Modular environment kit,Season 1 - Arc 3,P1,N/A,None,None,Infernal Fortress,Yes,Text to 3D,Optional,Modular kit piece,None,None,Yes,700,1800,0.5,0.2,1024x1024,BaseColor; Normal; Metallic; Roughness; AO; Emission optional,2,4.0,Base center; grid-aligned where modular,Simple mesh/box collider,FBX,Assets/_Game/Art/Environments/infernal_fortress/Models,Assets/_Game/Prefabs/Environments/infernal_fortress/PF_lava_channel_straight.prefab,infernal_fortress_tile,Infernal Fortress modular grid; material library,1,Planned,Grid alignment; readable silhouette; no hidden internal geometry; collision-safe; battle center remains clear,,ART_REF_001 + Visual Bible v1.0
env_infernal_fortress_lava_fall_001,Cascata de Lava,Lava Fall,3D Model,Environment,environment effect mesh,Infernal Fortress,Modular environment kit,Season 1 - Arc 3,P1,N/A,None,None,Infernal Fortress,Yes,Image to 3D,Yes,Modular kit piece,None,None,Yes,1000,3000,0.5,0.2,1024x1024,BaseColor; Normal; Metallic; Roughness; AO; Emission optional,2,5.0,Base center; grid-aligned where modular,Simple mesh/box collider,FBX,Assets/_Game/Art/Environments/infernal_fortress/Models,Assets/_Game/Prefabs/Environments/infernal_fortress/PF_lava_fall.prefab,infernal_fortress_environment effect mesh,Infernal Fortress modular grid; material library,1,Planned,Grid alignment; readable silhouette; no hidden internal geometry; collision-safe; battle center remains clear,,ART_REF_001 + Visual Bible v1.0
env_infernal_fortress_spike_barricade_001,Barricada de Espinhos,Spike Barricade,3D Model,Environment,prop,Infernal Fortress,Modular environment kit,Season 1 - Arc 3,P1,N/A,None,None,Infernal Fortress,Yes,Text to 3D,Optional,Modular kit piece,None,None,Yes,1100,2800,0.5,0.2,1024x1024,BaseColor; Normal; Metallic; Roughness; AO; Emission optional,2,2.5,Base center; grid-aligned where modular,Simple mesh/box collider,FBX,Assets/_Game/Art/Environments/infernal_fortress/Models,Assets/_Game/Prefabs/Environments/infernal_fortress/PF_spike_barricade.prefab,infernal_fortress_prop,Infernal Fortress modular grid; material library,1,Planned,Grid alignment; readable silhouette; no hidden internal geometry; collision-safe; battle center remains clear,,ART_REF_001 + Visual Bible v1.0
anim_boss_demon_lord,Animações — Lorde Demônio,Demon Lord Animation Set,Animation,Animation,Animation Set,Demon,Reusable animation library,Season 1,P1,N/A,None,None,Global,Partial,Meshy Animate + manual cleanup,No,Reusable clips on shared skeleton,Humanoid,intro; idle; walk; attack1; attack2; area; phase; ultimate; hit; stagger; death,No,0,0,0,0,N/A,N/A,0,0,N/A,None,FBX animation clips,Assets/_Game/Art/Animations/Demon,N/A,anim_boss_demon_lord,Approved rig; root motion policy; event markers,11,Planned,Loop quality; no foot sliding; stable root; correct weapon sockets; combat event timing documented,,ART_REF_001 + Visual Bible v1.0
anim_boss_goblin_chieftain,Animações — Chefe Goblin,Goblin Chieftain Animation Set,Animation,Animation,Animation Set,Goblin,Reusable animation library,Season 1,P1,N/A,None,None,Global,Partial,Meshy Animate + manual cleanup,No,Reusable clips on shared skeleton,Humanoid,intro; idle; run; attack1; attack2; special; hit; stagger; death; victory,No,0,0,0,0,N/A,N/A,0,0,N/A,None,FBX animation clips,Assets/_Game/Art/Animations/Goblin,N/A,anim_boss_goblin_chieftain,Approved rig; root motion policy; event markers,10,Planned,Loop quality; no foot sliding; stable root; correct weapon sockets; combat event timing documented,,ART_REF_001 + Visual Bible v1.0
anim_boss_goblin_king,Animações — Rei Goblin,Goblin King Animation Set,Animation,Animation,Animation Set,Goblin,Reusable animation library,Season 1,P1,N/A,None,None,Global,Partial,Meshy Animate + manual cleanup,No,Reusable clips on shared skeleton,Humanoid,intro; idle; run; attack1; attack2; summon; phase; ultimate; hit; stagger; death,No,0,0,0,0,N/A,N/A,0,0,N/A,None,FBX animation clips,Assets/_Game/Art/Animations/Goblin,N/A,anim_boss_goblin_king,Approved rig; root motion policy; event markers,11,Planned,Loop quality; no foot sliding; stable root; correct weapon sockets; combat event timing documented,,ART_REF_001 + Visual Bible v1.0
anim_boss_incubus_warden,Animações — Guardião Íncubo,Incubus Warden Animation Set,Animation,Animation,Animation Set,Demon,Reusable animation library,Season 1,P1,N/A,None,None,Global,Partial,Meshy Animate + manual cleanup,No,Reusable clips on shared skeleton,Humanoid,intro; idle; dash; attack1; attack2; control; hit; death,No,0,0,0,0,N/A,N/A,0,0,N/A,None,FBX animation clips,Assets/_Game/Art/Animations/Demon,N/A,anim_boss_incubus_warden,Approved rig; root motion policy; event markers,8,Planned,Loop quality; no foot sliding; stable root; correct weapon sockets; combat event timing documented,,ART_REF_001 + Visual Bible v1.0
anim_boss_lich,Animações — Lich,Lich Boss Animation Set,Animation,Animation,Animation Set,Undead,Reusable animation library,Season 1,P1,N/A,None,None,Global,Partial,Meshy Animate + manual cleanup,No,Reusable clips on shared skeleton,Humanoid,intro; float-idle; cast1; cast2; summon; phase; ultimate; hit; death,No,0,0,0,0,N/A,N/A,0,0,N/A,None,FBX animation clips,Assets/_Game/Art/Animations/Undead,N/A,anim_boss_lich,Approved rig; root motion policy; event markers,9,Planned,Loop quality; no foot sliding; stable root; correct weapon sockets; combat event timing documented,,ART_REF_001 + Visual Bible v1.0
anim_enemy_ghoul,Animações — Carniçal,Ghoul Animation Set,Animation,Animation,Animation Set,Undead,Reusable animation library,Season 1,P1,N/A,None,None,Global,Partial,Meshy Animate + manual cleanup,No,Reusable clips on shared skeleton,Generic,idle; crawl-run; claw; leap; hit; death,No,0,0,0,0,N/A,N/A,0,0,N/A,None,FBX animation clips,Assets/_Game/Art/Animations/Undead,N/A,anim_enemy_ghoul,Approved rig; root motion policy; event markers,6,Planned,Loop quality; no foot sliding; stable root; correct weapon sockets; combat event timing documented,,ART_REF_001 + Visual Bible v1.0
anim_enemy_humanoid_caster,Animações — Inimigo Caster,Enemy Caster Animation Set,Animation,Animation,Animation Set,Global,Reusable animation library,Season 1,P1,N/A,None,None,Global,Partial,Meshy Animate + manual cleanup,No,Reusable clips on shared skeleton,Humanoid,idle; walk; cast; channel; hit; death,No,0,0,0,0,N/A,N/A,0,0,N/A,None,FBX animation clips,Assets/_Game/Art/Animations/Global,N/A,anim_enemy_humanoid_caster,Approved rig; root motion policy; event markers,6,Planned,Loop quality; no foot sliding; stable root; correct weapon sockets; combat event timing documented,,ART_REF_001 + Visual Bible v1.0
anim_enemy_humanoid_melee,Animações — Inimigo Melee,Enemy Melee Animation Set,Animation,Animation,Animation Set,Global,Reusable animation library,Season 1,P1,N/A,None,None,Global,Partial,Meshy Animate + manual cleanup,No,Reusable clips on shared skeleton,Humanoid,idle; walk; run; attack; hit; death,No,0,0,0,0,N/A,N/A,0,0,N/A,None,FBX animation clips,Assets/_Game/Art/Animations/Global,N/A,anim_enemy_humanoid_melee,Approved rig; root motion policy; event markers,6,Planned,Loop quality; no foot sliding; stable root; correct weapon sockets; combat event timing documented,,ART_REF_001 + Visual Bible v1.0
anim_enemy_humanoid_ranged,Animações — Inimigo Ranged,Enemy Ranged Animation Set,Animation,Animation,Animation Set,Global,Reusable animation library,Season 1,P1,N/A,None,None,Global,Partial,Meshy Animate + manual cleanup,No,Reusable clips on shared skeleton,Humanoid,idle; walk; run; shoot; hit; death,No,0,0,0,0,N/A,N/A,0,0,N/A,None,FBX animation clips,Assets/_Game/Art/Animations/Global,N/A,anim_enemy_humanoid_ranged,Approved rig; root motion policy; event markers,6,Planned,Loop quality; no foot sliding; stable root; correct weapon sockets; combat event timing documented,,ART_REF_001 + Visual Bible v1.0
anim_enemy_imp,Animações — Diabrete,Imp Animation Set,Animation,Animation,Animation Set,Demon,Reusable animation library,Season 1,P1,N/A,None,None,Global,Partial,Meshy Animate + manual cleanup,No,Reusable clips on shared skeleton,Humanoid,idle; scamper; attack; taunt; hit; death,No,0,0,0,0,N/A,N/A,0,0,N/A,None,FBX animation clips,Assets/_Game/Art/Animations/Demon,N/A,anim_enemy_imp,Approved rig; root motion policy; event markers,6,Planned,Loop quality; no foot sliding; stable root; correct weapon sockets; combat event timing documented,,ART_REF_001 + Visual Bible v1.0
prop_demon_lord_crown_001,Coroa do Lorde Demônio,Demon Lord Crown,3D Model,Character Prop,crown,Demon,Equipment for Demon Lord,Season 1,P1,N/A,None,None,Global,Yes,Image to 3D,Yes,Separate prop/socketed,None,Socketed to character,Yes,700,1800,0.5,0.2,1024x1024,BaseColor; Normal; Metallic; Roughness; AO; Emission optional,2,0.8,Grip/socket point; local forward +Z,Simple box/capsule or none,FBX,Assets/_Game/Art/Equipment/CharacterProps/Demon,Assets/_Game/Prefabs/Equipment/prop_demon_lord_crown_001.prefab,demon_crown,Character socket standard; Demon Lord concept,1,Planned,Correct grip pivot; no hand attached; safe silhouette; no thin fragile pieces,,ART_REF_001 + Visual Bible v1.0
prop_imp_pyromancer_focus_001,Foco Piromântico,Imp Pyromancer Focus,3D Model,Character Prop,magic focus,Demon,Equipment for Imp Pyromancer,Season 1,P1,N/A,None,None,Global,Yes,Image to 3D,Yes,Separate prop/socketed,None,Socketed to character,Yes,700,1800,0.5,0.2,1024x1024,BaseColor; Normal; Metallic; Roughness; AO; Emission optional,2,0.8,Grip/socket point; local forward +Z,Simple box/capsule or none,FBX,Assets/_Game/Art/Equipment/CharacterProps/Demon,Assets/_Game/Prefabs/Equipment/prop_imp_pyromancer_focus_001.prefab,demon_magic focus,Character socket standard; Imp Pyromancer concept,1,Planned,Correct grip pivot; no hand attached; safe silhouette; no thin fragile pieces,,ART_REF_001 + Visual Bible v1.0
prop_lich_phylactery_001,Filactério do Lich,Lich Phylactery,3D Model,Character Prop,relic,Undead,Equipment for Lich,Season 1,P1,N/A,None,None,Global,Yes,Image to 3D,Yes,Separate prop/socketed,None,Socketed to character,Yes,700,1800,0.5,0.2,1024x1024,BaseColor; Normal; Metallic; Roughness; AO; Emission optional,2,0.8,Grip/socket point; local forward +Z,Simple box/capsule or none,FBX,Assets/_Game/Art/Equipment/CharacterProps/Undead,Assets/_Game/Prefabs/Equipment/prop_lich_phylactery_001.prefab,undead_relic,Character socket standard; Lich concept,1,Planned,Correct grip pivot; no hand attached; safe silhouette; no thin fragile pieces,,ART_REF_001 + Visual Bible v1.0
weapon_bone_acolyte_staff_001,Cajado do Acólito Ósseo,Bone Acolyte Staff,3D Model,Character Prop,staff,Undead,Equipment for Acolyte,Season 1,P1,N/A,None,None,Global,Yes,Image to 3D,Yes,Separate prop/socketed,None,Socketed to character,Yes,1000,3000,0.5,0.2,1024x1024,BaseColor; Normal; Metallic; Roughness; AO; Emission optional,2,1.5,Grip/socket point; local forward +Z,Simple box/capsule or none,FBX,Assets/_Game/Art/Equipment/CharacterProps/Undead,Assets/_Game/Prefabs/Equipment/weapon_bone_acolyte_staff_001.prefab,undead_staff,Character socket standard; Acolyte concept,1,Planned,Correct grip pivot; no hand attached; safe silhouette; no thin fragile pieces,,ART_REF_001 + Visual Bible v1.0
weapon_bone_knight_greatsword_001,Montante do Cavaleiro Ósseo,Bone Knight Greatsword,3D Model,Character Prop,2H sword,Undead,Equipment for Bone Knight,Season 1,P1,N/A,None,None,Global,Yes,Image to 3D,Yes,Separate prop/socketed,None,Socketed to character,Yes,1000,3000,0.5,0.2,1024x1024,BaseColor; Normal; Metallic; Roughness; AO; Emission optional,2,1.5,Grip/socket point; local forward +Z,Simple box/capsule or none,FBX,Assets/_Game/Art/Equipment/CharacterProps/Undead,Assets/_Game/Prefabs/Equipment/weapon_bone_knight_greatsword_001.prefab,undead_2H sword,Character socket standard; Bone Knight concept,1,Planned,Correct grip pivot; no hand attached; safe silhouette; no thin fragile pieces,,ART_REF_001 + Visual Bible v1.0
weapon_bone_knight_shield_001,Escudo do Cavaleiro Ósseo,Bone Knight Shield,3D Model,Character Prop,shield,Undead,Equipment for Bone Knight,Season 1,P1,N/A,None,None,Global,Yes,Image to 3D,Yes,Separate prop/socketed,None,Socketed to character,Yes,1000,3000,0.5,0.2,1024x1024,BaseColor; Normal; Metallic; Roughness; AO; Emission optional,2,0.8,Grip/socket point; local forward +Z,Simple box/capsule or none,FBX,Assets/_Game/Art/Equipment/CharacterProps/Undead,Assets/_Game/Prefabs/Equipment/weapon_bone_knight_shield_001.prefab,undead_shield,Character socket standard; Bone Knight concept,1,Planned,Correct grip pivot; no hand attached; safe silhouette; no thin fragile pieces,,ART_REF_001 + Visual Bible v1.0
weapon_demon_lord_greatblade_001,Grande Lâmina do Lorde Demônio,Demon Lord Greatblade,3D Model,Character Prop,2H sword,Demon,Equipment for Demon Lord,Season 1,P1,N/A,None,None,Global,Yes,Image to 3D,Yes,Separate prop/socketed,None,Socketed to character,Yes,1000,3000,0.5,0.2,1024x1024,BaseColor; Normal; Metallic; Roughness; AO; Emission optional,2,1.5,Grip/socket point; local forward +Z,Simple box/capsule or none,FBX,Assets/_Game/Art/Equipment/CharacterProps/Demon,Assets/_Game/Prefabs/Equipment/weapon_demon_lord_greatblade_001.prefab,demon_2H sword,Character socket standard; Demon Lord concept,1,Planned,Correct grip pivot; no hand attached; safe silhouette; no thin fragile pieces,,ART_REF_001 + Visual Bible v1.0
weapon_hero_mage_grimoire_001,Grimório do Mago,Mage Grimoire,3D Model,Character Prop,book,Heroes,Equipment for Mage,Season 1,P1,N/A,None,None,Global,Yes,Image to 3D,Yes,Separate prop/socketed,None,Socketed to character,Yes,700,1800,0.5,0.2,1024x1024,BaseColor; Normal; Metallic; Roughness; AO; Emission optional,2,0.8,Grip/socket point; local forward +Z,Simple box/capsule or none,FBX,Assets/_Game/Art/Equipment/CharacterProps/Heroes,Assets/_Game/Prefabs/Equipment/weapon_hero_mage_grimoire_001.prefab,heroes_book,Character socket standard; Mage concept,1,Planned,Correct grip pivot; no hand attached; safe silhouette; no thin fragile pieces,,ART_REF_001 + Visual Bible v1.0
weapon_imp_dagger_001,Adaga de Diabrete,Imp Dagger,3D Model,Character Prop,dagger,Demon,Equipment for Imp,Season 1,P1,N/A,None,None,Global,Yes,Image to 3D,Yes,Separate prop/socketed,None,Socketed to character,Yes,1000,3000,0.5,0.2,1024x1024,BaseColor; Normal; Metallic; Roughness; AO; Emission optional,2,0.8,Grip/socket point; local forward +Z,Simple box/capsule or none,FBX,Assets/_Game/Art/Equipment/CharacterProps/Demon,Assets/_Game/Prefabs/Equipment/weapon_imp_dagger_001.prefab,demon_dagger,Character socket standard; Imp concept,1,Planned,Correct grip pivot; no hand attached; safe silhouette; no thin fragile pieces,,ART_REF_001 + Visual Bible v1.0
weapon_imp_legionary_shield_001,Escudo do Legionário Diabrete,Imp Legionary Shield,3D Model,Character Prop,shield,Demon,Equipment for Imp Legionary,Season 1,P1,N/A,None,None,Global,Yes,Image to 3D,Yes,Separate prop/socketed,None,Socketed to character,Yes,1000,3000,0.5,0.2,1024x1024,BaseColor; Normal; Metallic; Roughness; AO; Emission optional,2,0.8,Grip/socket point; local forward +Z,Simple box/capsule or none,FBX,Assets/_Game/Art/Equipment/CharacterProps/Demon,Assets/_Game/Prefabs/Equipment/weapon_imp_legionary_shield_001.prefab,demon_shield,Character socket standard; Imp Legionary concept,1,Planned,Correct grip pivot; no hand attached; safe silhouette; no thin fragile pieces,,ART_REF_001 + Visual Bible v1.0
weapon_imp_legionary_spear_001,Lança do Legionário Diabrete,Imp Legionary Spear,3D Model,Character Prop,spear,Demon,Equipment for Imp Legionary,Season 1,P1,N/A,None,None,Global,Yes,Image to 3D,Yes,Separate prop/socketed,None,Socketed to character,Yes,1000,3000,0.5,0.2,1024x1024,BaseColor; Normal; Metallic; Roughness; AO; Emission optional,2,1.5,Grip/socket point; local forward +Z,Simple box/capsule or none,FBX,Assets/_Game/Art/Equipment/CharacterProps/Demon,Assets/_Game/Prefabs/Equipment/weapon_imp_legionary_spear_001.prefab,demon_spear,Character socket standard; Imp Legionary concept,1,Planned,Correct grip pivot; no hand attached; safe silhouette; no thin fragile pieces,,ART_REF_001 + Visual Bible v1.0
weapon_imp_skirmisher_bow_001,Arco Infernal de Diabrete,Imp Skirmisher Bow,3D Model,Character Prop,bow,Demon,Equipment for Imp Skirmisher,Season 1,P1,N/A,None,None,Global,Yes,Image to 3D,Yes,Separate prop/socketed,None,Socketed to character,Yes,1000,3000,0.5,0.2,1024x1024,BaseColor; Normal; Metallic; Roughness; AO; Emission optional,2,1.5,Grip/socket point; local forward +Z,Simple box/capsule or none,FBX,Assets/_Game/Art/Equipment/CharacterProps/Demon,Assets/_Game/Prefabs/Equipment/weapon_imp_skirmisher_bow_001.prefab,demon_bow,Character socket standard; Imp Skirmisher concept,1,Planned,Correct grip pivot; no hand attached; safe silhouette; no thin fragile pieces,,ART_REF_001 + Visual Bible v1.0
weapon_incubus_warden_blades_001,Lâminas do Guardião Íncubo,Incubus Warden Blades,3D Model,Character Prop,dual blades,Demon,Equipment for Incubus Warden,Season 1,P1,N/A,None,None,Global,Yes,Image to 3D,Yes,Separate prop/socketed,None,Socketed to character,Yes,1000,3000,0.5,0.2,1024x1024,BaseColor; Normal; Metallic; Roughness; AO; Emission optional,2,0.8,Grip/socket point; local forward +Z,Simple box/capsule or none,FBX,Assets/_Game/Art/Equipment/CharacterProps/Demon,Assets/_Game/Prefabs/Equipment/weapon_incubus_warden_blades_001.prefab,demon_dual blades,Character socket standard; Incubus Warden concept,1,Planned,Correct grip pivot; no hand attached; safe silhouette; no thin fragile pieces,,ART_REF_001 + Visual Bible v1.0
weapon_lich_staff_001,Cajado do Lich,Lich Staff,3D Model,Character Prop,staff,Undead,Equipment for Lich,Season 1,P1,N/A,None,None,Global,Yes,Image to 3D,Yes,Separate prop/socketed,None,Socketed to character,Yes,1000,3000,0.5,0.2,1024x1024,BaseColor; Normal; Metallic; Roughness; AO; Emission optional,2,1.5,Grip/socket point; local forward +Z,Simple box/capsule or none,FBX,Assets/_Game/Art/Equipment/CharacterProps/Undead,Assets/_Game/Prefabs/Equipment/weapon_lich_staff_001.prefab,undead_staff,Character socket standard; Lich concept,1,Planned,Correct grip pivot; no hand attached; safe silhouette; no thin fragile pieces,,ART_REF_001 + Visual Bible v1.0
weapon_skeleton_bow_001,Arco Esquelético,Skeleton Bow,3D Model,Character Prop,bow,Undead,Equipment for Skeleton Archer,Season 1,P1,N/A,None,None,Global,Yes,Image to 3D,Yes,Separate prop/socketed,None,Socketed to character,Yes,1000,3000,0.5,0.2,1024x1024,BaseColor; Normal; Metallic; Roughness; AO; Emission optional,2,1.5,Grip/socket point; local forward +Z,Simple box/capsule or none,FBX,Assets/_Game/Art/Equipment/CharacterProps/Undead,Assets/_Game/Prefabs/Equipment/weapon_skeleton_bow_001.prefab,undead_bow,Character socket standard; Skeleton Archer concept,1,Planned,Correct grip pivot; no hand attached; safe silhouette; no thin fragile pieces,,ART_REF_001 + Visual Bible v1.0
weapon_skeleton_round_shield_001,Escudo Redondo Ósseo,Skeleton Round Shield,3D Model,Character Prop,shield,Undead,Equipment for Skeleton,Season 1,P1,N/A,None,None,Global,Yes,Image to 3D,Yes,Separate prop/socketed,None,Socketed to character,Yes,1000,3000,0.5,0.2,1024x1024,BaseColor; Normal; Metallic; Roughness; AO; Emission optional,2,0.8,Grip/socket point; local forward +Z,Simple box/capsule or none,FBX,Assets/_Game/Art/Equipment/CharacterProps/Undead,Assets/_Game/Prefabs/Equipment/weapon_skeleton_round_shield_001.prefab,undead_shield,Character socket standard; Skeleton concept,1,Planned,Correct grip pivot; no hand attached; safe silhouette; no thin fragile pieces,,ART_REF_001 + Visual Bible v1.0
weapon_skeleton_rusty_sword_001,Espada Enferrujada,Rusty Skeleton Sword,3D Model,Character Prop,1H sword,Undead,Equipment for Skeleton,Season 1,P1,N/A,None,None,Global,Yes,Image to 3D,Yes,Separate prop/socketed,None,Socketed to character,Yes,1000,3000,0.5,0.2,1024x1024,BaseColor; Normal; Metallic; Roughness; AO; Emission optional,2,0.8,Grip/socket point; local forward +Z,Simple box/capsule or none,FBX,Assets/_Game/Art/Equipment/CharacterProps/Undead,Assets/_Game/Prefabs/Equipment/weapon_skeleton_rusty_sword_001.prefab,undead_1H sword,Character socket standard; Skeleton concept,1,Planned,Correct grip pivot; no hand attached; safe silhouette; no thin fragile pieces,,ART_REF_001 + Visual Bible v1.0
vfx_environment_goblin_mine_ambient_001,VFX Ambiente — Mina Goblin,Environment VFX — Goblin Mine,VFX,VFX,Environment Ambient,Goblin Mine,Atmosphere,Season 1,P1,N/A,None,None,Goblin Mine,No,Unity Particle System/Shader Graph,Optional,Reusable prefab,None,None,No,0,0,0,0,256–512 sprites,RGBA masks/noise,0,0,N/A,None,Unity prefab,Assets/_Game/Art/VFX/Environment/Goblin Mine,Assets/_Game/Prefabs/VFX/Environment/PF_goblin_mine_ambient.prefab,vfx_environment_ambient,Biome lighting preset,1,Planned,Subtle atmosphere; battle silhouettes remain readable; mobile overdraw budget respected,,ART_REF_001 + Visual Bible v1.0
vfx_environment_infernal_fortress_ambient_001,VFX Ambiente — Fortaleza Infernal,Environment VFX — Infernal Fortress,VFX,VFX,Environment Ambient,Infernal Fortress,Atmosphere,Season 1,P1,N/A,None,None,Infernal Fortress,No,Unity Particle System/Shader Graph,Optional,Reusable prefab,None,None,No,0,0,0,0,256–512 sprites,RGBA masks/noise,0,0,N/A,None,Unity prefab,Assets/_Game/Art/VFX/Environment/Infernal Fortress,Assets/_Game/Prefabs/VFX/Environment/PF_infernal_fortress_ambient.prefab,vfx_environment_ambient,Biome lighting preset,1,Planned,Subtle atmosphere; battle silhouettes remain readable; mobile overdraw budget respected,,ART_REF_001 + Visual Bible v1.0
vfx_environment_undead_crypt_ambient_001,VFX Ambiente — Cripta,Environment VFX — Undead Crypt,VFX,VFX,Environment Ambient,Undead Crypt,Atmosphere,Season 1,P1,N/A,None,None,Undead Crypt,No,Unity Particle System/Shader Graph,Optional,Reusable prefab,None,None,No,0,0,0,0,256–512 sprites,RGBA masks/noise,0,0,N/A,None,Unity prefab,Assets/_Game/Art/VFX/Environment/Undead Crypt,Assets/_Game/Prefabs/VFX/Environment/PF_undead_crypt_ambient.prefab,vfx_environment_ambient,Biome lighting preset,1,Planned,Subtle atmosphere; battle silhouettes remain readable; mobile overdraw budget respected,,ART_REF_001 + Visual Bible v1.0
vfx_magic_arcane_kit_001,Kit de VFX Arcano,Arcane VFX Kit,VFX,VFX,Magic School Kit,Arcane,Shared combat effects,Season 1,P1,N/A,None,None,Global,No,Unity Particle System/Shader Graph,Yes,Reusable impact/projectile/aura set,None,None,No,0,0,0,0,256–1024 sprites,RGBA flipbooks; masks; noise,0,0,N/A,None,Unity prefab,Assets/_Game/Art/VFX/Magic/Arcane,Assets/_Game/Prefabs/VFX/Magic/Arcane,vfx_magic_arcane,Magic palette; combat timing,4,Planned,"Projectile, impact, cast and aura share language; low overdraw; readable at 3x speed",,ART_REF_001 + Visual Bible v1.0
vfx_magic_chaos_kit_001,Kit de VFX Caos,Chaos VFX Kit,VFX,VFX,Magic School Kit,Chaos,Shared combat effects,Season 1,P1,N/A,None,None,Global,No,Unity Particle System/Shader Graph,Yes,Reusable impact/projectile/aura set,None,None,No,0,0,0,0,256–1024 sprites,RGBA flipbooks; masks; noise,0,0,N/A,None,Unity prefab,Assets/_Game/Art/VFX/Magic/Chaos,Assets/_Game/Prefabs/VFX/Magic/Chaos,vfx_magic_chaos,Magic palette; combat timing,4,Planned,"Projectile, impact, cast and aura share language; low overdraw; readable at 3x speed",,ART_REF_001 + Visual Bible v1.0
vfx_magic_fire_kit_001,Kit de VFX Fogo,Fire VFX Kit,VFX,VFX,Magic School Kit,Fire,Shared combat effects,Season 1,P1,N/A,None,None,Global,No,Unity Particle System/Shader Graph,Yes,Reusable impact/projectile/aura set,None,None,No,0,0,0,0,256–1024 sprites,RGBA flipbooks; masks; noise,0,0,N/A,None,Unity prefab,Assets/_Game/Art/VFX/Magic/Fire,Assets/_Game/Prefabs/VFX/Magic/Fire,vfx_magic_fire,Magic palette; combat timing,4,Planned,"Projectile, impact, cast and aura share language; low overdraw; readable at 3x speed",,ART_REF_001 + Visual Bible v1.0
vfx_magic_holy_kit_001,Kit de VFX Sagrado,Holy VFX Kit,VFX,VFX,Magic School Kit,Holy,Shared combat effects,Season 1,P1,N/A,None,None,Global,No,Unity Particle System/Shader Graph,Yes,Reusable impact/projectile/aura set,None,None,No,0,0,0,0,256–1024 sprites,RGBA flipbooks; masks; noise,0,0,N/A,None,Unity prefab,Assets/_Game/Art/VFX/Magic/Holy,Assets/_Game/Prefabs/VFX/Magic/Holy,vfx_magic_holy,Magic palette; combat timing,4,Planned,"Projectile, impact, cast and aura share language; low overdraw; readable at 3x speed",,ART_REF_001 + Visual Bible v1.0
vfx_magic_ice_kit_001,Kit de VFX Gelo,Ice VFX Kit,VFX,VFX,Magic School Kit,Ice,Shared combat effects,Season 1,P1,N/A,None,None,Global,No,Unity Particle System/Shader Graph,Yes,Reusable impact/projectile/aura set,None,None,No,0,0,0,0,256–1024 sprites,RGBA flipbooks; masks; noise,0,0,N/A,None,Unity prefab,Assets/_Game/Art/VFX/Magic/Ice,Assets/_Game/Prefabs/VFX/Magic/Ice,vfx_magic_ice,Magic palette; combat timing,4,Planned,"Projectile, impact, cast and aura share language; low overdraw; readable at 3x speed",,ART_REF_001 + Visual Bible v1.0
vfx_magic_infernal_kit_001,Kit de VFX Infernal,Infernal VFX Kit,VFX,VFX,Magic School Kit,Infernal,Shared combat effects,Season 1,P1,N/A,None,None,Global,No,Unity Particle System/Shader Graph,Yes,Reusable impact/projectile/aura set,None,None,No,0,0,0,0,256–1024 sprites,RGBA flipbooks; masks; noise,0,0,N/A,None,Unity prefab,Assets/_Game/Art/VFX/Magic/Infernal,Assets/_Game/Prefabs/VFX/Magic/Infernal,vfx_magic_infernal,Magic palette; combat timing,4,Planned,"Projectile, impact, cast and aura share language; low overdraw; readable at 3x speed",,ART_REF_001 + Visual Bible v1.0
vfx_magic_nature_kit_001,Kit de VFX Natureza,Nature VFX Kit,VFX,VFX,Magic School Kit,Nature,Shared combat effects,Season 1,P1,N/A,None,None,Global,No,Unity Particle System/Shader Graph,Yes,Reusable impact/projectile/aura set,None,None,No,0,0,0,0,256–1024 sprites,RGBA flipbooks; masks; noise,0,0,N/A,None,Unity prefab,Assets/_Game/Art/VFX/Magic/Nature,Assets/_Game/Prefabs/VFX/Magic/Nature,vfx_magic_nature,Magic palette; combat timing,4,Planned,"Projectile, impact, cast and aura share language; low overdraw; readable at 3x speed",,ART_REF_001 + Visual Bible v1.0
vfx_magic_necromancy_kit_001,Kit de VFX Necromancia,Necromancy VFX Kit,VFX,VFX,Magic School Kit,Necromancy,Shared combat effects,Season 1,P1,N/A,None,None,Global,No,Unity Particle System/Shader Graph,Yes,Reusable impact/projectile/aura set,None,None,No,0,0,0,0,256–1024 sprites,RGBA flipbooks; masks; noise,0,0,N/A,None,Unity prefab,Assets/_Game/Art/VFX/Magic/Necromancy,Assets/_Game/Prefabs/VFX/Magic/Necromancy,vfx_magic_necromancy,Magic palette; combat timing,4,Planned,"Projectile, impact, cast and aura share language; low overdraw; readable at 3x speed",,ART_REF_001 + Visual Bible v1.0
vfx_magic_poison_kit_001,Kit de VFX Veneno,Poison VFX Kit,VFX,VFX,Magic School Kit,Poison,Shared combat effects,Season 1,P1,N/A,None,None,Global,No,Unity Particle System/Shader Graph,Yes,Reusable impact/projectile/aura set,None,None,No,0,0,0,0,256–1024 sprites,RGBA flipbooks; masks; noise,0,0,N/A,None,Unity prefab,Assets/_Game/Art/VFX/Magic/Poison,Assets/_Game/Prefabs/VFX/Magic/Poison,vfx_magic_poison,Magic palette; combat timing,4,Planned,"Projectile, impact, cast and aura share language; low overdraw; readable at 3x speed",,ART_REF_001 + Visual Bible v1.0
vfx_magic_shadow_kit_001,Kit de VFX Sombra,Shadow VFX Kit,VFX,VFX,Magic School Kit,Shadow,Shared combat effects,Season 1,P1,N/A,None,None,Global,No,Unity Particle System/Shader Graph,Yes,Reusable impact/projectile/aura set,None,None,No,0,0,0,0,256–1024 sprites,RGBA flipbooks; masks; noise,0,0,N/A,None,Unity prefab,Assets/_Game/Art/VFX/Magic/Shadow,Assets/_Game/Prefabs/VFX/Magic/Shadow,vfx_magic_shadow,Magic palette; combat timing,4,Planned,"Projectile, impact, cast and aura share language; low overdraw; readable at 3x speed",,ART_REF_001 + Visual Bible v1.0
portrait_enemy_goblin_archer_001,Bestiário — Arqueiro Goblin,Bestiary — Goblin Archer,2D Image,Character Art,Enemy Portrait,Goblin,Bestiary/boss preview,Vertical Slice,P2,N/A,None,None,Global,No,None,No,Standalone,None,None,No,0,0,0,0,1024x1024,RGBA,0,0,N/A,None,PNG,Assets/_Game/Art/UI/Portraits/Enemies/Goblin,N/A,goblin_portrait_frame,enemy_goblin_archer_001,1,Planned,Exact match with approved 3D enemy; face and role readable at 128 px,,ART_REF_001 + Visual Bible v1.0
portrait_enemy_goblin_scavenger_001,Bestiário — Goblin Saqueador,Bestiary — Goblin Scavenger,2D Image,Character Art,Enemy Portrait,Goblin,Bestiary/boss preview,Vertical Slice,P2,N/A,None,None,Global,No,None,No,Standalone,None,None,No,0,0,0,0,1024x1024,RGBA,0,0,N/A,None,PNG,Assets/_Game/Art/UI/Portraits/Enemies/Goblin,N/A,goblin_portrait_frame,enemy_goblin_scavenger_001,1,Planned,Exact match with approved 3D enemy; face and role readable at 128 px,,ART_REF_001 + Visual Bible v1.0
portrait_enemy_goblin_warrior_001,Bestiário — Guerreiro Goblin,Bestiary — Goblin Warrior,2D Image,Character Art,Enemy Portrait,Goblin,Bestiary/boss preview,Vertical Slice,P2,N/A,None,None,Global,No,None,No,Standalone,None,None,No,0,0,0,0,1024x1024,RGBA,0,0,N/A,None,PNG,Assets/_Game/Art/UI/Portraits/Enemies/Goblin,N/A,goblin_portrait_frame,enemy_goblin_warrior_001,1,Planned,Exact match with approved 3D enemy; face and role readable at 128 px,,ART_REF_001 + Visual Bible v1.0
enemy_goblin_high_shaman_001,Alto Xamã Goblin,Goblin High Shaman,3D Model,Character,Enemy,Goblin,advanced magic support,MVP,P2,N/A,None,None,Global,Yes,Image to 3D,Yes,Full body + separate weapon where applicable,Humanoid,anim_enemy_goblin_caster,Yes,5000,8000,0.5,0.25,1024x1024,BaseColor; Normal; Metallic; Roughness; AO; Emission optional,3,1.25,Between feet at ground,Capsule/compound hit boxes,FBX,Assets/_Game/Art/Characters/Enemies/Goblin/goblin_high_shaman_001/Models,Assets/_Game/Prefabs/Characters/Enemies/Goblin/PF_goblin_high_shaman_001.prefab,goblin_elite_body,Approved character sheet; faction material library; weapon prop if armed,1,Planned,Readable combat role; faction silhouette; valid rig pose; no fused weapon; no accidental detached pieces,,ART_REF_001 + Visual Bible v1.0
enemy_goblin_ranger_001,Patrulheiro Goblin,Goblin Ranger,3D Model,Character,Enemy,Goblin,ranged traps,MVP,P2,N/A,None,None,Global,Yes,Image to 3D,Yes,Full body + separate weapon where applicable,Humanoid,anim_enemy_goblin_ranged,Yes,5000,8000,0.5,0.25,1024x1024,BaseColor; Normal; Metallic; Roughness; AO; Emission optional,3,1.25,Between feet at ground,Capsule/compound hit boxes,FBX,Assets/_Game/Art/Characters/Enemies/Goblin/goblin_ranger_001/Models,Assets/_Game/Prefabs/Characters/Enemies/Goblin/PF_goblin_ranger_001.prefab,goblin_elite_body,Approved character sheet; faction material library; weapon prop if armed,1,Planned,Readable combat role; faction silhouette; valid rig pose; no fused weapon; no accidental detached pieces,,ART_REF_001 + Visual Bible v1.0
enemy_hobgoblin_knight_001,Cavaleiro Hobgoblin,Hobgoblin Knight,3D Model,Character,Enemy,Goblin,tank control,MVP,P2,N/A,None,None,Global,Yes,Image to 3D,Yes,Full body + separate weapon where applicable,Humanoid,anim_enemy_humanoid_melee,Yes,5000,8000,0.5,0.25,1024x1024,BaseColor; Normal; Metallic; Roughness; AO; Emission optional,3,1.85,Between feet at ground,Capsule/compound hit boxes,FBX,Assets/_Game/Art/Characters/Enemies/Goblin/hobgoblin_knight_001/Models,Assets/_Game/Prefabs/Characters/Enemies/Goblin/PF_hobgoblin_knight_001.prefab,goblin_elite_body,Approved character sheet; faction material library; weapon prop if armed,1,Planned,Readable combat role; faction silhouette; valid rig pose; no fused weapon; no accidental detached pieces,,ART_REF_001 + Visual Bible v1.0
portrait_boss_goblin_chieftain_001,Bestiário — Chefe Goblin,Bestiary — Goblin Chieftain,2D Image,Character Art,Enemy Portrait,Goblin,Bestiary/boss preview,MVP,P2,N/A,None,None,Global,No,None,No,Standalone,None,None,No,0,0,0,0,1024x1024,RGBA,0,0,N/A,None,PNG,Assets/_Game/Art/UI/Portraits/Enemies/Goblin,N/A,goblin_portrait_frame,boss_goblin_chieftain_001,1,Planned,Exact match with approved 3D enemy; face and role readable at 128 px,,ART_REF_001 + Visual Bible v1.0
portrait_boss_goblin_king_001,Bestiário — Rei Goblin,Bestiary — Goblin King,2D Image,Character Art,Enemy Portrait,Goblin,Bestiary/boss preview,MVP,P2,N/A,None,None,Global,No,None,No,Standalone,None,None,No,0,0,0,0,1024x1024,RGBA,0,0,N/A,None,PNG,Assets/_Game/Art/UI/Portraits/Enemies/Goblin,N/A,goblin_portrait_frame,boss_goblin_king_001,1,Planned,Exact match with approved 3D enemy; face and role readable at 128 px,,ART_REF_001 + Visual Bible v1.0
portrait_enemy_goblin_high_shaman_001,Bestiário — Alto Xamã Goblin,Bestiary — Goblin High Shaman,2D Image,Character Art,Enemy Portrait,Goblin,Bestiary/boss preview,MVP,P2,N/A,None,None,Global,No,None,No,Standalone,None,None,No,0,0,0,0,1024x1024,RGBA,0,0,N/A,None,PNG,Assets/_Game/Art/UI/Portraits/Enemies/Goblin,N/A,goblin_portrait_frame,enemy_goblin_high_shaman_001,1,Planned,Exact match with approved 3D enemy; face and role readable at 128 px,,ART_REF_001 + Visual Bible v1.0
portrait_enemy_goblin_ranger_001,Bestiário — Patrulheiro Goblin,Bestiary — Goblin Ranger,2D Image,Character Art,Enemy Portrait,Goblin,Bestiary/boss preview,MVP,P2,N/A,None,None,Global,No,None,No,Standalone,None,None,No,0,0,0,0,1024x1024,RGBA,0,0,N/A,None,PNG,Assets/_Game/Art/UI/Portraits/Enemies/Goblin,N/A,goblin_portrait_frame,enemy_goblin_ranger_001,1,Planned,Exact match with approved 3D enemy; face and role readable at 128 px,,ART_REF_001 + Visual Bible v1.0
portrait_enemy_goblin_shaman_001,Bestiário — Xamã Goblin,Bestiary — Goblin Shaman,2D Image,Character Art,Enemy Portrait,Goblin,Bestiary/boss preview,MVP,P2,N/A,None,None,Global,No,None,No,Standalone,None,None,No,0,0,0,0,1024x1024,RGBA,0,0,N/A,None,PNG,Assets/_Game/Art/UI/Portraits/Enemies/Goblin,N/A,goblin_portrait_frame,enemy_goblin_shaman_001,1,Planned,Exact match with approved 3D enemy; face and role readable at 128 px,,ART_REF_001 + Visual Bible v1.0
portrait_enemy_hobgoblin_knight_001,Bestiário — Cavaleiro Hobgoblin,Bestiary — Hobgoblin Knight,2D Image,Character Art,Enemy Portrait,Goblin,Bestiary/boss preview,MVP,P2,N/A,None,None,Global,No,None,No,Standalone,None,None,No,0,0,0,0,1024x1024,RGBA,0,0,N/A,None,PNG,Assets/_Game/Art/UI/Portraits/Enemies/Goblin,N/A,goblin_portrait_frame,enemy_hobgoblin_knight_001,1,Planned,Exact match with approved 3D enemy; face and role readable at 128 px,,ART_REF_001 + Visual Bible v1.0
enemy_bone_archmage_001,Arquimago Ósseo,Bone Archmage,3D Model,Character,Enemy,Undead,area summon control,Season 1 - Arc 2,P2,N/A,None,None,Global,Yes,Image to 3D,Yes,Full body + separate weapon where applicable,Humanoid,anim_enemy_humanoid_caster,Yes,5000,8000,0.5,0.25,1024x1024,BaseColor; Normal; Metallic; Roughness; AO; Emission optional,3,1.82,Between feet at ground,Capsule/compound hit boxes,FBX,Assets/_Game/Art/Characters/Enemies/Undead/bone_archmage_001/Models,Assets/_Game/Prefabs/Characters/Enemies/Undead/PF_bone_archmage_001.prefab,undead_elite_body,Approved character sheet; faction material library; weapon prop if armed,1,Planned,Readable combat role; faction silhouette; valid rig pose; no fused weapon; no accidental detached pieces,,ART_REF_001 + Visual Bible v1.0
enemy_death_knight_001,Cavaleiro da Morte,Death Knight,3D Model,Character,Enemy,Undead,heavy melee fear,Season 1 - Arc 2,P2,N/A,None,None,Global,Yes,Image to 3D,Yes,Full body + separate weapon where applicable,Humanoid,anim_enemy_humanoid_melee,Yes,5000,8000,0.5,0.25,1024x1024,BaseColor; Normal; Metallic; Roughness; AO; Emission optional,3,2.05,Between feet at ground,Capsule/compound hit boxes,FBX,Assets/_Game/Art/Characters/Enemies/Undead/death_knight_001/Models,Assets/_Game/Prefabs/Characters/Enemies/Undead/PF_death_knight_001.prefab,undead_elite_body,Approved character sheet; faction material library; weapon prop if armed,1,Planned,Readable combat role; faction silhouette; valid rig pose; no fused weapon; no accidental detached pieces,,ART_REF_001 + Visual Bible v1.0
enemy_ghoul_reaver_001,Carniçal Dilacerador,Ghoul Reaver,3D Model,Character,Enemy,Undead,fast melee bleed,Season 1 - Arc 2,P2,N/A,None,None,Global,Yes,Image to 3D,Yes,Full body + separate weapon where applicable,Generic,anim_enemy_ghoul,Yes,5000,8000,0.5,0.25,1024x1024,BaseColor; Normal; Metallic; Roughness; AO; Emission optional,3,1.7,Between feet at ground,Capsule/compound hit boxes,FBX,Assets/_Game/Art/Characters/Enemies/Undead/ghoul_reaver_001/Models,Assets/_Game/Prefabs/Characters/Enemies/Undead/PF_ghoul_reaver_001.prefab,undead_elite_body,Approved character sheet; faction material library; weapon prop if armed,1,Planned,Readable combat role; faction silhouette; valid rig pose; no fused weapon; no accidental detached pieces,,ART_REF_001 + Visual Bible v1.0
enemy_grave_ranger_001,Patrulheiro da Tumba,Grave Ranger,3D Model,Character,Enemy,Undead,ranged marks poison,Season 1 - Arc 2,P2,N/A,None,None,Global,Yes,Image to 3D,Yes,Full body + separate weapon where applicable,Humanoid,anim_enemy_humanoid_ranged,Yes,5000,8000,0.5,0.25,1024x1024,BaseColor; Normal; Metallic; Roughness; AO; Emission optional,3,1.82,Between feet at ground,Capsule/compound hit boxes,FBX,Assets/_Game/Art/Characters/Enemies/Undead/grave_ranger_001/Models,Assets/_Game/Prefabs/Characters/Enemies/Undead/PF_grave_ranger_001.prefab,undead_elite_body,Approved character sheet; faction material library; weapon prop if armed,1,Planned,Readable combat role; faction silhouette; valid rig pose; no fused weapon; no accidental detached pieces,,ART_REF_001 + Visual Bible v1.0
portrait_boss_bone_knight_001,Bestiário — Cavaleiro Ósseo,Bestiary — Bone Knight,2D Image,Character Art,Enemy Portrait,Undead,Bestiary/boss preview,Season 1 - Arc 2,P2,N/A,None,None,Global,No,None,No,Standalone,None,None,No,0,0,0,0,1024x1024,RGBA,0,0,N/A,None,PNG,Assets/_Game/Art/UI/Portraits/Enemies/Undead,N/A,undead_portrait_frame,boss_bone_knight_001,1,Planned,Exact match with approved 3D enemy; face and role readable at 128 px,,ART_REF_001 + Visual Bible v1.0
portrait_boss_lich_001,Bestiário — Lich,Bestiary — Lich,2D Image,Character Art,Enemy Portrait,Undead,Bestiary/boss preview,Season 1 - Arc 2,P2,N/A,None,None,Global,No,None,No,Standalone,None,None,No,0,0,0,0,1024x1024,RGBA,0,0,N/A,None,PNG,Assets/_Game/Art/UI/Portraits/Enemies/Undead,N/A,undead_portrait_frame,boss_lich_001,1,Planned,Exact match with approved 3D enemy; face and role readable at 128 px,,ART_REF_001 + Visual Bible v1.0
portrait_enemy_bone_acolyte_001,Bestiário — Acólito Ósseo,Bestiary — Bone Acolyte,2D Image,Character Art,Enemy Portrait,Undead,Bestiary/boss preview,Season 1 - Arc 2,P2,N/A,None,None,Global,No,None,No,Standalone,None,None,No,0,0,0,0,1024x1024,RGBA,0,0,N/A,None,PNG,Assets/_Game/Art/UI/Portraits/Enemies/Undead,N/A,undead_portrait_frame,enemy_bone_acolyte_001,1,Planned,Exact match with approved 3D enemy; face and role readable at 128 px,,ART_REF_001 + Visual Bible v1.0
portrait_enemy_bone_archmage_001,Bestiário — Arquimago Ósseo,Bestiary — Bone Archmage,2D Image,Character Art,Enemy Portrait,Undead,Bestiary/boss preview,Season 1 - Arc 2,P2,N/A,None,None,Global,No,None,No,Standalone,None,None,No,0,0,0,0,1024x1024,RGBA,0,0,N/A,None,PNG,Assets/_Game/Art/UI/Portraits/Enemies/Undead,N/A,undead_portrait_frame,enemy_bone_archmage_001,1,Planned,Exact match with approved 3D enemy; face and role readable at 128 px,,ART_REF_001 + Visual Bible v1.0
portrait_enemy_death_knight_001,Bestiário — Cavaleiro da Morte,Bestiary — Death Knight,2D Image,Character Art,Enemy Portrait,Undead,Bestiary/boss preview,Season 1 - Arc 2,P2,N/A,None,None,Global,No,None,No,Standalone,None,None,No,0,0,0,0,1024x1024,RGBA,0,0,N/A,None,PNG,Assets/_Game/Art/UI/Portraits/Enemies/Undead,N/A,undead_portrait_frame,enemy_death_knight_001,1,Planned,Exact match with approved 3D enemy; face and role readable at 128 px,,ART_REF_001 + Visual Bible v1.0
portrait_enemy_ghoul_reaver_001,Bestiário — Carniçal Dilacerador,Bestiary — Ghoul Reaver,2D Image,Character Art,Enemy Portrait,Undead,Bestiary/boss preview,Season 1 - Arc 2,P2,N/A,None,None,Global,No,None,No,Standalone,None,None,No,0,0,0,0,1024x1024,RGBA,0,0,N/A,None,PNG,Assets/_Game/Art/UI/Portraits/Enemies/Undead,N/A,undead_portrait_frame,enemy_ghoul_reaver_001,1,Planned,Exact match with approved 3D enemy; face and role readable at 128 px,,ART_REF_001 + Visual Bible v1.0
portrait_enemy_grave_ranger_001,Bestiário — Patrulheiro da Tumba,Bestiary — Grave Ranger,2D Image,Character Art,Enemy Portrait,Undead,Bestiary/boss preview,Season 1 - Arc 2,P2,N/A,None,None,Global,No,None,No,Standalone,None,None,No,0,0,0,0,1024x1024,RGBA,0,0,N/A,None,PNG,Assets/_Game/Art/UI/Portraits/Enemies/Undead,N/A,undead_portrait_frame,enemy_grave_ranger_001,1,Planned,Exact match with approved 3D enemy; face and role readable at 128 px,,ART_REF_001 + Visual Bible v1.0
portrait_enemy_restless_skeleton_001,Bestiário — Esqueleto Inquieto,Bestiary — Restless Skeleton,2D Image,Character Art,Enemy Portrait,Undead,Bestiary/boss preview,Season 1 - Arc 2,P2,N/A,None,None,Global,No,None,No,Standalone,None,None,No,0,0,0,0,1024x1024,RGBA,0,0,N/A,None,PNG,Assets/_Game/Art/UI/Portraits/Enemies/Undead,N/A,undead_portrait_frame,enemy_restless_skeleton_001,1,Planned,Exact match with approved 3D enemy; face and role readable at 128 px,,ART_REF_001 + Visual Bible v1.0
portrait_enemy_skeleton_archer_001,Bestiário — Arqueiro Esqueleto,Bestiary — Skeleton Archer,2D Image,Character Art,Enemy Portrait,Undead,Bestiary/boss preview,Season 1 - Arc 2,P2,N/A,None,None,Global,No,None,No,Standalone,None,None,No,0,0,0,0,1024x1024,RGBA,0,0,N/A,None,PNG,Assets/_Game/Art/UI/Portraits/Enemies/Undead,N/A,undead_portrait_frame,enemy_skeleton_archer_001,1,Planned,Exact match with approved 3D enemy; face and role readable at 128 px,,ART_REF_001 + Visual Bible v1.0
portrait_enemy_skeleton_soldier_001,Bestiário — Soldado Esqueleto,Bestiary — Skeleton Soldier,2D Image,Character Art,Enemy Portrait,Undead,Bestiary/boss preview,Season 1 - Arc 2,P2,N/A,None,None,Global,No,None,No,Standalone,None,None,No,0,0,0,0,1024x1024,RGBA,0,0,N/A,None,PNG,Assets/_Game/Art/UI/Portraits/Enemies/Undead,N/A,undead_portrait_frame,enemy_skeleton_soldier_001,1,Planned,Exact match with approved 3D enemy; face and role readable at 128 px,,ART_REF_001 + Visual Bible v1.0
enemy_demon_knight_001,Cavaleiro Demoníaco,Demon Knight,3D Model,Character,Enemy,Demon,tank charge aura,Season 1 - Arc 3,P2,N/A,None,None,Global,Yes,Image to 3D,Yes,Full body + separate weapon where applicable,Humanoid,anim_enemy_humanoid_melee,Yes,5000,8000,0.5,0.25,1024x1024,BaseColor; Normal; Metallic; Roughness; AO; Emission optional,3,2.15,Between feet at ground,Capsule/compound hit boxes,FBX,Assets/_Game/Art/Characters/Enemies/Demon/demon_knight_001/Models,Assets/_Game/Prefabs/Characters/Enemies/Demon/PF_demon_knight_001.prefab,demon_elite_body,Approved character sheet; faction material library; weapon prop if armed,1,Planned,Readable combat role; faction silhouette; valid rig pose; no fused weapon; no accidental detached pieces,,ART_REF_001 + Visual Bible v1.0
enemy_demon_ranger_001,Patrulheiro Demoníaco,Demon Ranger,3D Model,Character,Enemy,Demon,ranged marks,Season 1 - Arc 3,P2,N/A,None,None,Global,Yes,Image to 3D,Yes,Full body + separate weapon where applicable,Humanoid,anim_enemy_humanoid_ranged,Yes,5000,8000,0.5,0.25,1024x1024,BaseColor; Normal; Metallic; Roughness; AO; Emission optional,3,2.0,Between feet at ground,Capsule/compound hit boxes,FBX,Assets/_Game/Art/Characters/Enemies/Demon/demon_ranger_001/Models,Assets/_Game/Prefabs/Characters/Enemies/Demon/PF_demon_ranger_001.prefab,demon_elite_body,Approved character sheet; faction material library; weapon prop if armed,1,Planned,Readable combat role; faction silhouette; valid rig pose; no fused weapon; no accidental detached pieces,,ART_REF_001 + Visual Bible v1.0
enemy_succubus_enchantress_001,Encantadora Súcubo,Succubus Enchantress,3D Model,Character,Enemy,Demon,mind control debuffs,Season 1 - Arc 3,P2,N/A,None,None,Global,Yes,Image to 3D,Yes,Full body + separate weapon where applicable,Humanoid,anim_enemy_humanoid_caster,Yes,5000,8000,0.5,0.25,1024x1024,BaseColor; Normal; Metallic; Roughness; AO; Emission optional,3,1.85,Between feet at ground,Capsule/compound hit boxes,FBX,Assets/_Game/Art/Characters/Enemies/Demon/succubus_enchantress_001/Models,Assets/_Game/Prefabs/Characters/Enemies/Demon/PF_succubus_enchantress_001.prefab,demon_elite_body,Approved character sheet; faction material library; weapon prop if armed,1,Planned,Readable combat role; faction silhouette; valid rig pose; no fused weapon; no accidental detached pieces,,ART_REF_001 + Visual Bible v1.0
portrait_boss_demon_lord_001,Bestiário — Lorde Demônio,Bestiary — Demon Lord,2D Image,Character Art,Enemy Portrait,Demon,Bestiary/boss preview,Season 1 - Arc 3,P2,N/A,None,None,Global,No,None,No,Standalone,None,None,No,0,0,0,0,1024x1024,RGBA,0,0,N/A,None,PNG,Assets/_Game/Art/UI/Portraits/Enemies/Demon,N/A,demon_portrait_frame,boss_demon_lord_001,1,Planned,Exact match with approved 3D enemy; face and role readable at 128 px,,ART_REF_001 + Visual Bible v1.0
portrait_boss_incubus_warden_001,Bestiário — Guardião Íncubo,Bestiary — Incubus Warden,2D Image,Character Art,Enemy Portrait,Demon,Bestiary/boss preview,Season 1 - Arc 3,P2,N/A,None,None,Global,No,None,No,Standalone,None,None,No,0,0,0,0,1024x1024,RGBA,0,0,N/A,None,PNG,Assets/_Game/Art/UI/Portraits/Enemies/Demon,N/A,demon_portrait_frame,boss_incubus_warden_001,1,Planned,Exact match with approved 3D enemy; face and role readable at 128 px,,ART_REF_001 + Visual Bible v1.0
portrait_enemy_demon_knight_001,Bestiário — Cavaleiro Demoníaco,Bestiary — Demon Knight,2D Image,Character Art,Enemy Portrait,Demon,Bestiary/boss preview,Season 1 - Arc 3,P2,N/A,None,None,Global,No,None,No,Standalone,None,None,No,0,0,0,0,1024x1024,RGBA,0,0,N/A,None,PNG,Assets/_Game/Art/UI/Portraits/Enemies/Demon,N/A,demon_portrait_frame,enemy_demon_knight_001,1,Planned,Exact match with approved 3D enemy; face and role readable at 128 px,,ART_REF_001 + Visual Bible v1.0
portrait_enemy_demon_ranger_001,Bestiário — Patrulheiro Demoníaco,Bestiary — Demon Ranger,2D Image,Character Art,Enemy Portrait,Demon,Bestiary/boss preview,Season 1 - Arc 3,P2,N/A,None,None,Global,No,None,No,Standalone,None,None,No,0,0,0,0,1024x1024,RGBA,0,0,N/A,None,PNG,Assets/_Game/Art/UI/Portraits/Enemies/Demon,N/A,demon_portrait_frame,enemy_demon_ranger_001,1,Planned,Exact match with approved 3D enemy; face and role readable at 128 px,,ART_REF_001 + Visual Bible v1.0
portrait_enemy_imp_001,Bestiário — Diabrete,Bestiary — Imp,2D Image,Character Art,Enemy Portrait,Demon,Bestiary/boss preview,Season 1 - Arc 3,P2,N/A,None,None,Global,No,None,No,Standalone,None,None,No,0,0,0,0,1024x1024,RGBA,0,0,N/A,None,PNG,Assets/_Game/Art/UI/Portraits/Enemies/Demon,N/A,demon_portrait_frame,enemy_imp_001,1,Planned,Exact match with approved 3D enemy; face and role readable at 128 px,,ART_REF_001 + Visual Bible v1.0
portrait_enemy_imp_legionary_001,Bestiário — Legionário Diabrete,Bestiary — Imp Legionary,2D Image,Character Art,Enemy Portrait,Demon,Bestiary/boss preview,Season 1 - Arc 3,P2,N/A,None,None,Global,No,None,No,Standalone,None,None,No,0,0,0,0,1024x1024,RGBA,0,0,N/A,None,PNG,Assets/_Game/Art/UI/Portraits/Enemies/Demon,N/A,demon_portrait_frame,enemy_imp_legionary_001,1,Planned,Exact match with approved 3D enemy; face and role readable at 128 px,,ART_REF_001 + Visual Bible v1.0
portrait_enemy_imp_pyromancer_001,Bestiário — Piromante Diabrete,Bestiary — Imp Pyromancer,2D Image,Character Art,Enemy Portrait,Demon,Bestiary/boss preview,Season 1 - Arc 3,P2,N/A,None,None,Global,No,None,No,Standalone,None,None,No,0,0,0,0,1024x1024,RGBA,0,0,N/A,None,PNG,Assets/_Game/Art/UI/Portraits/Enemies/Demon,N/A,demon_portrait_frame,enemy_imp_pyromancer_001,1,Planned,Exact match with approved 3D enemy; face and role readable at 128 px,,ART_REF_001 + Visual Bible v1.0
portrait_enemy_imp_skirmisher_001,Bestiário — Escaramuçador Diabrete,Bestiary — Imp Skirmisher,2D Image,Character Art,Enemy Portrait,Demon,Bestiary/boss preview,Season 1 - Arc 3,P2,N/A,None,None,Global,No,None,No,Standalone,None,None,No,0,0,0,0,1024x1024,RGBA,0,0,N/A,None,PNG,Assets/_Game/Art/UI/Portraits/Enemies/Demon,N/A,demon_portrait_frame,enemy_imp_skirmisher_001,1,Planned,Exact match with approved 3D enemy; face and role readable at 128 px,,ART_REF_001 + Visual Bible v1.0
portrait_enemy_succubus_enchantress_001,Bestiário — Encantadora Súcubo,Bestiary — Succubus Enchantress,2D Image,Character Art,Enemy Portrait,Demon,Bestiary/boss preview,Season 1 - Arc 3,P2,N/A,None,None,Global,No,None,No,Standalone,None,None,No,0,0,0,0,1024x1024,RGBA,0,0,N/A,None,PNG,Assets/_Game/Art/UI/Portraits/Enemies/Demon,N/A,demon_portrait_frame,enemy_succubus_enchantress_001,1,Planned,Exact match with approved 3D enemy; face and role readable at 128 px,,ART_REF_001 + Visual Bible v1.0
prop_succubus_enchantress_focus_001,Foco da Encantadora Súcubo,Succubus Enchantress Focus,3D Model,Character Prop,magic focus,Demon,Equipment for Succubus Enchantress,Season 1,P2,N/A,None,None,Global,Yes,Image to 3D,Yes,Separate prop/socketed,None,Socketed to character,Yes,700,1800,0.5,0.2,1024x1024,BaseColor; Normal; Metallic; Roughness; AO; Emission optional,2,0.8,Grip/socket point; local forward +Z,Simple box/capsule or none,FBX,Assets/_Game/Art/Equipment/CharacterProps/Demon,Assets/_Game/Prefabs/Equipment/prop_succubus_enchantress_focus_001.prefab,demon_magic focus,Character socket standard; Succubus Enchantress concept,1,Planned,Correct grip pivot; no hand attached; safe silhouette; no thin fragile pieces,,ART_REF_001 + Visual Bible v1.0
weapon_bone_archmage_staff_001,Cajado do Arquimago Ósseo,Bone Archmage Staff,3D Model,Character Prop,staff,Undead,Equipment for Archmage,Season 1,P2,N/A,None,None,Global,Yes,Image to 3D,Yes,Separate prop/socketed,None,Socketed to character,Yes,1000,3000,0.5,0.2,1024x1024,BaseColor; Normal; Metallic; Roughness; AO; Emission optional,2,1.5,Grip/socket point; local forward +Z,Simple box/capsule or none,FBX,Assets/_Game/Art/Equipment/CharacterProps/Undead,Assets/_Game/Prefabs/Equipment/weapon_bone_archmage_staff_001.prefab,undead_staff,Character socket standard; Archmage concept,1,Planned,Correct grip pivot; no hand attached; safe silhouette; no thin fragile pieces,,ART_REF_001 + Visual Bible v1.0
weapon_death_knight_greatsword_001,Montante do Cavaleiro da Morte,Death Knight Greatsword,3D Model,Character Prop,2H sword,Undead,Equipment for Death Knight,Season 1,P2,N/A,None,None,Global,Yes,Image to 3D,Yes,Separate prop/socketed,None,Socketed to character,Yes,1000,3000,0.5,0.2,1024x1024,BaseColor; Normal; Metallic; Roughness; AO; Emission optional,2,1.5,Grip/socket point; local forward +Z,Simple box/capsule or none,FBX,Assets/_Game/Art/Equipment/CharacterProps/Undead,Assets/_Game/Prefabs/Equipment/weapon_death_knight_greatsword_001.prefab,undead_2H sword,Character socket standard; Death Knight concept,1,Planned,Correct grip pivot; no hand attached; safe silhouette; no thin fragile pieces,,ART_REF_001 + Visual Bible v1.0
weapon_demon_knight_greatsword_001,Montante Demoníaco,Demon Knight Greatsword,3D Model,Character Prop,2H sword,Demon,Equipment for Demon Knight,Season 1,P2,N/A,None,None,Global,Yes,Image to 3D,Yes,Separate prop/socketed,None,Socketed to character,Yes,1000,3000,0.5,0.2,1024x1024,BaseColor; Normal; Metallic; Roughness; AO; Emission optional,2,1.5,Grip/socket point; local forward +Z,Simple box/capsule or none,FBX,Assets/_Game/Art/Equipment/CharacterProps/Demon,Assets/_Game/Prefabs/Equipment/weapon_demon_knight_greatsword_001.prefab,demon_2H sword,Character socket standard; Demon Knight concept,1,Planned,Correct grip pivot; no hand attached; safe silhouette; no thin fragile pieces,,ART_REF_001 + Visual Bible v1.0
weapon_demon_knight_shield_001,Escudo Demoníaco,Demon Knight Shield,3D Model,Character Prop,shield,Demon,Equipment for Demon Knight,Season 1,P2,N/A,None,None,Global,Yes,Image to 3D,Yes,Separate prop/socketed,None,Socketed to character,Yes,1000,3000,0.5,0.2,1024x1024,BaseColor; Normal; Metallic; Roughness; AO; Emission optional,2,0.8,Grip/socket point; local forward +Z,Simple box/capsule or none,FBX,Assets/_Game/Art/Equipment/CharacterProps/Demon,Assets/_Game/Prefabs/Equipment/weapon_demon_knight_shield_001.prefab,demon_shield,Character socket standard; Demon Knight concept,1,Planned,Correct grip pivot; no hand attached; safe silhouette; no thin fragile pieces,,ART_REF_001 + Visual Bible v1.0
weapon_demon_ranger_bow_001,Arco Demoníaco,Demon Ranger Bow,3D Model,Character Prop,bow,Demon,Equipment for Demon Ranger,Season 1,P2,N/A,None,None,Global,Yes,Image to 3D,Yes,Separate prop/socketed,None,Socketed to character,Yes,1000,3000,0.5,0.2,1024x1024,BaseColor; Normal; Metallic; Roughness; AO; Emission optional,2,1.5,Grip/socket point; local forward +Z,Simple box/capsule or none,FBX,Assets/_Game/Art/Equipment/CharacterProps/Demon,Assets/_Game/Prefabs/Equipment/weapon_demon_ranger_bow_001.prefab,demon_bow,Character socket standard; Demon Ranger concept,1,Planned,Correct grip pivot; no hand attached; safe silhouette; no thin fragile pieces,,ART_REF_001 + Visual Bible v1.0
weapon_grave_ranger_crossbow_001,Besta da Tumba,Grave Ranger Crossbow,3D Model,Character Prop,crossbow,Undead,Equipment for Grave Ranger,Season 1,P2,N/A,None,None,Global,Yes,Image to 3D,Yes,Separate prop/socketed,None,Socketed to character,Yes,1000,3000,0.5,0.2,1024x1024,BaseColor; Normal; Metallic; Roughness; AO; Emission optional,2,1.5,Grip/socket point; local forward +Z,Simple box/capsule or none,FBX,Assets/_Game/Art/Equipment/CharacterProps/Undead,Assets/_Game/Prefabs/Equipment/weapon_grave_ranger_crossbow_001.prefab,undead_crossbow,Character socket standard; Grave Ranger concept,1,Planned,Correct grip pivot; no hand attached; safe silhouette; no thin fragile pieces,,ART_REF_001 + Visual Bible v1.0
skin_archer_t05_base,Skin Arqueira T5,Archer Skin T5,3D Model,Character Skin,Archer,Heroes,Full-body equipment set visualization,Season 1,P2,T5,Base tier skin; Legendary/Mythic may receive separate premium variant,None,Global,Yes,Multi-view Image to 3D,Yes,Full skin; separate weapon/shield,Humanoid,anim_hero_ranged_humanoid,Yes,5000,8500,0.5,0.25,2048x2048,BaseColor; Normal; Metallic; Roughness; AO; Emission mask,3,1.9,Between feet at ground,Uses character prefab colliders,FBX,Assets/_Game/Art/Characters/Heroes/Archer/Skins/T5,Assets/_Game/Prefabs/Characters/Heroes/Skins/PF_skin_archer_t05.prefab,skin_archer_shared_skeleton,hero_archer_001; approved tier concept; shared humanoid skeleton,1,Planned,Exact shared skeleton proportions; no clipping in standard animations; tier silhouette progression is clear,,ART_REF_001 + Visual Bible v1.0
skin_archer_t07_base,Skin Arqueira T7,Archer Skin T7,3D Model,Character Skin,Archer,Heroes,Full-body equipment set visualization,Season 1,P2,T7,Base tier skin; Legendary/Mythic may receive separate premium variant,None,Global,Yes,Multi-view Image to 3D,Yes,Full skin; separate weapon/shield,Humanoid,anim_hero_ranged_humanoid,Yes,5000,8500,0.5,0.25,2048x2048,BaseColor; Normal; Metallic; Roughness; AO; Emission mask,3,1.9,Between feet at ground,Uses character prefab colliders,FBX,Assets/_Game/Art/Characters/Heroes/Archer/Skins/T7,Assets/_Game/Prefabs/Characters/Heroes/Skins/PF_skin_archer_t07.prefab,skin_archer_shared_skeleton,hero_archer_001; approved tier concept; shared humanoid skeleton,1,Planned,Exact shared skeleton proportions; no clipping in standard animations; tier silhouette progression is clear,,ART_REF_001 + Visual Bible v1.0
skin_mage_t05_base,Skin Mago T5,Mage Skin T5,3D Model,Character Skin,Mage,Heroes,Full-body equipment set visualization,Season 1,P2,T5,Base tier skin; Legendary/Mythic may receive separate premium variant,None,Global,Yes,Multi-view Image to 3D,Yes,Full skin; separate weapon/shield,Humanoid,anim_hero_caster_humanoid,Yes,5000,8500,0.5,0.25,2048x2048,BaseColor; Normal; Metallic; Roughness; AO; Emission mask,3,1.9,Between feet at ground,Uses character prefab colliders,FBX,Assets/_Game/Art/Characters/Heroes/Mage/Skins/T5,Assets/_Game/Prefabs/Characters/Heroes/Skins/PF_skin_mage_t05.prefab,skin_mage_shared_skeleton,hero_mage_001; approved tier concept; shared humanoid skeleton,1,Planned,Exact shared skeleton proportions; no clipping in standard animations; tier silhouette progression is clear,,ART_REF_001 + Visual Bible v1.0
skin_mage_t07_base,Skin Mago T7,Mage Skin T7,3D Model,Character Skin,Mage,Heroes,Full-body equipment set visualization,Season 1,P2,T7,Base tier skin; Legendary/Mythic may receive separate premium variant,None,Global,Yes,Multi-view Image to 3D,Yes,Full skin; separate weapon/shield,Humanoid,anim_hero_caster_humanoid,Yes,5000,8500,0.5,0.25,2048x2048,BaseColor; Normal; Metallic; Roughness; AO; Emission mask,3,1.9,Between feet at ground,Uses character prefab colliders,FBX,Assets/_Game/Art/Characters/Heroes/Mage/Skins/T7,Assets/_Game/Prefabs/Characters/Heroes/Skins/PF_skin_mage_t07.prefab,skin_mage_shared_skeleton,hero_mage_001; approved tier concept; shared humanoid skeleton,1,Planned,Exact shared skeleton proportions; no clipping in standard animations; tier silhouette progression is clear,,ART_REF_001 + Visual Bible v1.0
skin_paladin_t05_base,Skin Paladino T5,Paladin Skin T5,3D Model,Character Skin,Paladin,Heroes,Full-body equipment set visualization,Season 1,P2,T5,Base tier skin; Legendary/Mythic may receive separate premium variant,None,Global,Yes,Multi-view Image to 3D,Yes,Full skin; separate weapon/shield,Humanoid,anim_hero_tank_humanoid,Yes,5000,8500,0.5,0.25,2048x2048,BaseColor; Normal; Metallic; Roughness; AO; Emission mask,3,1.9,Between feet at ground,Uses character prefab colliders,FBX,Assets/_Game/Art/Characters/Heroes/Paladin/Skins/T5,Assets/_Game/Prefabs/Characters/Heroes/Skins/PF_skin_paladin_t05.prefab,skin_paladin_shared_skeleton,hero_paladin_001; approved tier concept; shared humanoid skeleton,1,Planned,Exact shared skeleton proportions; no clipping in standard animations; tier silhouette progression is clear,,ART_REF_001 + Visual Bible v1.0
skin_paladin_t07_base,Skin Paladino T7,Paladin Skin T7,3D Model,Character Skin,Paladin,Heroes,Full-body equipment set visualization,Season 1,P2,T7,Base tier skin; Legendary/Mythic may receive separate premium variant,None,Global,Yes,Multi-view Image to 3D,Yes,Full skin; separate weapon/shield,Humanoid,anim_hero_tank_humanoid,Yes,5000,8500,0.5,0.25,2048x2048,BaseColor; Normal; Metallic; Roughness; AO; Emission mask,3,1.9,Between feet at ground,Uses character prefab colliders,FBX,Assets/_Game/Art/Characters/Heroes/Paladin/Skins/T7,Assets/_Game/Prefabs/Characters/Heroes/Skins/PF_skin_paladin_t07.prefab,skin_paladin_shared_skeleton,hero_paladin_001; approved tier concept; shared humanoid skeleton,1,Planned,Exact shared skeleton proportions; no clipping in standard animations; tier silhouette progression is clear,,ART_REF_001 + Visual Bible v1.0
station_alchemist_t05_001,Laboratório T5,Laboratory T5,3D Model,Crafting Station,Alchemist,Crafting,Alquimista production station milestone,Season 1,P2,T5,None,Alquimista,Global,Yes,Image to 3D,Yes,Station base + milestone upgrade variant,Generic optional,anim_station_alchemist,Yes,6000,8500,0.5,0.2,1024x1024,BaseColor; Normal; Metallic; Roughness; AO; Emission optional,3,3.5,Base center; work interaction point marked,Compound box colliders,FBX,Assets/_Game/Art/Crafting/Stations/Alchemist/T5,Assets/_Game/Prefabs/Crafting/Stations/PF_alchemist_t05.prefab,station_alchemist_milestones,Station interaction socket; profession material kit,1,Planned,Immediate Alquimista readability; irregular e orgânica silhouette; clear work area; milestone visibly stronger than prior tier,,ART_REF_001 + Visual Bible v1.0
station_alchemist_t07_001,Laboratório T7,Laboratory T7,3D Model,Crafting Station,Alchemist,Crafting,Alquimista production station milestone,Season 1,P2,T7,None,Alquimista,Global,Yes,Image to 3D,Yes,Station base + milestone upgrade variant,Generic optional,anim_station_alchemist,Yes,7000,9500,0.5,0.2,2048x2048,BaseColor; Normal; Metallic; Roughness; AO; Emission optional,3,3.5,Base center; work interaction point marked,Compound box colliders,FBX,Assets/_Game/Art/Crafting/Stations/Alchemist/T7,Assets/_Game/Prefabs/Crafting/Stations/PF_alchemist_t07.prefab,station_alchemist_milestones,Station interaction socket; profession material kit,1,Planned,Immediate Alquimista readability; irregular e orgânica silhouette; clear work area; milestone visibly stronger than prior tier,,ART_REF_001 + Visual Bible v1.0
station_blacksmith_t05_001,Forja T5,Forge T5,3D Model,Crafting Station,Blacksmith,Crafting,Ferreiro production station milestone,Season 1,P2,T5,None,Ferreiro,Global,Yes,Image to 3D,Yes,Station base + milestone upgrade variant,Generic optional,anim_station_blacksmith,Yes,6000,8500,0.5,0.2,1024x1024,BaseColor; Normal; Metallic; Roughness; AO; Emission optional,3,3.5,Base center; work interaction point marked,Compound box colliders,FBX,Assets/_Game/Art/Crafting/Stations/Blacksmith/T5,Assets/_Game/Prefabs/Crafting/Stations/PF_blacksmith_t05.prefab,station_blacksmith_milestones,Station interaction socket; profession material kit,1,Planned,Immediate Ferreiro readability; quadrada e pesada silhouette; clear work area; milestone visibly stronger than prior tier,,ART_REF_001 + Visual Bible v1.0
station_blacksmith_t07_001,Forja T7,Forge T7,3D Model,Crafting Station,Blacksmith,Crafting,Ferreiro production station milestone,Season 1,P2,T7,None,Ferreiro,Global,Yes,Image to 3D,Yes,Station base + milestone upgrade variant,Generic optional,anim_station_blacksmith,Yes,7000,9500,0.5,0.2,2048x2048,BaseColor; Normal; Metallic; Roughness; AO; Emission optional,3,3.5,Base center; work interaction point marked,Compound box colliders,FBX,Assets/_Game/Art/Crafting/Stations/Blacksmith/T7,Assets/_Game/Prefabs/Crafting/Stations/PF_blacksmith_t07.prefab,station_blacksmith_milestones,Station interaction socket; profession material kit,1,Planned,Immediate Ferreiro readability; quadrada e pesada silhouette; clear work area; milestone visibly stronger than prior tier,,ART_REF_001 + Visual Bible v1.0
station_enchanter_t05_001,Mesa Arcana T5,Arcane Table T5,3D Model,Crafting Station,Enchanter,Crafting,Encantador production station milestone,Season 1,P2,T5,None,Encantador,Global,Yes,Image to 3D,Yes,Station base + milestone upgrade variant,Generic optional,anim_station_enchanter,Yes,6000,8500,0.5,0.2,1024x1024,BaseColor; Normal; Metallic; Roughness; AO; Emission optional,3,3.5,Base center; work interaction point marked,Compound box colliders,FBX,Assets/_Game/Art/Crafting/Stations/Enchanter/T5,Assets/_Game/Prefabs/Crafting/Stations/PF_enchanter_t05.prefab,station_enchanter_milestones,Station interaction socket; profession material kit,1,Planned,Immediate Encantador readability; circular e vertical silhouette; clear work area; milestone visibly stronger than prior tier,,ART_REF_001 + Visual Bible v1.0
station_enchanter_t07_001,Mesa Arcana T7,Arcane Table T7,3D Model,Crafting Station,Enchanter,Crafting,Encantador production station milestone,Season 1,P2,T7,None,Encantador,Global,Yes,Image to 3D,Yes,Station base + milestone upgrade variant,Generic optional,anim_station_enchanter,Yes,7000,9500,0.5,0.2,2048x2048,BaseColor; Normal; Metallic; Roughness; AO; Emission optional,3,3.5,Base center; work interaction point marked,Compound box colliders,FBX,Assets/_Game/Art/Crafting/Stations/Enchanter/T7,Assets/_Game/Prefabs/Crafting/Stations/PF_enchanter_t07.prefab,station_enchanter_milestones,Station interaction socket; profession material kit,1,Planned,Immediate Encantador readability; circular e vertical silhouette; clear work area; milestone visibly stronger than prior tier,,ART_REF_001 + Visual Bible v1.0
station_gatherer_t05_001,Acampamento de Expedição T5,Expedition Camp T5,3D Model,Crafting Station,Gatherer,Crafting,Coletador production station milestone,Season 1,P2,T5,None,Coletador,Global,Yes,Image to 3D,Yes,Station base + milestone upgrade variant,Generic optional,anim_station_gatherer,Yes,6000,8500,0.5,0.2,1024x1024,BaseColor; Normal; Metallic; Roughness; AO; Emission optional,3,3.5,Base center; work interaction point marked,Compound box colliders,FBX,Assets/_Game/Art/Crafting/Stations/Gatherer/T5,Assets/_Game/Prefabs/Crafting/Stations/PF_gatherer_t05.prefab,station_gatherer_milestones,Station interaction socket; profession material kit,1,Planned,Immediate Coletador readability; triangular e robusta silhouette; clear work area; milestone visibly stronger than prior tier,,ART_REF_001 + Visual Bible v1.0
station_gatherer_t07_001,Acampamento de Expedição T7,Expedition Camp T7,3D Model,Crafting Station,Gatherer,Crafting,Coletador production station milestone,Season 1,P2,T7,None,Coletador,Global,Yes,Image to 3D,Yes,Station base + milestone upgrade variant,Generic optional,anim_station_gatherer,Yes,7000,9500,0.5,0.2,2048x2048,BaseColor; Normal; Metallic; Roughness; AO; Emission optional,3,3.5,Base center; work interaction point marked,Compound box colliders,FBX,Assets/_Game/Art/Crafting/Stations/Gatherer/T7,Assets/_Game/Prefabs/Crafting/Stations/PF_gatherer_t07.prefab,station_gatherer_milestones,Station interaction socket; profession material kit,1,Planned,Immediate Coletador readability; triangular e robusta silhouette; clear work area; milestone visibly stronger than prior tier,,ART_REF_001 + Visual Bible v1.0
station_tailor_t05_001,Ateliê T5,Atelier T5,3D Model,Crafting Station,Tailor,Crafting,Costureiro production station milestone,Season 1,P2,T5,None,Costureiro,Global,Yes,Image to 3D,Yes,Station base + milestone upgrade variant,Generic optional,anim_station_tailor,Yes,6000,8500,0.5,0.2,1024x1024,BaseColor; Normal; Metallic; Roughness; AO; Emission optional,3,3.5,Base center; work interaction point marked,Compound box colliders,FBX,Assets/_Game/Art/Crafting/Stations/Tailor/T5,Assets/_Game/Prefabs/Crafting/Stations/PF_tailor_t05.prefab,station_tailor_milestones,Station interaction socket; profession material kit,1,Planned,Immediate Costureiro readability; horizontal e organizada silhouette; clear work area; milestone visibly stronger than prior tier,,ART_REF_001 + Visual Bible v1.0
station_tailor_t07_001,Ateliê T7,Atelier T7,3D Model,Crafting Station,Tailor,Crafting,Costureiro production station milestone,Season 1,P2,T7,None,Costureiro,Global,Yes,Image to 3D,Yes,Station base + milestone upgrade variant,Generic optional,anim_station_tailor,Yes,7000,9500,0.5,0.2,2048x2048,BaseColor; Normal; Metallic; Roughness; AO; Emission optional,3,3.5,Base center; work interaction point marked,Compound box colliders,FBX,Assets/_Game/Art/Crafting/Stations/Tailor/T7,Assets/_Game/Prefabs/Crafting/Stations/PF_tailor_t07.prefab,station_tailor_milestones,Station interaction socket; profession material kit,1,Planned,Immediate Costureiro readability; horizontal e organizada silhouette; clear work area; milestone visibly stronger than prior tier,,ART_REF_001 + Visual Bible v1.0
equipment_amulet_t04_base,Amuleto T4,Amulet T4,3D Model,Equipment,Accessory,Equipment,Crafted/equippable item family,Season 1,P2,T4,6 rarity material/ornament variants from one tier family,Encantador,Global,Yes,Image to 3D,Yes,Base geometry + rarity overlays/material variants,None,Socketed when weapon,Yes,350,900,0.5,0.2,1024x1024,BaseColor; Normal; Metallic; Roughness; AO; Emission mask,2,0.25,Grip point for weapons; base center for accessories,Simple or none,FBX,Assets/_Game/Art/Equipment/T4/Accessory,Assets/_Game/Prefabs/Equipment/T4/PF_amulet_t04.prefab,equipment_amulet_tier_family,Tier 4 language; rarity material library,6,Planned,Tier readable without rarity color; six rarity treatments possible; correct pivot; no excessive emission,,ART_REF_001 + Visual Bible v1.0
equipment_amulet_t05_base,Amuleto T5,Amulet T5,3D Model,Equipment,Accessory,Equipment,Crafted/equippable item family,Season 1,P2,T5,6 rarity material/ornament variants from one tier family,Encantador,Global,Yes,Image to 3D,Yes,Base geometry + rarity overlays/material variants,None,Socketed when weapon,Yes,350,900,0.5,0.2,1024x1024,BaseColor; Normal; Metallic; Roughness; AO; Emission mask,2,0.25,Grip point for weapons; base center for accessories,Simple or none,FBX,Assets/_Game/Art/Equipment/T5/Accessory,Assets/_Game/Prefabs/Equipment/T5/PF_amulet_t05.prefab,equipment_amulet_tier_family,Tier 5 language; rarity material library,6,Planned,Tier readable without rarity color; six rarity treatments possible; correct pivot; no excessive emission,,ART_REF_001 + Visual Bible v1.0
equipment_amulet_t06_base,Amuleto T6,Amulet T6,3D Model,Equipment,Accessory,Equipment,Crafted/equippable item family,Season 1,P2,T6,6 rarity material/ornament variants from one tier family,Encantador,Global,Yes,Image to 3D,Yes,Base geometry + rarity overlays/material variants,None,Socketed when weapon,Yes,350,900,0.5,0.2,1024x1024,BaseColor; Normal; Metallic; Roughness; AO; Emission mask,2,0.25,Grip point for weapons; base center for accessories,Simple or none,FBX,Assets/_Game/Art/Equipment/T6/Accessory,Assets/_Game/Prefabs/Equipment/T6/PF_amulet_t06.prefab,equipment_amulet_tier_family,Tier 6 language; rarity material library,6,Planned,Tier readable without rarity color; six rarity treatments possible; correct pivot; no excessive emission,,ART_REF_001 + Visual Bible v1.0
equipment_amulet_t07_base,Amuleto T7,Amulet T7,3D Model,Equipment,Accessory,Equipment,Crafted/equippable item family,Season 1,P2,T7,6 rarity material/ornament variants from one tier family,Encantador,Global,Yes,Image to 3D,Yes,Base geometry + rarity overlays/material variants,None,Socketed when weapon,Yes,350,900,0.5,0.2,1024x1024,BaseColor; Normal; Metallic; Roughness; AO; Emission mask,2,0.25,Grip point for weapons; base center for accessories,Simple or none,FBX,Assets/_Game/Art/Equipment/T7/Accessory,Assets/_Game/Prefabs/Equipment/T7/PF_amulet_t07.prefab,equipment_amulet_tier_family,Tier 7 language; rarity material library,6,Planned,Tier readable without rarity color; six rarity treatments possible; correct pivot; no excessive emission,,ART_REF_001 + Visual Bible v1.0
equipment_longbow_t04_base,Arco Longo T4,Longbow T4,3D Model,Equipment,Weapon,Equipment,Crafted/equippable item family,Season 1,P2,T4,6 rarity material/ornament variants from one tier family,Costureiro,Global,Yes,Image to 3D,Yes,Base geometry + rarity overlays/material variants,None,Socketed when weapon,Yes,900,2500,0.5,0.2,1024x1024,BaseColor; Normal; Metallic; Roughness; AO; Emission mask,2,1.5,Grip point for weapons; base center for accessories,Simple or none,FBX,Assets/_Game/Art/Equipment/T4/Weapon,Assets/_Game/Prefabs/Equipment/T4/PF_longbow_t04.prefab,equipment_longbow_tier_family,Tier 4 language; rarity material library,6,Planned,Tier readable without rarity color; six rarity treatments possible; correct pivot; no excessive emission,,ART_REF_001 + Visual Bible v1.0
equipment_longbow_t05_base,Arco Longo T5,Longbow T5,3D Model,Equipment,Weapon,Equipment,Crafted/equippable item family,Season 1,P2,T5,6 rarity material/ornament variants from one tier family,Costureiro,Global,Yes,Image to 3D,Yes,Base geometry + rarity overlays/material variants,None,Socketed when weapon,Yes,900,2500,0.5,0.2,1024x1024,BaseColor; Normal; Metallic; Roughness; AO; Emission mask,2,1.5,Grip point for weapons; base center for accessories,Simple or none,FBX,Assets/_Game/Art/Equipment/T5/Weapon,Assets/_Game/Prefabs/Equipment/T5/PF_longbow_t05.prefab,equipment_longbow_tier_family,Tier 5 language; rarity material library,6,Planned,Tier readable without rarity color; six rarity treatments possible; correct pivot; no excessive emission,,ART_REF_001 + Visual Bible v1.0
equipment_longbow_t06_base,Arco Longo T6,Longbow T6,3D Model,Equipment,Weapon,Equipment,Crafted/equippable item family,Season 1,P2,T6,6 rarity material/ornament variants from one tier family,Costureiro,Global,Yes,Image to 3D,Yes,Base geometry + rarity overlays/material variants,None,Socketed when weapon,Yes,900,2500,0.5,0.2,1024x1024,BaseColor; Normal; Metallic; Roughness; AO; Emission mask,2,1.5,Grip point for weapons; base center for accessories,Simple or none,FBX,Assets/_Game/Art/Equipment/T6/Weapon,Assets/_Game/Prefabs/Equipment/T6/PF_longbow_t06.prefab,equipment_longbow_tier_family,Tier 6 language; rarity material library,6,Planned,Tier readable without rarity color; six rarity treatments possible; correct pivot; no excessive emission,,ART_REF_001 + Visual Bible v1.0
equipment_longbow_t07_base,Arco Longo T7,Longbow T7,3D Model,Equipment,Weapon,Equipment,Crafted/equippable item family,Season 1,P2,T7,6 rarity material/ornament variants from one tier family,Costureiro,Global,Yes,Image to 3D,Yes,Base geometry + rarity overlays/material variants,None,Socketed when weapon,Yes,900,2500,0.5,0.2,1024x1024,BaseColor; Normal; Metallic; Roughness; AO; Emission mask,2,1.5,Grip point for weapons; base center for accessories,Simple or none,FBX,Assets/_Game/Art/Equipment/T7/Weapon,Assets/_Game/Prefabs/Equipment/T7/PF_longbow_t07.prefab,equipment_longbow_tier_family,Tier 7 language; rarity material library,6,Planned,Tier readable without rarity color; six rarity treatments possible; correct pivot; no excessive emission,,ART_REF_001 + Visual Bible v1.0
equipment_ring_t04_base,Anel T4,Ring T4,3D Model,Equipment,Accessory,Equipment,Crafted/equippable item family,Season 1,P2,T4,6 rarity material/ornament variants from one tier family,Encantador,Global,Yes,Image to 3D,Yes,Base geometry + rarity overlays/material variants,None,Socketed when weapon,Yes,300,800,0.5,0.2,1024x1024,BaseColor; Normal; Metallic; Roughness; AO; Emission mask,2,0.15,Grip point for weapons; base center for accessories,Simple or none,FBX,Assets/_Game/Art/Equipment/T4/Accessory,Assets/_Game/Prefabs/Equipment/T4/PF_ring_t04.prefab,equipment_ring_tier_family,Tier 4 language; rarity material library,6,Planned,Tier readable without rarity color; six rarity treatments possible; correct pivot; no excessive emission,,ART_REF_001 + Visual Bible v1.0
equipment_ring_t05_base,Anel T5,Ring T5,3D Model,Equipment,Accessory,Equipment,Crafted/equippable item family,Season 1,P2,T5,6 rarity material/ornament variants from one tier family,Encantador,Global,Yes,Image to 3D,Yes,Base geometry + rarity overlays/material variants,None,Socketed when weapon,Yes,300,800,0.5,0.2,1024x1024,BaseColor; Normal; Metallic; Roughness; AO; Emission mask,2,0.15,Grip point for weapons; base center for accessories,Simple or none,FBX,Assets/_Game/Art/Equipment/T5/Accessory,Assets/_Game/Prefabs/Equipment/T5/PF_ring_t05.prefab,equipment_ring_tier_family,Tier 5 language; rarity material library,6,Planned,Tier readable without rarity color; six rarity treatments possible; correct pivot; no excessive emission,,ART_REF_001 + Visual Bible v1.0
equipment_ring_t06_base,Anel T6,Ring T6,3D Model,Equipment,Accessory,Equipment,Crafted/equippable item family,Season 1,P2,T6,6 rarity material/ornament variants from one tier family,Encantador,Global,Yes,Image to 3D,Yes,Base geometry + rarity overlays/material variants,None,Socketed when weapon,Yes,300,800,0.5,0.2,1024x1024,BaseColor; Normal; Metallic; Roughness; AO; Emission mask,2,0.15,Grip point for weapons; base center for accessories,Simple or none,FBX,Assets/_Game/Art/Equipment/T6/Accessory,Assets/_Game/Prefabs/Equipment/T6/PF_ring_t06.prefab,equipment_ring_tier_family,Tier 6 language; rarity material library,6,Planned,Tier readable without rarity color; six rarity treatments possible; correct pivot; no excessive emission,,ART_REF_001 + Visual Bible v1.0
equipment_ring_t07_base,Anel T7,Ring T7,3D Model,Equipment,Accessory,Equipment,Crafted/equippable item family,Season 1,P2,T7,6 rarity material/ornament variants from one tier family,Encantador,Global,Yes,Image to 3D,Yes,Base geometry + rarity overlays/material variants,None,Socketed when weapon,Yes,300,800,0.5,0.2,1024x1024,BaseColor; Normal; Metallic; Roughness; AO; Emission mask,2,0.15,Grip point for weapons; base center for accessories,Simple or none,FBX,Assets/_Game/Art/Equipment/T7/Accessory,Assets/_Game/Prefabs/Equipment/T7/PF_ring_t07.prefab,equipment_ring_tier_family,Tier 7 language; rarity material library,6,Planned,Tier readable without rarity color; six rarity treatments possible; correct pivot; no excessive emission,,ART_REF_001 + Visual Bible v1.0
equipment_shield_t04_base,Escudo T4,Shield T4,3D Model,Equipment,Weapon,Equipment,Crafted/equippable item family,Season 1,P2,T4,6 rarity material/ornament variants from one tier family,Ferreiro,Global,Yes,Image to 3D,Yes,Base geometry + rarity overlays/material variants,None,Socketed when weapon,Yes,900,2600,0.5,0.2,1024x1024,BaseColor; Normal; Metallic; Roughness; AO; Emission mask,2,0.9,Grip point for weapons; base center for accessories,Simple or none,FBX,Assets/_Game/Art/Equipment/T4/Weapon,Assets/_Game/Prefabs/Equipment/T4/PF_shield_t04.prefab,equipment_shield_tier_family,Tier 4 language; rarity material library,6,Planned,Tier readable without rarity color; six rarity treatments possible; correct pivot; no excessive emission,,ART_REF_001 + Visual Bible v1.0
equipment_shield_t05_base,Escudo T5,Shield T5,3D Model,Equipment,Weapon,Equipment,Crafted/equippable item family,Season 1,P2,T5,6 rarity material/ornament variants from one tier family,Ferreiro,Global,Yes,Image to 3D,Yes,Base geometry + rarity overlays/material variants,None,Socketed when weapon,Yes,900,2600,0.5,0.2,1024x1024,BaseColor; Normal; Metallic; Roughness; AO; Emission mask,2,0.9,Grip point for weapons; base center for accessories,Simple or none,FBX,Assets/_Game/Art/Equipment/T5/Weapon,Assets/_Game/Prefabs/Equipment/T5/PF_shield_t05.prefab,equipment_shield_tier_family,Tier 5 language; rarity material library,6,Planned,Tier readable without rarity color; six rarity treatments possible; correct pivot; no excessive emission,,ART_REF_001 + Visual Bible v1.0
equipment_shield_t06_base,Escudo T6,Shield T6,3D Model,Equipment,Weapon,Equipment,Crafted/equippable item family,Season 1,P2,T6,6 rarity material/ornament variants from one tier family,Ferreiro,Global,Yes,Image to 3D,Yes,Base geometry + rarity overlays/material variants,None,Socketed when weapon,Yes,900,2600,0.5,0.2,1024x1024,BaseColor; Normal; Metallic; Roughness; AO; Emission mask,2,0.9,Grip point for weapons; base center for accessories,Simple or none,FBX,Assets/_Game/Art/Equipment/T6/Weapon,Assets/_Game/Prefabs/Equipment/T6/PF_shield_t06.prefab,equipment_shield_tier_family,Tier 6 language; rarity material library,6,Planned,Tier readable without rarity color; six rarity treatments possible; correct pivot; no excessive emission,,ART_REF_001 + Visual Bible v1.0
equipment_shield_t07_base,Escudo T7,Shield T7,3D Model,Equipment,Weapon,Equipment,Crafted/equippable item family,Season 1,P2,T7,6 rarity material/ornament variants from one tier family,Ferreiro,Global,Yes,Image to 3D,Yes,Base geometry + rarity overlays/material variants,None,Socketed when weapon,Yes,900,2600,0.5,0.2,1024x1024,BaseColor; Normal; Metallic; Roughness; AO; Emission mask,2,0.9,Grip point for weapons; base center for accessories,Simple or none,FBX,Assets/_Game/Art/Equipment/T7/Weapon,Assets/_Game/Prefabs/Equipment/T7/PF_shield_t07.prefab,equipment_shield_tier_family,Tier 7 language; rarity material library,6,Planned,Tier readable without rarity color; six rarity treatments possible; correct pivot; no excessive emission,,ART_REF_001 + Visual Bible v1.0
equipment_staff_t04_base,Cajado T4,Staff T4,3D Model,Equipment,Weapon,Equipment,Crafted/equippable item family,Season 1,P2,T4,6 rarity material/ornament variants from one tier family,Encantador,Global,Yes,Image to 3D,Yes,Base geometry + rarity overlays/material variants,None,Socketed when weapon,Yes,1000,2800,0.5,0.2,1024x1024,BaseColor; Normal; Metallic; Roughness; AO; Emission mask,2,1.7,Grip point for weapons; base center for accessories,Simple or none,FBX,Assets/_Game/Art/Equipment/T4/Weapon,Assets/_Game/Prefabs/Equipment/T4/PF_staff_t04.prefab,equipment_staff_tier_family,Tier 4 language; rarity material library,6,Planned,Tier readable without rarity color; six rarity treatments possible; correct pivot; no excessive emission,,ART_REF_001 + Visual Bible v1.0
equipment_staff_t05_base,Cajado T5,Staff T5,3D Model,Equipment,Weapon,Equipment,Crafted/equippable item family,Season 1,P2,T5,6 rarity material/ornament variants from one tier family,Encantador,Global,Yes,Image to 3D,Yes,Base geometry + rarity overlays/material variants,None,Socketed when weapon,Yes,1000,2800,0.5,0.2,1024x1024,BaseColor; Normal; Metallic; Roughness; AO; Emission mask,2,1.7,Grip point for weapons; base center for accessories,Simple or none,FBX,Assets/_Game/Art/Equipment/T5/Weapon,Assets/_Game/Prefabs/Equipment/T5/PF_staff_t05.prefab,equipment_staff_tier_family,Tier 5 language; rarity material library,6,Planned,Tier readable without rarity color; six rarity treatments possible; correct pivot; no excessive emission,,ART_REF_001 + Visual Bible v1.0
equipment_staff_t06_base,Cajado T6,Staff T6,3D Model,Equipment,Weapon,Equipment,Crafted/equippable item family,Season 1,P2,T6,6 rarity material/ornament variants from one tier family,Encantador,Global,Yes,Image to 3D,Yes,Base geometry + rarity overlays/material variants,None,Socketed when weapon,Yes,1000,2800,0.5,0.2,1024x1024,BaseColor; Normal; Metallic; Roughness; AO; Emission mask,2,1.7,Grip point for weapons; base center for accessories,Simple or none,FBX,Assets/_Game/Art/Equipment/T6/Weapon,Assets/_Game/Prefabs/Equipment/T6/PF_staff_t06.prefab,equipment_staff_tier_family,Tier 6 language; rarity material library,6,Planned,Tier readable without rarity color; six rarity treatments possible; correct pivot; no excessive emission,,ART_REF_001 + Visual Bible v1.0
equipment_staff_t07_base,Cajado T7,Staff T7,3D Model,Equipment,Weapon,Equipment,Crafted/equippable item family,Season 1,P2,T7,6 rarity material/ornament variants from one tier family,Encantador,Global,Yes,Image to 3D,Yes,Base geometry + rarity overlays/material variants,None,Socketed when weapon,Yes,1000,2800,0.5,0.2,1024x1024,BaseColor; Normal; Metallic; Roughness; AO; Emission mask,2,1.7,Grip point for weapons; base center for accessories,Simple or none,FBX,Assets/_Game/Art/Equipment/T7/Weapon,Assets/_Game/Prefabs/Equipment/T7/PF_staff_t07.prefab,equipment_staff_tier_family,Tier 7 language; rarity material library,6,Planned,Tier readable without rarity color; six rarity treatments possible; correct pivot; no excessive emission,,ART_REF_001 + Visual Bible v1.0
equipment_sword_1h_t04_base,Espada de Uma Mão T4,One-Handed Sword T4,3D Model,Equipment,Weapon,Equipment,Crafted/equippable item family,Season 1,P2,T4,6 rarity material/ornament variants from one tier family,Ferreiro,Global,Yes,Image to 3D,Yes,Base geometry + rarity overlays/material variants,None,Socketed when weapon,Yes,1000,3000,0.5,0.2,1024x1024,BaseColor; Normal; Metallic; Roughness; AO; Emission mask,2,1.1,Grip point for weapons; base center for accessories,Simple or none,FBX,Assets/_Game/Art/Equipment/T4/Weapon,Assets/_Game/Prefabs/Equipment/T4/PF_sword_1h_t04.prefab,equipment_sword_1h_tier_family,Tier 4 language; rarity material library,6,Planned,Tier readable without rarity color; six rarity treatments possible; correct pivot; no excessive emission,,ART_REF_001 + Visual Bible v1.0
equipment_sword_1h_t05_base,Espada de Uma Mão T5,One-Handed Sword T5,3D Model,Equipment,Weapon,Equipment,Crafted/equippable item family,Season 1,P2,T5,6 rarity material/ornament variants from one tier family,Ferreiro,Global,Yes,Image to 3D,Yes,Base geometry + rarity overlays/material variants,None,Socketed when weapon,Yes,1000,3000,0.5,0.2,1024x1024,BaseColor; Normal; Metallic; Roughness; AO; Emission mask,2,1.1,Grip point for weapons; base center for accessories,Simple or none,FBX,Assets/_Game/Art/Equipment/T5/Weapon,Assets/_Game/Prefabs/Equipment/T5/PF_sword_1h_t05.prefab,equipment_sword_1h_tier_family,Tier 5 language; rarity material library,6,Planned,Tier readable without rarity color; six rarity treatments possible; correct pivot; no excessive emission,,ART_REF_001 + Visual Bible v1.0
equipment_sword_1h_t06_base,Espada de Uma Mão T6,One-Handed Sword T6,3D Model,Equipment,Weapon,Equipment,Crafted/equippable item family,Season 1,P2,T6,6 rarity material/ornament variants from one tier family,Ferreiro,Global,Yes,Image to 3D,Yes,Base geometry + rarity overlays/material variants,None,Socketed when weapon,Yes,1000,3000,0.5,0.2,1024x1024,BaseColor; Normal; Metallic; Roughness; AO; Emission mask,2,1.1,Grip point for weapons; base center for accessories,Simple or none,FBX,Assets/_Game/Art/Equipment/T6/Weapon,Assets/_Game/Prefabs/Equipment/T6/PF_sword_1h_t06.prefab,equipment_sword_1h_tier_family,Tier 6 language; rarity material library,6,Planned,Tier readable without rarity color; six rarity treatments possible; correct pivot; no excessive emission,,ART_REF_001 + Visual Bible v1.0
equipment_sword_1h_t07_base,Espada de Uma Mão T7,One-Handed Sword T7,3D Model,Equipment,Weapon,Equipment,Crafted/equippable item family,Season 1,P2,T7,6 rarity material/ornament variants from one tier family,Ferreiro,Global,Yes,Image to 3D,Yes,Base geometry + rarity overlays/material variants,None,Socketed when weapon,Yes,1000,3000,0.5,0.2,1024x1024,BaseColor; Normal; Metallic; Roughness; AO; Emission mask,2,1.1,Grip point for weapons; base center for accessories,Simple or none,FBX,Assets/_Game/Art/Equipment/T7/Weapon,Assets/_Game/Prefabs/Equipment/T7/PF_sword_1h_t07.prefab,equipment_sword_1h_tier_family,Tier 7 language; rarity material library,6,Planned,Tier readable without rarity color; six rarity treatments possible; correct pivot; no excessive emission,,ART_REF_001 + Visual Bible v1.0
resource_arcane_raw_t04_001,Cristal Espiritual,Spirit Crystal,3D Model,Resource,Arcane Crystal,Economy,Inventory/crafting material representation,Season 1,P2,T4,None,Coletador,Global,Yes,Text to 3D,Optional,Shared geometry family + tier-specific texture/details,None,None,Optional,300,1000,0.45,0.0,512x512,BaseColor; Normal; Metallic; Roughness; AO; Emission optional,1,0.45,Base center,Simple box or none,FBX,Assets/_Game/Art/Resources/T4/ArcaneCrystal,Assets/_Game/Prefabs/Resources/PF_arcane_raw_t04.prefab,resource_arcane_crystal,Tier 4 material palette,1,Planned,Reads as crystal cluster at 64 px render; single compact silhouette; no background or pedestal,,ART_REF_001 + Visual Bible v1.0
resource_arcane_raw_t05_001,Cristal de Essência Maior,Greater Essence Crystal,3D Model,Resource,Arcane Crystal,Economy,Inventory/crafting material representation,Season 1,P2,T5,None,Coletador,Global,Yes,Text to 3D,Optional,Shared geometry family + tier-specific texture/details,None,None,Optional,300,1000,0.45,0.0,512x512,BaseColor; Normal; Metallic; Roughness; AO; Emission optional,1,0.45,Base center,Simple box or none,FBX,Assets/_Game/Art/Resources/T5/ArcaneCrystal,Assets/_Game/Prefabs/Resources/PF_arcane_raw_t05.prefab,resource_arcane_crystal,Tier 5 material palette,1,Planned,Reads as crystal cluster at 64 px render; single compact silhouette; no background or pedestal,,ART_REF_001 + Visual Bible v1.0
resource_arcane_raw_t06_001,Cristal de Fênix,Phoenix Crystal,3D Model,Resource,Arcane Crystal,Economy,Inventory/crafting material representation,Season 1,P2,T6,None,Coletador,Global,Yes,Text to 3D,Optional,Shared geometry family + tier-specific texture/details,None,None,Optional,300,1000,0.45,0.0,512x512,BaseColor; Normal; Metallic; Roughness; AO; Emission optional,1,0.45,Base center,Simple box or none,FBX,Assets/_Game/Art/Resources/T6/ArcaneCrystal,Assets/_Game/Prefabs/Resources/PF_arcane_raw_t06.prefab,resource_arcane_crystal,Tier 6 material palette,1,Planned,Reads as crystal cluster at 64 px render; single compact silhouette; no background or pedestal,,ART_REF_001 + Visual Bible v1.0
resource_arcane_raw_t07_001,Cristal Astral,Astral Crystal,3D Model,Resource,Arcane Crystal,Economy,Inventory/crafting material representation,Season 1,P2,T7,None,Coletador,Global,Yes,Text to 3D,Optional,Shared geometry family + tier-specific texture/details,None,None,Optional,300,1000,0.45,0.0,512x512,BaseColor; Normal; Metallic; Roughness; AO; Emission optional,1,0.45,Base center,Simple box or none,FBX,Assets/_Game/Art/Resources/T7/ArcaneCrystal,Assets/_Game/Prefabs/Resources/PF_arcane_raw_t07.prefab,resource_arcane_crystal,Tier 7 material palette,1,Planned,Reads as crystal cluster at 64 px render; single compact silhouette; no background or pedestal,,ART_REF_001 + Visual Bible v1.0
resource_arcane_refined_t04_001,Núcleo Espiritual,Spirit Core,3D Model,Resource,Rune Core,Economy,Inventory/crafting material representation,Season 1,P2,T4,None,Encantador,Global,Yes,Text to 3D,Optional,Shared geometry family + tier-specific texture/details,None,None,Optional,300,1000,0.45,0.0,512x512,BaseColor; Normal; Metallic; Roughness; AO; Emission optional,1,0.45,Base center,Simple box or none,FBX,Assets/_Game/Art/Resources/T4/RuneCore,Assets/_Game/Prefabs/Resources/PF_arcane_refined_t04.prefab,resource_rune_core,Tier 4 material palette,1,Planned,Reads as rune core at 64 px render; single compact silhouette; no background or pedestal,,ART_REF_001 + Visual Bible v1.0
resource_arcane_refined_t05_001,Núcleo de Essência Maior,Greater Essence Core,3D Model,Resource,Rune Core,Economy,Inventory/crafting material representation,Season 1,P2,T5,None,Encantador,Global,Yes,Text to 3D,Optional,Shared geometry family + tier-specific texture/details,None,None,Optional,300,1000,0.45,0.0,512x512,BaseColor; Normal; Metallic; Roughness; AO; Emission optional,1,0.45,Base center,Simple box or none,FBX,Assets/_Game/Art/Resources/T5/RuneCore,Assets/_Game/Prefabs/Resources/PF_arcane_refined_t05.prefab,resource_rune_core,Tier 5 material palette,1,Planned,Reads as rune core at 64 px render; single compact silhouette; no background or pedestal,,ART_REF_001 + Visual Bible v1.0
resource_arcane_refined_t06_001,Núcleo Dracônico,Dragon Core,3D Model,Resource,Rune Core,Economy,Inventory/crafting material representation,Season 1,P2,T6,None,Encantador,Global,Yes,Text to 3D,Optional,Shared geometry family + tier-specific texture/details,None,None,Optional,300,1000,0.45,0.0,512x512,BaseColor; Normal; Metallic; Roughness; AO; Emission optional,1,0.45,Base center,Simple box or none,FBX,Assets/_Game/Art/Resources/T6/RuneCore,Assets/_Game/Prefabs/Resources/PF_arcane_refined_t06.prefab,resource_rune_core,Tier 6 material palette,1,Planned,Reads as rune core at 64 px render; single compact silhouette; no background or pedestal,,ART_REF_001 + Visual Bible v1.0
resource_arcane_refined_t07_001,Núcleo do Vazio,Void Core,3D Model,Resource,Rune Core,Economy,Inventory/crafting material representation,Season 1,P2,T7,None,Encantador,Global,Yes,Text to 3D,Optional,Shared geometry family + tier-specific texture/details,None,None,Optional,300,1000,0.45,0.0,512x512,BaseColor; Normal; Metallic; Roughness; AO; Emission optional,1,0.45,Base center,Simple box or none,FBX,Assets/_Game/Art/Resources/T7/RuneCore,Assets/_Game/Prefabs/Resources/PF_arcane_refined_t07.prefab,resource_rune_core,Tier 7 material palette,1,Planned,Reads as rune core at 64 px render; single compact silhouette; no background or pedestal,,ART_REF_001 + Visual Bible v1.0
resource_fiber_raw_t04_001,Fibra de Seda Élfica,Elven Silk Fiber,3D Model,Resource,Fiber,Economy,Inventory/crafting material representation,Season 1,P2,T4,None,Coletador,Global,Yes,Text to 3D,Optional,Shared geometry family + tier-specific texture/details,None,None,Optional,300,1000,0.45,0.0,512x512,BaseColor; Normal; Metallic; Roughness; AO; Emission optional,1,0.45,Base center,Simple box or none,FBX,Assets/_Game/Art/Resources/T4/Fiber,Assets/_Game/Prefabs/Resources/PF_fiber_raw_t04.prefab,resource_fiber,Tier 4 material palette,1,Planned,Reads as fiber bundle at 64 px render; single compact silhouette; no background or pedestal,,ART_REF_001 + Visual Bible v1.0
resource_fiber_raw_t05_001,Fibra Ancestral,Ancient Fiber,3D Model,Resource,Fiber,Economy,Inventory/crafting material representation,Season 1,P2,T5,None,Coletador,Global,Yes,Text to 3D,Optional,Shared geometry family + tier-specific texture/details,None,None,Optional,300,1000,0.45,0.0,512x512,BaseColor; Normal; Metallic; Roughness; AO; Emission optional,1,0.45,Base center,Simple box or none,FBX,Assets/_Game/Art/Resources/T5/Fiber,Assets/_Game/Prefabs/Resources/PF_fiber_raw_t05.prefab,resource_fiber,Tier 5 material palette,1,Planned,Reads as fiber bundle at 64 px render; single compact silhouette; no background or pedestal,,ART_REF_001 + Visual Bible v1.0
resource_fiber_raw_t06_001,Fibra de Fênix,Phoenix Fiber,3D Model,Resource,Fiber,Economy,Inventory/crafting material representation,Season 1,P2,T6,None,Coletador,Global,Yes,Text to 3D,Optional,Shared geometry family + tier-specific texture/details,None,None,Optional,300,1000,0.45,0.0,512x512,BaseColor; Normal; Metallic; Roughness; AO; Emission optional,1,0.45,Base center,Simple box or none,FBX,Assets/_Game/Art/Resources/T6/Fiber,Assets/_Game/Prefabs/Resources/PF_fiber_raw_t06.prefab,resource_fiber,Tier 6 material palette,1,Planned,Reads as fiber bundle at 64 px render; single compact silhouette; no background or pedestal,,ART_REF_001 + Visual Bible v1.0
resource_fiber_raw_t07_001,Fibra Astral,Astral Fiber,3D Model,Resource,Fiber,Economy,Inventory/crafting material representation,Season 1,P2,T7,None,Coletador,Global,Yes,Text to 3D,Optional,Shared geometry family + tier-specific texture/details,None,None,Optional,300,1000,0.45,0.0,512x512,BaseColor; Normal; Metallic; Roughness; AO; Emission optional,1,0.45,Base center,Simple box or none,FBX,Assets/_Game/Art/Resources/T7/Fiber,Assets/_Game/Prefabs/Resources/PF_fiber_raw_t07.prefab,resource_fiber,Tier 7 material palette,1,Planned,Reads as fiber bundle at 64 px render; single compact silhouette; no background or pedestal,,ART_REF_001 + Visual Bible v1.0
resource_fiber_refined_t04_001,Seda Élfica,Elven Silk Roll,3D Model,Resource,Textile,Economy,Inventory/crafting material representation,Season 1,P2,T4,None,Costureiro,Global,Yes,Text to 3D,Optional,Shared geometry family + tier-specific texture/details,None,None,Optional,300,1000,0.45,0.0,512x512,BaseColor; Normal; Metallic; Roughness; AO; Emission optional,1,0.45,Base center,Simple box or none,FBX,Assets/_Game/Art/Resources/T4/Textile,Assets/_Game/Prefabs/Resources/PF_fiber_refined_t04.prefab,resource_textile,Tier 4 material palette,1,Planned,Reads as cloth roll at 64 px render; single compact silhouette; no background or pedestal,,ART_REF_001 + Visual Bible v1.0
resource_fiber_refined_t05_001,Tecido Ancestral,Ancient Cloth,3D Model,Resource,Textile,Economy,Inventory/crafting material representation,Season 1,P2,T5,None,Costureiro,Global,Yes,Text to 3D,Optional,Shared geometry family + tier-specific texture/details,None,None,Optional,300,1000,0.45,0.0,512x512,BaseColor; Normal; Metallic; Roughness; AO; Emission optional,1,0.45,Base center,Simple box or none,FBX,Assets/_Game/Art/Resources/T5/Textile,Assets/_Game/Prefabs/Resources/PF_fiber_refined_t05.prefab,resource_textile,Tier 5 material palette,1,Planned,Reads as cloth roll at 64 px render; single compact silhouette; no background or pedestal,,ART_REF_001 + Visual Bible v1.0
resource_fiber_refined_t06_001,Trama de Fênix,Phoenix Weave,3D Model,Resource,Textile,Economy,Inventory/crafting material representation,Season 1,P2,T6,None,Costureiro,Global,Yes,Text to 3D,Optional,Shared geometry family + tier-specific texture/details,None,None,Optional,300,1000,0.45,0.0,512x512,BaseColor; Normal; Metallic; Roughness; AO; Emission optional,1,0.45,Base center,Simple box or none,FBX,Assets/_Game/Art/Resources/T6/Textile,Assets/_Game/Prefabs/Resources/PF_fiber_refined_t06.prefab,resource_textile,Tier 6 material palette,1,Planned,Reads as cloth roll at 64 px render; single compact silhouette; no background or pedestal,,ART_REF_001 + Visual Bible v1.0
resource_fiber_refined_t07_001,Seda Astral,Astral Silk,3D Model,Resource,Textile,Economy,Inventory/crafting material representation,Season 1,P2,T7,None,Costureiro,Global,Yes,Text to 3D,Optional,Shared geometry family + tier-specific texture/details,None,None,Optional,300,1000,0.45,0.0,512x512,BaseColor; Normal; Metallic; Roughness; AO; Emission optional,1,0.45,Base center,Simple box or none,FBX,Assets/_Game/Art/Resources/T7/Textile,Assets/_Game/Prefabs/Resources/PF_fiber_refined_t07.prefab,resource_textile,Tier 7 material palette,1,Planned,Reads as cloth roll at 64 px render; single compact silhouette; no background or pedestal,,ART_REF_001 + Visual Bible v1.0
resource_herb_raw_t04_001,Folha Lunar,Moonleaf,3D Model,Resource,Herb,Economy,Inventory/crafting material representation,Season 1,P2,T4,None,Coletador,Global,Yes,Text to 3D,Optional,Shared geometry family + tier-specific texture/details,None,None,Optional,300,1000,0.45,0.0,512x512,BaseColor; Normal; Metallic; Roughness; AO; Emission optional,1,0.45,Base center,Simple box or none,FBX,Assets/_Game/Art/Resources/T4/Herb,Assets/_Game/Prefabs/Resources/PF_herb_raw_t04.prefab,resource_herb,Tier 4 material palette,1,Planned,Reads as herb bundle at 64 px render; single compact silhouette; no background or pedestal,,ART_REF_001 + Visual Bible v1.0
resource_herb_raw_t05_001,Raiz de Dragão,Dragonroot,3D Model,Resource,Herb,Economy,Inventory/crafting material representation,Season 1,P2,T5,None,Coletador,Global,Yes,Text to 3D,Optional,Shared geometry family + tier-specific texture/details,None,None,Optional,300,1000,0.45,0.0,512x512,BaseColor; Normal; Metallic; Roughness; AO; Emission optional,1,0.45,Base center,Simple box or none,FBX,Assets/_Game/Art/Resources/T5/Herb,Assets/_Game/Prefabs/Resources/PF_herb_raw_t05.prefab,resource_herb,Tier 5 material palette,1,Planned,Reads as herb bundle at 64 px render; single compact silhouette; no background or pedestal,,ART_REF_001 + Visual Bible v1.0
resource_herb_raw_t06_001,Flor de Fênix,Phoenix Bloom,3D Model,Resource,Herb,Economy,Inventory/crafting material representation,Season 1,P2,T6,None,Coletador,Global,Yes,Text to 3D,Optional,Shared geometry family + tier-specific texture/details,None,None,Optional,300,1000,0.45,0.0,512x512,BaseColor; Normal; Metallic; Roughness; AO; Emission optional,1,0.45,Base center,Simple box or none,FBX,Assets/_Game/Art/Resources/T6/Herb,Assets/_Game/Prefabs/Resources/PF_herb_raw_t06.prefab,resource_herb,Tier 6 material palette,1,Planned,Reads as herb bundle at 64 px render; single compact silhouette; no background or pedestal,,ART_REF_001 + Visual Bible v1.0
resource_herb_raw_t07_001,Folha Estelar,Starleaf,3D Model,Resource,Herb,Economy,Inventory/crafting material representation,Season 1,P2,T7,None,Coletador,Global,Yes,Text to 3D,Optional,Shared geometry family + tier-specific texture/details,None,None,Optional,300,1000,0.45,0.0,512x512,BaseColor; Normal; Metallic; Roughness; AO; Emission optional,1,0.45,Base center,Simple box or none,FBX,Assets/_Game/Art/Resources/T7/Herb,Assets/_Game/Prefabs/Resources/PF_herb_raw_t07.prefab,resource_herb,Tier 7 material palette,1,Planned,Reads as herb bundle at 64 px render; single compact silhouette; no background or pedestal,,ART_REF_001 + Visual Bible v1.0
resource_herb_refined_t04_001,Solvente Espiritual,Spirit Solvent,3D Model,Resource,Extract,Economy,Inventory/crafting material representation,Season 1,P2,T4,None,Alquimista,Global,Yes,Text to 3D,Optional,Shared geometry family + tier-specific texture/details,None,None,Optional,300,1000,0.45,0.0,512x512,BaseColor; Normal; Metallic; Roughness; AO; Emission optional,1,0.45,Base center,Simple box or none,FBX,Assets/_Game/Art/Resources/T4/Extract,Assets/_Game/Prefabs/Resources/PF_herb_refined_t04.prefab,resource_extract,Tier 4 material palette,1,Planned,Reads as alchemical vial at 64 px render; single compact silhouette; no background or pedestal,,ART_REF_001 + Visual Bible v1.0
resource_herb_refined_t05_001,Extrato Maior,Greater Extract,3D Model,Resource,Extract,Economy,Inventory/crafting material representation,Season 1,P2,T5,None,Alquimista,Global,Yes,Text to 3D,Optional,Shared geometry family + tier-specific texture/details,None,None,Optional,300,1000,0.45,0.0,512x512,BaseColor; Normal; Metallic; Roughness; AO; Emission optional,1,0.45,Base center,Simple box or none,FBX,Assets/_Game/Art/Resources/T5/Extract,Assets/_Game/Prefabs/Resources/PF_herb_refined_t05.prefab,resource_extract,Tier 5 material palette,1,Planned,Reads as alchemical vial at 64 px render; single compact silhouette; no background or pedestal,,ART_REF_001 + Visual Bible v1.0
resource_herb_refined_t06_001,Óleo de Têmpera Dracônico,Dragon Tempering Oil,3D Model,Resource,Extract,Economy,Inventory/crafting material representation,Season 1,P2,T6,None,Alquimista,Global,Yes,Text to 3D,Optional,Shared geometry family + tier-specific texture/details,None,None,Optional,300,1000,0.45,0.0,512x512,BaseColor; Normal; Metallic; Roughness; AO; Emission optional,1,0.45,Base center,Simple box or none,FBX,Assets/_Game/Art/Resources/T6/Extract,Assets/_Game/Prefabs/Resources/PF_herb_refined_t06.prefab,resource_extract,Tier 6 material palette,1,Planned,Reads as alchemical vial at 64 px render; single compact silhouette; no background or pedestal,,ART_REF_001 + Visual Bible v1.0
resource_herb_refined_t07_001,Extrato Astral,Astral Extract,3D Model,Resource,Extract,Economy,Inventory/crafting material representation,Season 1,P2,T7,None,Alquimista,Global,Yes,Text to 3D,Optional,Shared geometry family + tier-specific texture/details,None,None,Optional,300,1000,0.45,0.0,512x512,BaseColor; Normal; Metallic; Roughness; AO; Emission optional,1,0.45,Base center,Simple box or none,FBX,Assets/_Game/Art/Resources/T7/Extract,Assets/_Game/Prefabs/Resources/PF_herb_refined_t07.prefab,resource_extract,Tier 7 material palette,1,Planned,Reads as alchemical vial at 64 px render; single compact silhouette; no background or pedestal,,ART_REF_001 + Visual Bible v1.0
resource_hide_raw_t04_001,Pele Lunar,Moonhide,3D Model,Resource,Hide,Economy,Inventory/crafting material representation,Season 1,P2,T4,None,Coletador,Global,Yes,Text to 3D,Optional,Shared geometry family + tier-specific texture/details,None,None,Optional,300,1000,0.45,0.0,512x512,BaseColor; Normal; Metallic; Roughness; AO; Emission optional,1,0.45,Base center,Simple box or none,FBX,Assets/_Game/Art/Resources/T4/Hide,Assets/_Game/Prefabs/Resources/PF_hide_raw_t04.prefab,resource_hide,Tier 4 material palette,1,Planned,Reads as folded hide at 64 px render; single compact silhouette; no background or pedestal,,ART_REF_001 + Visual Bible v1.0
resource_hide_raw_t05_001,Pele Ancestral,Ancient Hide,3D Model,Resource,Hide,Economy,Inventory/crafting material representation,Season 1,P2,T5,None,Coletador,Global,Yes,Text to 3D,Optional,Shared geometry family + tier-specific texture/details,None,None,Optional,300,1000,0.45,0.0,512x512,BaseColor; Normal; Metallic; Roughness; AO; Emission optional,1,0.45,Base center,Simple box or none,FBX,Assets/_Game/Art/Resources/T5/Hide,Assets/_Game/Prefabs/Resources/PF_hide_raw_t05.prefab,resource_hide,Tier 5 material palette,1,Planned,Reads as folded hide at 64 px render; single compact silhouette; no background or pedestal,,ART_REF_001 + Visual Bible v1.0
resource_hide_raw_t06_001,Pele Dracônica,Dragon Hide,3D Model,Resource,Hide,Economy,Inventory/crafting material representation,Season 1,P2,T6,None,Coletador,Global,Yes,Text to 3D,Optional,Shared geometry family + tier-specific texture/details,None,None,Optional,300,1000,0.45,0.0,512x512,BaseColor; Normal; Metallic; Roughness; AO; Emission optional,1,0.45,Base center,Simple box or none,FBX,Assets/_Game/Art/Resources/T6/Hide,Assets/_Game/Prefabs/Resources/PF_hide_raw_t06.prefab,resource_hide,Tier 6 material palette,1,Planned,Reads as folded hide at 64 px render; single compact silhouette; no background or pedestal,,ART_REF_001 + Visual Bible v1.0
resource_hide_raw_t07_001,Pele do Vazio,Void Hide,3D Model,Resource,Hide,Economy,Inventory/crafting material representation,Season 1,P2,T7,None,Coletador,Global,Yes,Text to 3D,Optional,Shared geometry family + tier-specific texture/details,None,None,Optional,300,1000,0.45,0.0,512x512,BaseColor; Normal; Metallic; Roughness; AO; Emission optional,1,0.45,Base center,Simple box or none,FBX,Assets/_Game/Art/Resources/T7/Hide,Assets/_Game/Prefabs/Resources/PF_hide_raw_t07.prefab,resource_hide,Tier 7 material palette,1,Planned,Reads as folded hide at 64 px render; single compact silhouette; no background or pedestal,,ART_REF_001 + Visual Bible v1.0
resource_hide_refined_t04_001,Couro Lunar,Moon-Treated Leather,3D Model,Resource,Leather,Economy,Inventory/crafting material representation,Season 1,P2,T4,None,Costureiro,Global,Yes,Text to 3D,Optional,Shared geometry family + tier-specific texture/details,None,None,Optional,300,1000,0.45,0.0,512x512,BaseColor; Normal; Metallic; Roughness; AO; Emission optional,1,0.45,Base center,Simple box or none,FBX,Assets/_Game/Art/Resources/T4/Leather,Assets/_Game/Prefabs/Resources/PF_hide_refined_t04.prefab,resource_leather,Tier 4 material palette,1,Planned,Reads as treated leather stack at 64 px render; single compact silhouette; no background or pedestal,,ART_REF_001 + Visual Bible v1.0
resource_hide_refined_t05_001,Couro Ancestral,Ancient Leather,3D Model,Resource,Leather,Economy,Inventory/crafting material representation,Season 1,P2,T5,None,Costureiro,Global,Yes,Text to 3D,Optional,Shared geometry family + tier-specific texture/details,None,None,Optional,300,1000,0.45,0.0,512x512,BaseColor; Normal; Metallic; Roughness; AO; Emission optional,1,0.45,Base center,Simple box or none,FBX,Assets/_Game/Art/Resources/T5/Leather,Assets/_Game/Prefabs/Resources/PF_hide_refined_t05.prefab,resource_leather,Tier 5 material palette,1,Planned,Reads as treated leather stack at 64 px render; single compact silhouette; no background or pedestal,,ART_REF_001 + Visual Bible v1.0
resource_hide_refined_t06_001,Couro Dracônico,Dragon Leather,3D Model,Resource,Leather,Economy,Inventory/crafting material representation,Season 1,P2,T6,None,Costureiro,Global,Yes,Text to 3D,Optional,Shared geometry family + tier-specific texture/details,None,None,Optional,300,1000,0.45,0.0,512x512,BaseColor; Normal; Metallic; Roughness; AO; Emission optional,1,0.45,Base center,Simple box or none,FBX,Assets/_Game/Art/Resources/T6/Leather,Assets/_Game/Prefabs/Resources/PF_hide_refined_t06.prefab,resource_leather,Tier 6 material palette,1,Planned,Reads as treated leather stack at 64 px render; single compact silhouette; no background or pedestal,,ART_REF_001 + Visual Bible v1.0
resource_hide_refined_t07_001,Couro do Vazio,Void Leather,3D Model,Resource,Leather,Economy,Inventory/crafting material representation,Season 1,P2,T7,None,Costureiro,Global,Yes,Text to 3D,Optional,Shared geometry family + tier-specific texture/details,None,None,Optional,300,1000,0.45,0.0,512x512,BaseColor; Normal; Metallic; Roughness; AO; Emission optional,1,0.45,Base center,Simple box or none,FBX,Assets/_Game/Art/Resources/T7/Leather,Assets/_Game/Prefabs/Resources/PF_hide_refined_t07.prefab,resource_leather,Tier 7 material palette,1,Planned,Reads as treated leather stack at 64 px render; single compact silhouette; no background or pedestal,,ART_REF_001 + Visual Bible v1.0
resource_metal_raw_t04_001,Minério de Mithril,Mithril Ore,3D Model,Resource,Metal Ore,Economy,Inventory/crafting material representation,Season 1,P2,T4,None,Coletador,Global,Yes,Text to 3D,Optional,Shared geometry family + tier-specific texture/details,None,None,Optional,300,1000,0.45,0.0,512x512,BaseColor; Normal; Metallic; Roughness; AO; Emission optional,1,0.45,Base center,Simple box or none,FBX,Assets/_Game/Art/Resources/T4/MetalOre,Assets/_Game/Prefabs/Resources/PF_metal_raw_t04.prefab,resource_metal_ore,Tier 4 material palette,1,Planned,Reads as raw ore pile at 64 px render; single compact silhouette; no background or pedestal,,ART_REF_001 + Visual Bible v1.0
resource_metal_raw_t05_001,Minério de Adamantita,Adamantite Ore,3D Model,Resource,Metal Ore,Economy,Inventory/crafting material representation,Season 1,P2,T5,None,Coletador,Global,Yes,Text to 3D,Optional,Shared geometry family + tier-specific texture/details,None,None,Optional,300,1000,0.45,0.0,512x512,BaseColor; Normal; Metallic; Roughness; AO; Emission optional,1,0.45,Base center,Simple box or none,FBX,Assets/_Game/Art/Resources/T5/MetalOre,Assets/_Game/Prefabs/Resources/PF_metal_raw_t05.prefab,resource_metal_ore,Tier 5 material palette,1,Planned,Reads as raw ore pile at 64 px render; single compact silhouette; no background or pedestal,,ART_REF_001 + Visual Bible v1.0
resource_metal_raw_t06_001,Minério Dracônico,Dragon Ore,3D Model,Resource,Metal Ore,Economy,Inventory/crafting material representation,Season 1,P2,T6,None,Coletador,Global,Yes,Text to 3D,Optional,Shared geometry family + tier-specific texture/details,None,None,Optional,300,1000,0.45,0.0,512x512,BaseColor; Normal; Metallic; Roughness; AO; Emission optional,1,0.45,Base center,Simple box or none,FBX,Assets/_Game/Art/Resources/T6/MetalOre,Assets/_Game/Prefabs/Resources/PF_metal_raw_t06.prefab,resource_metal_ore,Tier 6 material palette,1,Planned,Reads as raw ore pile at 64 px render; single compact silhouette; no background or pedestal,,ART_REF_001 + Visual Bible v1.0
resource_metal_raw_t07_001,Minério de Oricalco,Orichalcum Ore,3D Model,Resource,Metal Ore,Economy,Inventory/crafting material representation,Season 1,P2,T7,None,Coletador,Global,Yes,Text to 3D,Optional,Shared geometry family + tier-specific texture/details,None,None,Optional,300,1000,0.45,0.0,512x512,BaseColor; Normal; Metallic; Roughness; AO; Emission optional,1,0.45,Base center,Simple box or none,FBX,Assets/_Game/Art/Resources/T7/MetalOre,Assets/_Game/Prefabs/Resources/PF_metal_raw_t07.prefab,resource_metal_ore,Tier 7 material palette,1,Planned,Reads as raw ore pile at 64 px render; single compact silhouette; no background or pedestal,,ART_REF_001 + Visual Bible v1.0
resource_metal_refined_t04_001,Lingote de Mithril,Mithril Ingot,3D Model,Resource,Metal Ingot,Economy,Inventory/crafting material representation,Season 1,P2,T4,None,Ferreiro,Global,Yes,Text to 3D,Optional,Shared geometry family + tier-specific texture/details,None,None,Optional,300,1000,0.45,0.0,512x512,BaseColor; Normal; Metallic; Roughness; AO; Emission optional,1,0.45,Base center,Simple box or none,FBX,Assets/_Game/Art/Resources/T4/MetalIngot,Assets/_Game/Prefabs/Resources/PF_metal_refined_t04.prefab,resource_metal_ingot,Tier 4 material palette,1,Planned,Reads as ingot stack at 64 px render; single compact silhouette; no background or pedestal,,ART_REF_001 + Visual Bible v1.0
resource_metal_refined_t05_001,Lingote de Adamantita,Adamantite Ingot,3D Model,Resource,Metal Ingot,Economy,Inventory/crafting material representation,Season 1,P2,T5,None,Ferreiro,Global,Yes,Text to 3D,Optional,Shared geometry family + tier-specific texture/details,None,None,Optional,300,1000,0.45,0.0,512x512,BaseColor; Normal; Metallic; Roughness; AO; Emission optional,1,0.45,Base center,Simple box or none,FBX,Assets/_Game/Art/Resources/T5/MetalIngot,Assets/_Game/Prefabs/Resources/PF_metal_refined_t05.prefab,resource_metal_ingot,Tier 5 material palette,1,Planned,Reads as ingot stack at 64 px render; single compact silhouette; no background or pedestal,,ART_REF_001 + Visual Bible v1.0
resource_metal_refined_t06_001,Lingote de Aço Dracônico,Dragonsteel Ingot,3D Model,Resource,Metal Ingot,Economy,Inventory/crafting material representation,Season 1,P2,T6,None,Ferreiro,Global,Yes,Text to 3D,Optional,Shared geometry family + tier-specific texture/details,None,None,Optional,300,1000,0.45,0.0,512x512,BaseColor; Normal; Metallic; Roughness; AO; Emission optional,1,0.45,Base center,Simple box or none,FBX,Assets/_Game/Art/Resources/T6/MetalIngot,Assets/_Game/Prefabs/Resources/PF_metal_refined_t06.prefab,resource_metal_ingot,Tier 6 material palette,1,Planned,Reads as ingot stack at 64 px render; single compact silhouette; no background or pedestal,,ART_REF_001 + Visual Bible v1.0
resource_metal_refined_t07_001,Lingote de Oricalco,Orichalcum Ingot,3D Model,Resource,Metal Ingot,Economy,Inventory/crafting material representation,Season 1,P2,T7,None,Ferreiro,Global,Yes,Text to 3D,Optional,Shared geometry family + tier-specific texture/details,None,None,Optional,300,1000,0.45,0.0,512x512,BaseColor; Normal; Metallic; Roughness; AO; Emission optional,1,0.45,Base center,Simple box or none,FBX,Assets/_Game/Art/Resources/T7/MetalIngot,Assets/_Game/Prefabs/Resources/PF_metal_refined_t07.prefab,resource_metal_ingot,Tier 7 material palette,1,Planned,Reads as ingot stack at 64 px render; single compact silhouette; no background or pedestal,,ART_REF_001 + Visual Bible v1.0
ui_badge_tier_04_001,Emblema Tier 4,Tier 4 Badge,2D Image,UI,Tier Badge,UI,Tier identification,Season 1,P2,T4,None,None,Global,No,None,No,Standalone,None,None,No,0,0,0,0,256x256,RGBA/SDF optional,0,0,N/A,None,PNG or SVG,Assets/_Game/Art/UI/Badges/Tier,N/A,ui_tier_badges,Tier visual language,1,Planned,Tier number may be overlaid by UI text; base shape progresses structurally,,ART_REF_001 + Visual Bible v1.0
ui_badge_tier_05_001,Emblema Tier 5,Tier 5 Badge,2D Image,UI,Tier Badge,UI,Tier identification,Season 1,P2,T5,None,None,Global,No,None,No,Standalone,None,None,No,0,0,0,0,256x256,RGBA/SDF optional,0,0,N/A,None,PNG or SVG,Assets/_Game/Art/UI/Badges/Tier,N/A,ui_tier_badges,Tier visual language,1,Planned,Tier number may be overlaid by UI text; base shape progresses structurally,,ART_REF_001 + Visual Bible v1.0
ui_badge_tier_06_001,Emblema Tier 6,Tier 6 Badge,2D Image,UI,Tier Badge,UI,Tier identification,Season 1,P2,T6,None,None,Global,No,None,No,Standalone,None,None,No,0,0,0,0,256x256,RGBA/SDF optional,0,0,N/A,None,PNG or SVG,Assets/_Game/Art/UI/Badges/Tier,N/A,ui_tier_badges,Tier visual language,1,Planned,Tier number may be overlaid by UI text; base shape progresses structurally,,ART_REF_001 + Visual Bible v1.0
ui_badge_tier_07_001,Emblema Tier 7,Tier 7 Badge,2D Image,UI,Tier Badge,UI,Tier identification,Season 1,P2,T7,None,None,Global,No,None,No,Standalone,None,None,No,0,0,0,0,256x256,RGBA/SDF optional,0,0,N/A,None,PNG or SVG,Assets/_Game/Art/UI/Badges/Tier,N/A,ui_tier_badges,Tier visual language,1,Planned,Tier number may be overlaid by UI text; base shape progresses structurally,,ART_REF_001 + Visual Bible v1.0
ui_badge_tier_08_001,Emblema Tier 8,Tier 8 Badge,2D Image,UI,Tier Badge,UI,Tier identification,Season 1,P2,T8,None,None,Global,No,None,No,Standalone,None,None,No,0,0,0,0,256x256,RGBA/SDF optional,0,0,N/A,None,PNG or SVG,Assets/_Game/Art/UI/Badges/Tier,N/A,ui_tier_badges,Tier visual language,1,Planned,Tier number may be overlaid by UI text; base shape progresses structurally,,ART_REF_001 + Visual Bible v1.0
ui_badge_tier_09_001,Emblema Tier 9,Tier 9 Badge,2D Image,UI,Tier Badge,UI,Tier identification,Season 1,P2,T9,None,None,Global,No,None,No,Standalone,None,None,No,0,0,0,0,256x256,RGBA/SDF optional,0,0,N/A,None,PNG or SVG,Assets/_Game/Art/UI/Badges/Tier,N/A,ui_tier_badges,Tier visual language,1,Planned,Tier number may be overlaid by UI text; base shape progresses structurally,,ART_REF_001 + Visual Bible v1.0
skin_archer_t09_base,Skin Arqueira T9,Archer Skin T9,3D Model,Character Skin,Archer,Heroes,Full-body equipment set visualization,Post-MVP,P3,T9,Base tier skin; Legendary/Mythic may receive separate premium variant,None,Global,Yes,Multi-view Image to 3D,Yes,Full skin; separate weapon/shield,Humanoid,anim_hero_ranged_humanoid,Yes,5000,8500,0.5,0.25,2048x2048,BaseColor; Normal; Metallic; Roughness; AO; Emission mask,3,1.9,Between feet at ground,Uses character prefab colliders,FBX,Assets/_Game/Art/Characters/Heroes/Archer/Skins/T9,Assets/_Game/Prefabs/Characters/Heroes/Skins/PF_skin_archer_t09.prefab,skin_archer_shared_skeleton,hero_archer_001; approved tier concept; shared humanoid skeleton,1,Planned,Exact shared skeleton proportions; no clipping in standard animations; tier silhouette progression is clear,,ART_REF_001 + Visual Bible v1.0
skin_mage_t09_base,Skin Mago T9,Mage Skin T9,3D Model,Character Skin,Mage,Heroes,Full-body equipment set visualization,Post-MVP,P3,T9,Base tier skin; Legendary/Mythic may receive separate premium variant,None,Global,Yes,Multi-view Image to 3D,Yes,Full skin; separate weapon/shield,Humanoid,anim_hero_caster_humanoid,Yes,5000,8500,0.5,0.25,2048x2048,BaseColor; Normal; Metallic; Roughness; AO; Emission mask,3,1.9,Between feet at ground,Uses character prefab colliders,FBX,Assets/_Game/Art/Characters/Heroes/Mage/Skins/T9,Assets/_Game/Prefabs/Characters/Heroes/Skins/PF_skin_mage_t09.prefab,skin_mage_shared_skeleton,hero_mage_001; approved tier concept; shared humanoid skeleton,1,Planned,Exact shared skeleton proportions; no clipping in standard animations; tier silhouette progression is clear,,ART_REF_001 + Visual Bible v1.0
skin_paladin_t09_base,Skin Paladino T9,Paladin Skin T9,3D Model,Character Skin,Paladin,Heroes,Full-body equipment set visualization,Post-MVP,P3,T9,Base tier skin; Legendary/Mythic may receive separate premium variant,None,Global,Yes,Multi-view Image to 3D,Yes,Full skin; separate weapon/shield,Humanoid,anim_hero_tank_humanoid,Yes,5000,8500,0.5,0.25,2048x2048,BaseColor; Normal; Metallic; Roughness; AO; Emission mask,3,1.9,Between feet at ground,Uses character prefab colliders,FBX,Assets/_Game/Art/Characters/Heroes/Paladin/Skins/T9,Assets/_Game/Prefabs/Characters/Heroes/Skins/PF_skin_paladin_t09.prefab,skin_paladin_shared_skeleton,hero_paladin_001; approved tier concept; shared humanoid skeleton,1,Planned,Exact shared skeleton proportions; no clipping in standard animations; tier silhouette progression is clear,,ART_REF_001 + Visual Bible v1.0
station_alchemist_t09_001,Laboratório T9,Laboratory T9,3D Model,Crafting Station,Alchemist,Crafting,Alquimista production station milestone,Post-MVP,P3,T9,None,Alquimista,Global,Yes,Image to 3D,Yes,Station base + milestone upgrade variant,Generic optional,anim_station_alchemist,Yes,8000,10500,0.5,0.2,2048x2048,BaseColor; Normal; Metallic; Roughness; AO; Emission optional,3,3.5,Base center; work interaction point marked,Compound box colliders,FBX,Assets/_Game/Art/Crafting/Stations/Alchemist/T9,Assets/_Game/Prefabs/Crafting/Stations/PF_alchemist_t09.prefab,station_alchemist_milestones,Station interaction socket; profession material kit,1,Planned,Immediate Alquimista readability; irregular e orgânica silhouette; clear work area; milestone visibly stronger than prior tier,,ART_REF_001 + Visual Bible v1.0
station_blacksmith_t09_001,Forja T9,Forge T9,3D Model,Crafting Station,Blacksmith,Crafting,Ferreiro production station milestone,Post-MVP,P3,T9,None,Ferreiro,Global,Yes,Image to 3D,Yes,Station base + milestone upgrade variant,Generic optional,anim_station_blacksmith,Yes,8000,10500,0.5,0.2,2048x2048,BaseColor; Normal; Metallic; Roughness; AO; Emission optional,3,3.5,Base center; work interaction point marked,Compound box colliders,FBX,Assets/_Game/Art/Crafting/Stations/Blacksmith/T9,Assets/_Game/Prefabs/Crafting/Stations/PF_blacksmith_t09.prefab,station_blacksmith_milestones,Station interaction socket; profession material kit,1,Planned,Immediate Ferreiro readability; quadrada e pesada silhouette; clear work area; milestone visibly stronger than prior tier,,ART_REF_001 + Visual Bible v1.0
station_enchanter_t09_001,Mesa Arcana T9,Arcane Table T9,3D Model,Crafting Station,Enchanter,Crafting,Encantador production station milestone,Post-MVP,P3,T9,None,Encantador,Global,Yes,Image to 3D,Yes,Station base + milestone upgrade variant,Generic optional,anim_station_enchanter,Yes,8000,10500,0.5,0.2,2048x2048,BaseColor; Normal; Metallic; Roughness; AO; Emission optional,3,3.5,Base center; work interaction point marked,Compound box colliders,FBX,Assets/_Game/Art/Crafting/Stations/Enchanter/T9,Assets/_Game/Prefabs/Crafting/Stations/PF_enchanter_t09.prefab,station_enchanter_milestones,Station interaction socket; profession material kit,1,Planned,Immediate Encantador readability; circular e vertical silhouette; clear work area; milestone visibly stronger than prior tier,,ART_REF_001 + Visual Bible v1.0
station_gatherer_t09_001,Acampamento de Expedição T9,Expedition Camp T9,3D Model,Crafting Station,Gatherer,Crafting,Coletador production station milestone,Post-MVP,P3,T9,None,Coletador,Global,Yes,Image to 3D,Yes,Station base + milestone upgrade variant,Generic optional,anim_station_gatherer,Yes,8000,10500,0.5,0.2,2048x2048,BaseColor; Normal; Metallic; Roughness; AO; Emission optional,3,3.5,Base center; work interaction point marked,Compound box colliders,FBX,Assets/_Game/Art/Crafting/Stations/Gatherer/T9,Assets/_Game/Prefabs/Crafting/Stations/PF_gatherer_t09.prefab,station_gatherer_milestones,Station interaction socket; profession material kit,1,Planned,Immediate Coletador readability; triangular e robusta silhouette; clear work area; milestone visibly stronger than prior tier,,ART_REF_001 + Visual Bible v1.0
station_tailor_t09_001,Ateliê T9,Atelier T9,3D Model,Crafting Station,Tailor,Crafting,Costureiro production station milestone,Post-MVP,P3,T9,None,Costureiro,Global,Yes,Image to 3D,Yes,Station base + milestone upgrade variant,Generic optional,anim_station_tailor,Yes,8000,10500,0.5,0.2,2048x2048,BaseColor; Normal; Metallic; Roughness; AO; Emission optional,3,3.5,Base center; work interaction point marked,Compound box colliders,FBX,Assets/_Game/Art/Crafting/Stations/Tailor/T9,Assets/_Game/Prefabs/Crafting/Stations/PF_tailor_t09.prefab,station_tailor_milestones,Station interaction socket; profession material kit,1,Planned,Immediate Costureiro readability; horizontal e organizada silhouette; clear work area; milestone visibly stronger than prior tier,,ART_REF_001 + Visual Bible v1.0
equipment_amulet_t08_base,Amuleto T8,Amulet T8,3D Model,Equipment,Accessory,Equipment,Crafted/equippable item family,Post-MVP,P3,T8,6 rarity material/ornament variants from one tier family,Encantador,Global,Yes,Image to 3D,Yes,Base geometry + rarity overlays/material variants,None,Socketed when weapon,Yes,350,900,0.5,0.2,1024x1024,BaseColor; Normal; Metallic; Roughness; AO; Emission mask,2,0.25,Grip point for weapons; base center for accessories,Simple or none,FBX,Assets/_Game/Art/Equipment/T8/Accessory,Assets/_Game/Prefabs/Equipment/T8/PF_amulet_t08.prefab,equipment_amulet_tier_family,Tier 8 language; rarity material library,6,Planned,Tier readable without rarity color; six rarity treatments possible; correct pivot; no excessive emission,,ART_REF_001 + Visual Bible v1.0
equipment_amulet_t09_base,Amuleto T9,Amulet T9,3D Model,Equipment,Accessory,Equipment,Crafted/equippable item family,Post-MVP,P3,T9,6 rarity material/ornament variants from one tier family,Encantador,Global,Yes,Image to 3D,Yes,Base geometry + rarity overlays/material variants,None,Socketed when weapon,Yes,350,900,0.5,0.2,1024x1024,BaseColor; Normal; Metallic; Roughness; AO; Emission mask,2,0.25,Grip point for weapons; base center for accessories,Simple or none,FBX,Assets/_Game/Art/Equipment/T9/Accessory,Assets/_Game/Prefabs/Equipment/T9/PF_amulet_t09.prefab,equipment_amulet_tier_family,Tier 9 language; rarity material library,6,Planned,Tier readable without rarity color; six rarity treatments possible; correct pivot; no excessive emission,,ART_REF_001 + Visual Bible v1.0
equipment_longbow_t08_base,Arco Longo T8,Longbow T8,3D Model,Equipment,Weapon,Equipment,Crafted/equippable item family,Post-MVP,P3,T8,6 rarity material/ornament variants from one tier family,Costureiro,Global,Yes,Image to 3D,Yes,Base geometry + rarity overlays/material variants,None,Socketed when weapon,Yes,900,2500,0.5,0.2,1024x1024,BaseColor; Normal; Metallic; Roughness; AO; Emission mask,2,1.5,Grip point for weapons; base center for accessories,Simple or none,FBX,Assets/_Game/Art/Equipment/T8/Weapon,Assets/_Game/Prefabs/Equipment/T8/PF_longbow_t08.prefab,equipment_longbow_tier_family,Tier 8 language; rarity material library,6,Planned,Tier readable without rarity color; six rarity treatments possible; correct pivot; no excessive emission,,ART_REF_001 + Visual Bible v1.0
equipment_longbow_t09_base,Arco Longo T9,Longbow T9,3D Model,Equipment,Weapon,Equipment,Crafted/equippable item family,Post-MVP,P3,T9,6 rarity material/ornament variants from one tier family,Costureiro,Global,Yes,Image to 3D,Yes,Base geometry + rarity overlays/material variants,None,Socketed when weapon,Yes,900,2500,0.5,0.2,1024x1024,BaseColor; Normal; Metallic; Roughness; AO; Emission mask,2,1.5,Grip point for weapons; base center for accessories,Simple or none,FBX,Assets/_Game/Art/Equipment/T9/Weapon,Assets/_Game/Prefabs/Equipment/T9/PF_longbow_t09.prefab,equipment_longbow_tier_family,Tier 9 language; rarity material library,6,Planned,Tier readable without rarity color; six rarity treatments possible; correct pivot; no excessive emission,,ART_REF_001 + Visual Bible v1.0
equipment_ring_t08_base,Anel T8,Ring T8,3D Model,Equipment,Accessory,Equipment,Crafted/equippable item family,Post-MVP,P3,T8,6 rarity material/ornament variants from one tier family,Encantador,Global,Yes,Image to 3D,Yes,Base geometry + rarity overlays/material variants,None,Socketed when weapon,Yes,300,800,0.5,0.2,1024x1024,BaseColor; Normal; Metallic; Roughness; AO; Emission mask,2,0.15,Grip point for weapons; base center for accessories,Simple or none,FBX,Assets/_Game/Art/Equipment/T8/Accessory,Assets/_Game/Prefabs/Equipment/T8/PF_ring_t08.prefab,equipment_ring_tier_family,Tier 8 language; rarity material library,6,Planned,Tier readable without rarity color; six rarity treatments possible; correct pivot; no excessive emission,,ART_REF_001 + Visual Bible v1.0
equipment_ring_t09_base,Anel T9,Ring T9,3D Model,Equipment,Accessory,Equipment,Crafted/equippable item family,Post-MVP,P3,T9,6 rarity material/ornament variants from one tier family,Encantador,Global,Yes,Image to 3D,Yes,Base geometry + rarity overlays/material variants,None,Socketed when weapon,Yes,300,800,0.5,0.2,1024x1024,BaseColor; Normal; Metallic; Roughness; AO; Emission mask,2,0.15,Grip point for weapons; base center for accessories,Simple or none,FBX,Assets/_Game/Art/Equipment/T9/Accessory,Assets/_Game/Prefabs/Equipment/T9/PF_ring_t09.prefab,equipment_ring_tier_family,Tier 9 language; rarity material library,6,Planned,Tier readable without rarity color; six rarity treatments possible; correct pivot; no excessive emission,,ART_REF_001 + Visual Bible v1.0
equipment_shield_t08_base,Escudo T8,Shield T8,3D Model,Equipment,Weapon,Equipment,Crafted/equippable item family,Post-MVP,P3,T8,6 rarity material/ornament variants from one tier family,Ferreiro,Global,Yes,Image to 3D,Yes,Base geometry + rarity overlays/material variants,None,Socketed when weapon,Yes,900,2600,0.5,0.2,1024x1024,BaseColor; Normal; Metallic; Roughness; AO; Emission mask,2,0.9,Grip point for weapons; base center for accessories,Simple or none,FBX,Assets/_Game/Art/Equipment/T8/Weapon,Assets/_Game/Prefabs/Equipment/T8/PF_shield_t08.prefab,equipment_shield_tier_family,Tier 8 language; rarity material library,6,Planned,Tier readable without rarity color; six rarity treatments possible; correct pivot; no excessive emission,,ART_REF_001 + Visual Bible v1.0
equipment_shield_t09_base,Escudo T9,Shield T9,3D Model,Equipment,Weapon,Equipment,Crafted/equippable item family,Post-MVP,P3,T9,6 rarity material/ornament variants from one tier family,Ferreiro,Global,Yes,Image to 3D,Yes,Base geometry + rarity overlays/material variants,None,Socketed when weapon,Yes,900,2600,0.5,0.2,1024x1024,BaseColor; Normal; Metallic; Roughness; AO; Emission mask,2,0.9,Grip point for weapons; base center for accessories,Simple or none,FBX,Assets/_Game/Art/Equipment/T9/Weapon,Assets/_Game/Prefabs/Equipment/T9/PF_shield_t09.prefab,equipment_shield_tier_family,Tier 9 language; rarity material library,6,Planned,Tier readable without rarity color; six rarity treatments possible; correct pivot; no excessive emission,,ART_REF_001 + Visual Bible v1.0
equipment_staff_t08_base,Cajado T8,Staff T8,3D Model,Equipment,Weapon,Equipment,Crafted/equippable item family,Post-MVP,P3,T8,6 rarity material/ornament variants from one tier family,Encantador,Global,Yes,Image to 3D,Yes,Base geometry + rarity overlays/material variants,None,Socketed when weapon,Yes,1000,2800,0.5,0.2,1024x1024,BaseColor; Normal; Metallic; Roughness; AO; Emission mask,2,1.7,Grip point for weapons; base center for accessories,Simple or none,FBX,Assets/_Game/Art/Equipment/T8/Weapon,Assets/_Game/Prefabs/Equipment/T8/PF_staff_t08.prefab,equipment_staff_tier_family,Tier 8 language; rarity material library,6,Planned,Tier readable without rarity color; six rarity treatments possible; correct pivot; no excessive emission,,ART_REF_001 + Visual Bible v1.0
equipment_staff_t09_base,Cajado T9,Staff T9,3D Model,Equipment,Weapon,Equipment,Crafted/equippable item family,Post-MVP,P3,T9,6 rarity material/ornament variants from one tier family,Encantador,Global,Yes,Image to 3D,Yes,Base geometry + rarity overlays/material variants,None,Socketed when weapon,Yes,1000,2800,0.5,0.2,1024x1024,BaseColor; Normal; Metallic; Roughness; AO; Emission mask,2,1.7,Grip point for weapons; base center for accessories,Simple or none,FBX,Assets/_Game/Art/Equipment/T9/Weapon,Assets/_Game/Prefabs/Equipment/T9/PF_staff_t09.prefab,equipment_staff_tier_family,Tier 9 language; rarity material library,6,Planned,Tier readable without rarity color; six rarity treatments possible; correct pivot; no excessive emission,,ART_REF_001 + Visual Bible v1.0
equipment_sword_1h_t08_base,Espada de Uma Mão T8,One-Handed Sword T8,3D Model,Equipment,Weapon,Equipment,Crafted/equippable item family,Post-MVP,P3,T8,6 rarity material/ornament variants from one tier family,Ferreiro,Global,Yes,Image to 3D,Yes,Base geometry + rarity overlays/material variants,None,Socketed when weapon,Yes,1000,3000,0.5,0.2,1024x1024,BaseColor; Normal; Metallic; Roughness; AO; Emission mask,2,1.1,Grip point for weapons; base center for accessories,Simple or none,FBX,Assets/_Game/Art/Equipment/T8/Weapon,Assets/_Game/Prefabs/Equipment/T8/PF_sword_1h_t08.prefab,equipment_sword_1h_tier_family,Tier 8 language; rarity material library,6,Planned,Tier readable without rarity color; six rarity treatments possible; correct pivot; no excessive emission,,ART_REF_001 + Visual Bible v1.0
equipment_sword_1h_t09_base,Espada de Uma Mão T9,One-Handed Sword T9,3D Model,Equipment,Weapon,Equipment,Crafted/equippable item family,Post-MVP,P3,T9,6 rarity material/ornament variants from one tier family,Ferreiro,Global,Yes,Image to 3D,Yes,Base geometry + rarity overlays/material variants,None,Socketed when weapon,Yes,1000,3000,0.5,0.2,1024x1024,BaseColor; Normal; Metallic; Roughness; AO; Emission mask,2,1.1,Grip point for weapons; base center for accessories,Simple or none,FBX,Assets/_Game/Art/Equipment/T9/Weapon,Assets/_Game/Prefabs/Equipment/T9/PF_sword_1h_t09.prefab,equipment_sword_1h_tier_family,Tier 9 language; rarity material library,6,Planned,Tier readable without rarity color; six rarity treatments possible; correct pivot; no excessive emission,,ART_REF_001 + Visual Bible v1.0
resource_arcane_raw_t08_001,Cristal Celestial,Celestial Crystal,3D Model,Resource,Arcane Crystal,Economy,Inventory/crafting material representation,Post-MVP,P3,T8,None,Coletador,Global,Yes,Text to 3D,Optional,Shared geometry family + tier-specific texture/details,None,None,Optional,300,1000,0.45,0.0,512x512,BaseColor; Normal; Metallic; Roughness; AO; Emission optional,1,0.45,Base center,Simple box or none,FBX,Assets/_Game/Art/Resources/T8/ArcaneCrystal,Assets/_Game/Prefabs/Resources/PF_arcane_raw_t08.prefab,resource_arcane_crystal,Tier 8 material palette,1,Planned,Reads as crystal cluster at 64 px render; single compact silhouette; no background or pedestal,,ART_REF_001 + Visual Bible v1.0
resource_arcane_raw_t09_001,Coração da Criação,Heart of Creation,3D Model,Resource,Arcane Crystal,Economy,Inventory/crafting material representation,Post-MVP,P3,T9,None,Coletador,Global,Yes,Text to 3D,Optional,Shared geometry family + tier-specific texture/details,None,None,Optional,300,1000,0.45,0.0,512x512,BaseColor; Normal; Metallic; Roughness; AO; Emission optional,1,0.45,Base center,Simple box or none,FBX,Assets/_Game/Art/Resources/T9/ArcaneCrystal,Assets/_Game/Prefabs/Resources/PF_arcane_raw_t09.prefab,resource_arcane_crystal,Tier 9 material palette,1,Planned,Reads as crystal cluster at 64 px render; single compact silhouette; no background or pedestal,,ART_REF_001 + Visual Bible v1.0
resource_arcane_refined_t08_001,Núcleo Serafim,Seraph Core,3D Model,Resource,Rune Core,Economy,Inventory/crafting material representation,Post-MVP,P3,T8,None,Encantador,Global,Yes,Text to 3D,Optional,Shared geometry family + tier-specific texture/details,None,None,Optional,300,1000,0.45,0.0,512x512,BaseColor; Normal; Metallic; Roughness; AO; Emission optional,1,0.45,Base center,Simple box or none,FBX,Assets/_Game/Art/Resources/T8/RuneCore,Assets/_Game/Prefabs/Resources/PF_arcane_refined_t08.prefab,resource_rune_core,Tier 8 material palette,1,Planned,Reads as rune core at 64 px render; single compact silhouette; no background or pedestal,,ART_REF_001 + Visual Bible v1.0
resource_arcane_refined_t09_001,Núcleo Rúnico Divino,Divine Rune Core,3D Model,Resource,Rune Core,Economy,Inventory/crafting material representation,Post-MVP,P3,T9,None,Encantador,Global,Yes,Text to 3D,Optional,Shared geometry family + tier-specific texture/details,None,None,Optional,300,1000,0.45,0.0,512x512,BaseColor; Normal; Metallic; Roughness; AO; Emission optional,1,0.45,Base center,Simple box or none,FBX,Assets/_Game/Art/Resources/T9/RuneCore,Assets/_Game/Prefabs/Resources/PF_arcane_refined_t09.prefab,resource_rune_core,Tier 9 material palette,1,Planned,Reads as rune core at 64 px render; single compact silhouette; no background or pedestal,,ART_REF_001 + Visual Bible v1.0
resource_fiber_raw_t08_001,Fibra Serafim,Seraph Fiber,3D Model,Resource,Fiber,Economy,Inventory/crafting material representation,Post-MVP,P3,T8,None,Coletador,Global,Yes,Text to 3D,Optional,Shared geometry family + tier-specific texture/details,None,None,Optional,300,1000,0.45,0.0,512x512,BaseColor; Normal; Metallic; Roughness; AO; Emission optional,1,0.45,Base center,Simple box or none,FBX,Assets/_Game/Art/Resources/T8/Fiber,Assets/_Game/Prefabs/Resources/PF_fiber_raw_t08.prefab,resource_fiber,Tier 8 material palette,1,Planned,Reads as fiber bundle at 64 px render; single compact silhouette; no background or pedestal,,ART_REF_001 + Visual Bible v1.0
resource_fiber_raw_t09_001,Fibra do Destino,Fate Fiber,3D Model,Resource,Fiber,Economy,Inventory/crafting material representation,Post-MVP,P3,T9,None,Coletador,Global,Yes,Text to 3D,Optional,Shared geometry family + tier-specific texture/details,None,None,Optional,300,1000,0.45,0.0,512x512,BaseColor; Normal; Metallic; Roughness; AO; Emission optional,1,0.45,Base center,Simple box or none,FBX,Assets/_Game/Art/Resources/T9/Fiber,Assets/_Game/Prefabs/Resources/PF_fiber_raw_t09.prefab,resource_fiber,Tier 9 material palette,1,Planned,Reads as fiber bundle at 64 px render; single compact silhouette; no background or pedestal,,ART_REF_001 + Visual Bible v1.0
resource_fiber_refined_t08_001,Trama Serafim,Seraph Weave,3D Model,Resource,Textile,Economy,Inventory/crafting material representation,Post-MVP,P3,T8,None,Costureiro,Global,Yes,Text to 3D,Optional,Shared geometry family + tier-specific texture/details,None,None,Optional,300,1000,0.45,0.0,512x512,BaseColor; Normal; Metallic; Roughness; AO; Emission optional,1,0.45,Base center,Simple box or none,FBX,Assets/_Game/Art/Resources/T8/Textile,Assets/_Game/Prefabs/Resources/PF_fiber_refined_t08.prefab,resource_textile,Tier 8 material palette,1,Planned,Reads as cloth roll at 64 px render; single compact silhouette; no background or pedestal,,ART_REF_001 + Visual Bible v1.0
resource_fiber_refined_t09_001,Trama do Destino,Fate Weave,3D Model,Resource,Textile,Economy,Inventory/crafting material representation,Post-MVP,P3,T9,None,Costureiro,Global,Yes,Text to 3D,Optional,Shared geometry family + tier-specific texture/details,None,None,Optional,300,1000,0.45,0.0,512x512,BaseColor; Normal; Metallic; Roughness; AO; Emission optional,1,0.45,Base center,Simple box or none,FBX,Assets/_Game/Art/Resources/T9/Textile,Assets/_Game/Prefabs/Resources/PF_fiber_refined_t09.prefab,resource_textile,Tier 9 material palette,1,Planned,Reads as cloth roll at 64 px render; single compact silhouette; no background or pedestal,,ART_REF_001 + Visual Bible v1.0
resource_herb_raw_t08_001,Raiz-Mundo,Worldroot,3D Model,Resource,Herb,Economy,Inventory/crafting material representation,Post-MVP,P3,T8,None,Coletador,Global,Yes,Text to 3D,Optional,Shared geometry family + tier-specific texture/details,None,None,Optional,300,1000,0.45,0.0,512x512,BaseColor; Normal; Metallic; Roughness; AO; Emission optional,1,0.45,Base center,Simple box or none,FBX,Assets/_Game/Art/Resources/T8/Herb,Assets/_Game/Prefabs/Resources/PF_herb_raw_t08.prefab,resource_herb,Tier 8 material palette,1,Planned,Reads as herb bundle at 64 px render; single compact silhouette; no background or pedestal,,ART_REF_001 + Visual Bible v1.0
resource_herb_raw_t09_001,Ambrosia,Ambrosia Herb,3D Model,Resource,Herb,Economy,Inventory/crafting material representation,Post-MVP,P3,T9,None,Coletador,Global,Yes,Text to 3D,Optional,Shared geometry family + tier-specific texture/details,None,None,Optional,300,1000,0.45,0.0,512x512,BaseColor; Normal; Metallic; Roughness; AO; Emission optional,1,0.45,Base center,Simple box or none,FBX,Assets/_Game/Art/Resources/T9/Herb,Assets/_Game/Prefabs/Resources/PF_herb_raw_t09.prefab,resource_herb,Tier 9 material palette,1,Planned,Reads as herb bundle at 64 px render; single compact silhouette; no background or pedestal,,ART_REF_001 + Visual Bible v1.0
resource_herb_refined_t08_001,Extrato Celestial,Celestial Extract,3D Model,Resource,Extract,Economy,Inventory/crafting material representation,Post-MVP,P3,T8,None,Alquimista,Global,Yes,Text to 3D,Optional,Shared geometry family + tier-specific texture/details,None,None,Optional,300,1000,0.45,0.0,512x512,BaseColor; Normal; Metallic; Roughness; AO; Emission optional,1,0.45,Base center,Simple box or none,FBX,Assets/_Game/Art/Resources/T8/Extract,Assets/_Game/Prefabs/Resources/PF_herb_refined_t08.prefab,resource_extract,Tier 8 material palette,1,Planned,Reads as alchemical vial at 64 px render; single compact silhouette; no background or pedestal,,ART_REF_001 + Visual Bible v1.0
resource_herb_refined_t09_001,Extrato Divino,Divine Extract,3D Model,Resource,Extract,Economy,Inventory/crafting material representation,Post-MVP,P3,T9,None,Alquimista,Global,Yes,Text to 3D,Optional,Shared geometry family + tier-specific texture/details,None,None,Optional,300,1000,0.45,0.0,512x512,BaseColor; Normal; Metallic; Roughness; AO; Emission optional,1,0.45,Base center,Simple box or none,FBX,Assets/_Game/Art/Resources/T9/Extract,Assets/_Game/Prefabs/Resources/PF_herb_refined_t09.prefab,resource_extract,Tier 9 material palette,1,Planned,Reads as alchemical vial at 64 px render; single compact silhouette; no background or pedestal,,ART_REF_001 + Visual Bible v1.0
resource_hide_raw_t08_001,Pele Celestial,Celestial Hide,3D Model,Resource,Hide,Economy,Inventory/crafting material representation,Post-MVP,P3,T8,None,Coletador,Global,Yes,Text to 3D,Optional,Shared geometry family + tier-specific texture/details,None,None,Optional,300,1000,0.45,0.0,512x512,BaseColor; Normal; Metallic; Roughness; AO; Emission optional,1,0.45,Base center,Simple box or none,FBX,Assets/_Game/Art/Resources/T8/Hide,Assets/_Game/Prefabs/Resources/PF_hide_raw_t08.prefab,resource_hide,Tier 8 material palette,1,Planned,Reads as folded hide at 64 px render; single compact silhouette; no background or pedestal,,ART_REF_001 + Visual Bible v1.0
resource_hide_raw_t09_001,Pele da Criação,Creation Hide,3D Model,Resource,Hide,Economy,Inventory/crafting material representation,Post-MVP,P3,T9,None,Coletador,Global,Yes,Text to 3D,Optional,Shared geometry family + tier-specific texture/details,None,None,Optional,300,1000,0.45,0.0,512x512,BaseColor; Normal; Metallic; Roughness; AO; Emission optional,1,0.45,Base center,Simple box or none,FBX,Assets/_Game/Art/Resources/T9/Hide,Assets/_Game/Prefabs/Resources/PF_hide_raw_t09.prefab,resource_hide,Tier 9 material palette,1,Planned,Reads as folded hide at 64 px render; single compact silhouette; no background or pedestal,,ART_REF_001 + Visual Bible v1.0
resource_hide_refined_t08_001,Couro Celestial,Celestial Leather,3D Model,Resource,Leather,Economy,Inventory/crafting material representation,Post-MVP,P3,T8,None,Costureiro,Global,Yes,Text to 3D,Optional,Shared geometry family + tier-specific texture/details,None,None,Optional,300,1000,0.45,0.0,512x512,BaseColor; Normal; Metallic; Roughness; AO; Emission optional,1,0.45,Base center,Simple box or none,FBX,Assets/_Game/Art/Resources/T8/Leather,Assets/_Game/Prefabs/Resources/PF_hide_refined_t08.prefab,resource_leather,Tier 8 material palette,1,Planned,Reads as treated leather stack at 64 px render; single compact silhouette; no background or pedestal,,ART_REF_001 + Visual Bible v1.0
resource_hide_refined_t09_001,Couro da Criação,Creation Leather,3D Model,Resource,Leather,Economy,Inventory/crafting material representation,Post-MVP,P3,T9,None,Costureiro,Global,Yes,Text to 3D,Optional,Shared geometry family + tier-specific texture/details,None,None,Optional,300,1000,0.45,0.0,512x512,BaseColor; Normal; Metallic; Roughness; AO; Emission optional,1,0.45,Base center,Simple box or none,FBX,Assets/_Game/Art/Resources/T9/Leather,Assets/_Game/Prefabs/Resources/PF_hide_refined_t09.prefab,resource_leather,Tier 9 material palette,1,Planned,Reads as treated leather stack at 64 px render; single compact silhouette; no background or pedestal,,ART_REF_001 + Visual Bible v1.0
resource_metal_raw_t08_001,Minério de Etério,Etherium Ore,3D Model,Resource,Metal Ore,Economy,Inventory/crafting material representation,Post-MVP,P3,T8,None,Coletador,Global,Yes,Text to 3D,Optional,Shared geometry family + tier-specific texture/details,None,None,Optional,300,1000,0.45,0.0,512x512,BaseColor; Normal; Metallic; Roughness; AO; Emission optional,1,0.45,Base center,Simple box or none,FBX,Assets/_Game/Art/Resources/T8/MetalOre,Assets/_Game/Prefabs/Resources/PF_metal_raw_t08.prefab,resource_metal_ore,Tier 8 material palette,1,Planned,Reads as raw ore pile at 64 px render; single compact silhouette; no background or pedestal,,ART_REF_001 + Visual Bible v1.0
resource_metal_raw_t09_001,Minério Primordial,Primordial Ore,3D Model,Resource,Metal Ore,Economy,Inventory/crafting material representation,Post-MVP,P3,T9,None,Coletador,Global,Yes,Text to 3D,Optional,Shared geometry family + tier-specific texture/details,None,None,Optional,300,1000,0.45,0.0,512x512,BaseColor; Normal; Metallic; Roughness; AO; Emission optional,1,0.45,Base center,Simple box or none,FBX,Assets/_Game/Art/Resources/T9/MetalOre,Assets/_Game/Prefabs/Resources/PF_metal_raw_t09.prefab,resource_metal_ore,Tier 9 material palette,1,Planned,Reads as raw ore pile at 64 px render; single compact silhouette; no background or pedestal,,ART_REF_001 + Visual Bible v1.0
resource_metal_refined_t08_001,Lingote de Etério,Etherium Ingot,3D Model,Resource,Metal Ingot,Economy,Inventory/crafting material representation,Post-MVP,P3,T8,None,Ferreiro,Global,Yes,Text to 3D,Optional,Shared geometry family + tier-specific texture/details,None,None,Optional,300,1000,0.45,0.0,512x512,BaseColor; Normal; Metallic; Roughness; AO; Emission optional,1,0.45,Base center,Simple box or none,FBX,Assets/_Game/Art/Resources/T8/MetalIngot,Assets/_Game/Prefabs/Resources/PF_metal_refined_t08.prefab,resource_metal_ingot,Tier 8 material palette,1,Planned,Reads as ingot stack at 64 px render; single compact silhouette; no background or pedestal,,ART_REF_001 + Visual Bible v1.0
resource_metal_refined_t09_001,Lingote Primordial,Primordial Ingot,3D Model,Resource,Metal Ingot,Economy,Inventory/crafting material representation,Post-MVP,P3,T9,None,Ferreiro,Global,Yes,Text to 3D,Optional,Shared geometry family + tier-specific texture/details,None,None,Optional,300,1000,0.45,0.0,512x512,BaseColor; Normal; Metallic; Roughness; AO; Emission optional,1,0.45,Base center,Simple box or none,FBX,Assets/_Game/Art/Resources/T9/MetalIngot,Assets/_Game/Prefabs/Resources/PF_metal_refined_t09.prefab,resource_metal_ingot,Tier 9 material palette,1,Planned,Reads as ingot stack at 64 px render; single compact silhouette; no background or pedestal,,ART_REF_001 + Visual Bible v1.0
